10th Street Park	OR	1
11th Street Park	OR	1
13th Avenue City Park	OR	1
19th Avenue City Park	OR	1
32nd Street Community Sports Park	OR	1
4-O Ranch State Wildlife Area	WA	1
4H Camp	OR	1
52 & Willamette City Park	OR	1
53rd Avenue Community Park	OR	1
5th Street Park	OR	1
6 Mile Campsite	WA	1
6th & Gladys Park	CA	1
6th Street Tenmile Lake Boat Ramp	OR	1
7th Street Park	OR	1
8th Street Tenmile Lake Boat Ramp	OR	1
9th Street Park	OR	1
A J Bolon Historic Monument	WA	1
A M Kennedy Park	OR	1
A Street Intramural Field	CA	1
A Street Park	CA	1
ABC Camp Rustic Campsite	CA	1
AT&T Park	CA	1
Aarons Lake	OR	2
Abalone Campground	CA	1
Abalone Cove	CA	2
Abalone Cove Ecological Reserve	CA	1
Abalone Cove State Marine Conservation Area	CA	1
Abalone Point	CA	2
Abbe Park	CA	1
Abbey Island	WA	2
Abbot Butte	OR	2
Abbot Lake	OR	2
Abbott	CA	0
Abbott Butte	OR	2
Abbott Creek Research Natural Area	OR	1
Abbott Lake	CA	2
Abbott Lakes	CA	2
Abbotts Lagoon	CA	2
Abbotts Peak	CA	2
Abel Canyon Campground	CA	1
Abels Point	WA	2
Abercrombie Mountain	WA	2
Aberdeen	CA	0
Aberdeen	WA	0
Aberdeen Gardens	WA	0
Aberdeen Junction	WA	0
Abernathy Creek State Wildlife Area	WA	1
Abernathy Fish Technology Center	WA	1
Abernathy Lake	WA	2
Abernathy Mountain	WA	2
Abernathy Peak	WA	2
Abernathy Point	WA	2
Abernathy Truck Trail	WA	1
Abernethy Creek City Park	OR	1
Abernethy Island	OR	2
Abernethy Lake	OR	2
Abert Rim	OR	2
Abert Rim Historical Marker	OR	1
Abert Rim Viewpoint	OR	1
Abes Mountain	OR	2
Abiel Lake	WA	2
Abiel Peak	WA	2
Abilene	CA	0
Abiqua Creek Park	OR	1
Abiqua Lake	OR	2
Abney Butte	CA	2
Abolitos Park	CA	1
Abraham Cove	WA	2
Abraham Lincoln Shrine	CA	1
Abrams Lake	CA	2
Abrams Lake Mobile Estates	CA	0
Abrams Park	WA	1
Acacia Park	CA	1
Acalanes Ridge	CA	0
Acampo	CA	0
Ace Pond	OR	2
Ace Williams Mountain	OR	2
Acebedo	CA	0
Acker Divide Trail	OR	1
Acker Island	CA	2
Acker Lake	WA	2
Acker Peak	CA	2
Ackerley Lake	OR	2
Ackerman Campground	CA	1
Ackerman Island	WA	2
Ackerson Mountain	CA	2
Acme	OR	0
Acme	WA	0
Acolita	CA	0
Acorn	CA	0
Acorn Acres Park	CA	1
Acorn City Park	OR	1
Acorn Meadows Mobile Home Park	WA	0
Acorn Recreation Area	CA	1
Acorn Woman Lakes	OR	2
Acorn Woman Mountain	OR	2
Acorn Woman Peak	OR	2
Acrodectes Peak	CA	2
Actis	CA	0
Active Cove	WA	2
Acton	CA	0
Acton Butte	OR	2
Acton Camp	CA	1
Acty Cow Camp	OR	1
Acty Mountain	OR	2
Acuna Park	CA	1
Ada County Park	OR	1
Ada Givens Park	CA	1
Ada Harris Park	CA	1
Adair County Park	OR	1
Adair Lake	CA	2
Adair Point	OR	2
Adair Village	OR	0
Adam Park	CA	1
Adam Rogers Park	CA	1
Adams	CA	0
Adams	OR	0
Adams Acres Park	OR	1
Adams Avenue Park	CA	1
Adams Butte	OR	2
Adams Camp	CA	1
Adams City Park	OR	1
Adams Cove	CA	2
Adams Field	CA	1
Adams Fork Campground	WA	1
Adams Hill	CA	2
Adams Lake	CA	2
Adams Lake	OR	2
Adams Lake	WA	2
Adams Mountain	OR	2
Adams Mountain	WA	2
Adams Neck	CA	2
Adams Park	CA	1
Adams Peak	CA	2
Adams Point	CA	2
Adams Point	WA	2
Adams Station	CA	0
Adams Trail	CA	1
Adamsville State Historic Landmark	CA	1
Adco	WA	0
Addy	WA	0
Addy Mountain	WA	2
Adel	OR	0
Adela	CA	0
Adelaida	CA	0
Adelaide	WA	0
Adelaide Lake	WA	2
Adelanto	CA	0
Adelanto Park	CA	1
Adell Butte	OR	2
Adelma Beach	WA	0
Aders Sump	OR	2
Adin	CA	0
Adin Summit Pond	CA	2
Adin-Lookout	CA	0
Adkins	WA	0
Adkins Mountain	CA	2
Adlena Park	CA	1
Admiral Kidd Park	CA	1
Admiral William Standley State Recreation Area	CA	1
Admiralty Bay	WA	2
Admiralty Head	WA	2
Admiralty Inlet Natural Area Preserve	WA	1
Admiralty Park	CA	1
Admiration Point	CA	2
Adna	WA	0
Adobe Bluffs Park	CA	1
Adobe Corner	CA	0
Adobe Flat	OR	2
Adobe Hill	CA	2
Adobe Loop Trail	CA	1
Adobe Mountain	CA	2
Adobe Park	CA	1
Adobe Point	CA	2
Adobe Pond	OR	2
Adolfo Park	CA	1
Adolphus Island (historical)	WA	2
Adrian	OR	0
Adrian	WA	0
Ads Lake	WA	2
Advance	CA	0
Aegean Hills Park	CA	1
Aemisegger Hill	OR	2
Aeneas	WA	0
Aeneas Beach	CA	1
Aeneas Lake	WA	2
Aeneas Lookout	WA	2
Aeneas Mountain	WA	2
Aeolian Buttes	CA	2
Aerial Acres	CA	0
Aerial Lake	OR	2
Aerie Crag Campground	CA	1
Aero Island	CA	2
Aero Mobile Court	WA	0
Aetna Springs	CA	0
Africa USA Park	CA	1
Afton	CA	0
Afton Canyon Campground	CA	1
Agate	WA	0
Agate Bay	CA	2
Agate Bay	WA	0
Agate Beach	CA	1
Agate Beach	OR	0
Agate Beach County Park	CA	1
Agate Beach County Park	WA	1
Agate Beach State Park	OR	1
Agate Beach Trail	CA	1
Agate Campground	CA	1
Agate Lake County Park	OR	1
Agate Point	OR	2
Agate Point	WA	0
Agency Hill	OR	2
Agency Lake	OR	2
Agency Mountain	OR	2
Ager	CA	0
Agnes Island	WA	2
Agnes Mountain	WA	2
Agness	OR	0
Agnew	CA	0
Agnew	WA	0
Agnew Lake	CA	2
Agnew Meadows Campground	CA	1
Agnew Meadows Group Campground	CA	1
Agnew Mobile Home Park	WA	0
Agnew Park	CA	1
Agoura	CA	0
Agoura Hills	CA	0
Agoura Hills-Malibu	CA	0
Agoura Park	CA	1
Agra	CA	0
Agren Memorial Park	WA	1
Agricultural Park	CA	1
Agua Blanca Trail	CA	1
Agua Caliente	CA	0
Agua Caliente County Park	CA	1
Agua Caliente Park	CA	1
Agua Caliente Trail	CA	1
Agua Dulce	CA	0
Agua Dulce Campground	CA	1
Agua Escondido Campground	CA	1
Agua Fria	CA	0
Agua Hedionda	CA	2
Agua Tibia Mountain	CA	2
Agua Tibia Wilderness	CA	1
Agua Vista Park	CA	1
Aguanga	CA	0
Aguanga Mountain	CA	2
Aguanga Trail	CA	1
Aguereberry Point	CA	2
Ah-Di-Na Campground	CA	1
Ah-Ha-Kwe-Ah-Mac/Stonewall Mine Cultural Preserve	CA	1
Ahart Camp	CA	1
Ahart Campground	CA	1
Ahart Sheep Camp	CA	1
Ahjumawi Lava Springs State Park	CA	1
Ahle Point	WA	2
Ahlstron Park	CA	1
Ahtanum	WA	0
Ahtanum Meadow Campground	WA	1
Ahtanum State Forest	WA	1
Ahtanum Youth County Park	WA	1
Ahwahnee	CA	0
Ahwahnee Estates	CA	0
Ahwiyah Point	CA	2
Aiken County Park	OR	1
Aikens Creek Campground	CA	1
Aims	OR	0
Ainsworth Blocks	OR	1
Ainsworth Corner	CA	0
Ainsworth Junction	WA	0
Ainsworth State Park	OR	1
Airbase Reserve County Park	OR	1
Airlie	OR	0
Airola Camp	CA	1
Airola Peak	CA	2
Airplane Lake	WA	2
Airport City Park	OR	1
Airport Heights Park	OR	1
Airport Inn Mobile Home Park	WA	0
Airport Lake	WA	2
Airport Park	CA	1
Airport Park	OR	1
Airstrip Pond	CA	2
Airview Lake	WA	2
Airway Heights	WA	0
Airway Mobile Home Park	WA	0
Ajax Field	CA	1
Ajlune	WA	0
Akers Butte	OR	2
Akerson Butte	OR	2
Al Bahr Shrine Camp	CA	1
Al Borlin Park	WA	1
Al Caffodio Park	CA	1
Al Griffin Memorial Park	OR	1
Al Raught Park	WA	1
Al's Mobile Home Park	WA	0
Alabama Hill	CA	0
Alabama Hills	CA	0
Alabama Hills Recreation Area	CA	1
Aladdin	WA	0
Aladdin Mountain	WA	2
Alamar Hill	CA	2
Alamar Hill Trail	CA	1
Alamar Trail	CA	1
Alambique Trail	CA	1
Alameda	CA	0
Alameda County Fairgrounds	CA	1
Alameda Creek Quarries Regional Park	CA	1
Alameda Island	CA	2
Alameda Lake	OR	2
Alameda Park	CA	1
Alameda Plaza	CA	1
Alamine Peak	CA	2
Alamitos Bay	CA	2
Alamitos Bay Beach	CA	1
Alamitos Bay State Park	CA	1
Alamitos Peninsula	CA	2
Alamo	CA	0
Alamo Camp	CA	1
Alamo Creek Park	CA	1
Alamo Mountain	CA	2
Alamo Oaks	CA	0
Alamo Square	CA	1
Alamo Square Historic District	CA	1
Alamorio	CA	0
Alamos Anchorage	CA	2
Alamosa Park	CA	1
Alan B Berg City Park	OR	1
Alan Peak	CA	2
Alan Peak Trail	CA	1
Alan Sieroty Beach	CA	1
Alaska Lake	WA	2
Alaska Mountain	WA	2
Alaska Peak	CA	2
Alba	CA	0
Albany	CA	0
Albany	OR	0
Albany Bulb	CA	1
Albany Cougar Athletic Field	CA	1
Albany Hill	CA	2
Albany Hill Park	CA	1
Albany Park	CA	1
Albee Creek Campground	CA	1
Alberhill	CA	0
Albert Anchorage	CA	2
Albert Camp	WA	1
Albert Camp Trail	WA	1
Albert Field	CA	1
Albert H Powers Memorial State Park	OR	1
Albert Kelly City Park	OR	1
Albert Lake	CA	2
Albert Lake	OR	2
Albert Philippi Park	OR	1
Alberta City Park	OR	1
Albertson Park	CA	1
Albian Hill	WA	2
Albion	CA	0
Albion	WA	0
Albion Head	CA	2
Albright Lake	WA	2
Alcalde Hills	CA	2
Alcatraz Island	CA	2
Alco Trail	OR	1
Alden Historical Marker	CA	1
Alden Lake	WA	2
Alden Park	CA	1
Alden Point	WA	2
Alder	OR	0
Alder	WA	0
Alder Bluff	WA	2
Alder Campground	WA	1
Alder Creek	CA	0
Alder Creek	OR	0
Alder Creek Camp	CA	1
Alder Creek Camp Ground	CA	1
Alder Creek Campground	CA	1
Alder Creek Horse Camp	WA	1
Alder Creek Trail	CA	1
Alder Forestry Conservation Camp	CA	1
Alder Glen Campground	OR	1
Alder Grove	WA	0
Alder Grove Mobile Home Park	WA	0
Alder Hill	CA	2
Alder Lake	OR	2
Alder Lake Camp	OR	1
Alder Lake Campground	WA	1
Alder Mountain	OR	2
Alder Park	CA	1
Alder Peak	CA	2
Alder Pond	WA	2
Alder Rustic Campsite	CA	1
Alder Springs	CA	0
Alder Swamp	OR	2
Alder Thicket Campground	WA	1
Alder Trail Camp	CA	1
Aldercroft Heights	CA	0
Alderdale	WA	0
Alderdale Treaty Fishing Access Site	WA	1
Alderglen Springs	CA	0
Alderman Butte	OR	2
Alderman Lake	WA	2
Alderman Park	OR	1
Alderpoint	CA	0
Alderton	WA	0
Aldervale	OR	0
Alderwood	WA	0
Alderwood Manor	WA	0
Alderwood Park	CA	1
Alderwood State Park	OR	1
Aldred Hill	WA	2
Aldrich Butte	WA	2
Aldrich City Park	OR	1
Aldrich Lake	WA	2
Aldrich Mountain	OR	2
Aldrich Park	CA	1
Aldrich Park	OR	1
Aldrich Point	OR	2
Aldrich Point Boat Ramp	OR	1
Alec Butte	OR	2
Aleck Bay	WA	2
Aleck Rocks	WA	2
Alecs Butte	OR	2
Alegria Island	WA	2
Alejandro Campground	CA	1
Alessandro	CA	0
Alessandro Island	CA	2
Alessandro Trail	CA	1
Alevalos Park	CA	1
Alexander Beach	WA	0
Alexander Island	WA	2
Alexander Lake	WA	2
Alexander Park	CA	1
Alexander Park	WA	1
Alexander Peak	CA	2
Alexander Trail	WA	1
Alfalfa	OR	0
Alfalfa	WA	0
Alford Place	CA	0
Alford Pond	OR	2
Alforja Lake	OR	2
Alfred A Loeb State Park	OR	1
Alger	WA	0
Alger Lake	OR	2
Alger Truck Trail	WA	1
Algerine	CA	0
Algin Sutton Recreation Center	CA	1
Algodones Dunes	CA	2
Algoma	OR	0
Algoma Incline	OR	2
Algona	WA	0
Algoso	CA	0
Alhambra	CA	0
Alhambra Park	CA	1
Alice Bight	WA	2
Alice Eastwood Trail	CA	1
Alice Keck Memorial Park	CA	1
Alice Lake	OR	2
Alice Lakes	WA	2
Alice Mae Mountain	WA	2
Alice Threfts Park	CA	1
Alicel	OR	0
Alicia Park	CA	1
Alico	CA	0
Aliklik Campgroun	CA	1
Alimur Park Mobile Home Park	CA	0
Aliso	CA	0
Aliso Beach	CA	1
Aliso Beach County Park	CA	1
Aliso Campground	CA	1
Aliso Canyon Park	CA	1
Aliso Park	CA	1
Aliso Point	CA	2
Aliso Viejo	CA	0
Alito Park	CA	1
Alizondo Drive Park	CA	1
Alkali Butte	OR	2
Alkali Buttes	OR	2
Alkali Camp	OR	1
Alkali Flat Central Historic District	CA	1
Alkali Flat North Historic District	CA	1
Alkali Flat West Historic District	CA	1
Alkali Lake	CA	2
Alkali Lake	OR	2
Alkali Lake	WA	2
Alkali Park	OR	1
Alkali Playground	CA	1
Alkali Pond	WA	2
Alkali Sink Ecological Reserve	CA	1
Alki Beach	WA	1
Alki Crest	WA	2
Alki Point	WA	2
All Nations Camp	CA	1
All Seasons Recreational Vehicle Park and Campground	CA	1
All Top	CA	2
Allan Island	WA	2
Allan Yorke City Park	WA	1
Allegany	OR	0
Alleghany	CA	0
Allen	CA	0
Allen	WA	0
Allen Butte	CA	2
Allen Camp	CA	1
Allen Creek Horse Camp	OR	1
Allen J Martin Park	CA	1
Allen Lake	WA	2
Allen Lew Memorial Grove	CA	1
Allen Mountain	WA	2
Allen Mountain Trail	WA	1
Allen Park	CA	1
Allen Peak	CA	2
Allen Point	WA	2
Allen Pool	OR	2
Allenbach Acres Park	OR	1
Allendale	CA	0
Allendale Park	CA	1
Allendale Recreation Center	CA	1
Allens Bay	WA	2
Allens Bay Trail	WA	1
Allens Trail	CA	1
Allensworth	CA	0
Allentown	WA	0
Allenwood Hill	CA	2
Alley Camp	CA	1
Alliance	CA	0
Alliance Redwood	CA	0
Allie Cove	CA	2
Allie Cove Campground	CA	1
Allied Gardens Community Park	CA	1
Allied Gardens Recreation Center	CA	1
Alligator	CA	2
Alligator Lake	OR	2
Alligator Rock	CA	2
Alligator Slough (historical)	CA	2
Allison	WA	0
Allison Trail	CA	1
Allyn	WA	0
Allyn-Grapeview	WA	0
Allyne Park	CA	1
Allynview Mobile Park	WA	0
Alma	OR	0
Alma Myra Park	OR	1
Alma Park	CA	1
Alma Park	WA	1
Almaden Lake Park	CA	1
Almaden Meadows	CA	1
Almaden Quicksilver County Park	CA	1
Almaden Reservoir County Park	CA	1
Almaden Winery Park	CA	1
Almanor	CA	0
Almanor Campground	CA	1
Almanor Peninsula	CA	2
Almansor Park	CA	1
Almar Plaza	CA	1
Almeda County Park	OR	1
Almendra Park	CA	1
Almira	WA	0
Almond	CA	0
Almond Mountain	CA	2
Almond Park	CA	1
Almondridge Park	CA	1
Almonte	CA	0
Almota	WA	0
Alms Campground	CA	1
Aloha	OR	0
Aloha	WA	0
Alohawood Park	OR	1
Alona Park	CA	1
Alondra Park	CA	0
Aloysia Moore Park	CA	1
Alpaugh	CA	0
Alpha	OR	0
Alpha	WA	0
Alphine Campground	WA	1
Alpine	CA	0
Alpine	OR	0
Alpine	WA	0
Alpine Baldy	WA	2
Alpine Butte	CA	2
Alpine Butte	WA	2
Alpine Camp	WA	1
Alpine Campground	CA	1
Alpine Estates Mobile Home Park	WA	0
Alpine Heights	CA	0
Alpine Lake	CA	2
Alpine Lake	OR	2
Alpine Lakes Wilderness	WA	1
Alpine Meadow Campground	CA	1
Alpine Meadows	CA	0
Alpine Meadows Campground	WA	1
Alpine Meadows Mobile Home Park	WA	0
Alpine Mobile Home Park	WA	0
Alpine Mobile Manor	WA	0
Alpine Park	CA	1
Alpine Park	OR	1
Alpine Ski Trail	OR	1
Alpine Trail	OR	1
Alpine View Campground	CA	1
Alpine Village	CA	0
Alpowa	WA	0
Alray	CA	0
Alsace Lake	CA	2
Alsea	OR	0
Alsea Bay	OR	2
Alsea Bay - North Bridgehead Wayside (historical)	OR	1
Alsea Falls Recreation Site	OR	1
Alsea River Estuary	OR	2
Alsea Rivera	OR	0
Alston	OR	0
Alston Park	CA	1
Alstot Lake	CA	2
Alstown	WA	0
Alsup Mountain	OR	2
Alta	CA	0
Alta Campground (historical)	OR	1
Alta Hill	CA	0
Alta Laguna Park	CA	1
Alta Lake	WA	2
Alta Lake State Park	WA	1
Alta Lake Trail	OR	1
Alta Loma Park	CA	1
Alta Morris Lake	CA	2
Alta Mountain	WA	2
Alta Murrieta Sports Park	CA	1
Alta Park	CA	1
Alta Peak	CA	2
Alta Plaza	CA	1
Alta Sierra	CA	0
Alta Sierra Estates	CA	0
Alta Sierra Ranches	CA	0
Alta Vista	CA	0
Alta Vista	WA	0
Alta Vista Park	CA	0
Altacanyada	CA	0
Altadena	CA	0
Altair Campgrounds	WA	1
Altamont	CA	0
Altamont	OR	0
Altamont Park	OR	1
Altaville	CA	0
Altaville State Historic Landmark	CA	1
Alten	CA	0
Altha Lake	CA	2
Althouse Mountain	OR	2
Althouse Trail	OR	1
Alto	CA	0
Alto	WA	0
Alto Bowl Preserve	CA	1
Alton Baker City Park	OR	1
Alton Baker/Eastgate Woodlands	OR	1
Alton Bakers	OR	1
Alton Hill	OR	2
Altoona	WA	0
Altoona Hill	WA	2
Altoona State Wildlife Area	WA	1
Alturas	CA	0
Alturas Lake	WA	2
Alum Rock	CA	2
Alum Rock Park	CA	1
Alumni Park	CA	1
Alva Park	OR	1
Alvadore	OR	0
Alvarado Park	CA	1
Alvarado Terrace Historic District	CA	1
Alvarez Park	CA	1
Alvirez Field	CA	1
Alviso Park	CA	1
Alvord Lake	OR	2
Alvord Peak	CA	2
Alvord Peak	OR	2
Alyce Gereaux Park	CA	1
Amabilis Mountain	WA	2
Amacher County Park	OR	1
Amador City	CA	0
Amador County Fairgrounds	CA	1
Amador Park	CA	1
Amador Valley Park	CA	1
Amanda Park	WA	0
Amanda's Statue	OR	1
Amanda's Trail	OR	1
Amargosa Canyon Natural Area ACEC	CA	1
Amarillo Beach	CA	1
Amazon Ball Fields	OR	1
Amazon City Park	OR	1
Ambassador Park	CA	1
Amber	WA	0
Amber Lake	WA	2
Ambercot Park	CA	1
Amberwood Mobile Home Park	CA	0
Ambition Lake	CA	2
Ambler Park	CA	0
Amboy	CA	0
Amboy	WA	0
Amboy Park	WA	1
Ambrose	CA	0
Ambrose Hill	OR	2
Ambrose Park	CA	1
Ambrose Recreation Center	CA	1
Amel Lake	CA	2
Amelia Butte	CA	2
Amelia Butte	OR	2
Amelia Earhart Peak	CA	2
Amelia Mayberry Park	CA	1
American Border Peak	WA	2
American Butte	WA	2
American Camp	WA	1
American Camp Lookout	CA	1
American Camp Station	CA	1
American Canyon	CA	0
American Canyon Campground	CA	1
American Eagle Trail	CA	1
American Forks Campground	WA	1
American Hill	CA	2
American Lake	CA	2
American Lake	WA	2
American Lake Garden Tract	WA	0
American Lake North County Park	WA	1
American Lake South County Park	WA	1
American Lakes School Park	CA	1
American Legion Memorial Park	WA	1
American Legion Park	CA	1
American Ranch Hill	CA	2
American Ridge Trail	WA	1
American River	WA	0
American River Parkway	CA	1
American River Trail	CA	1
Americana Mobile Home Park	WA	0
Americas Cup Harbor	CA	2
Amerige Park	CA	1
Ames Lake	WA	0
Ames Lake Pothole	WA	2
Ames Research Center	CA	1
Amesti	CA	0
Amine Peak	OR	2
Amity	OR	0
Ammunition Point	OR	2
Amos	CA	0
Amos Lake	OR	2
Amota Butte	OR	2
Ampere	CA	0
Amphitheater Lake	CA	2
Amphitheater Mountain	WA	2
Amphitheater Point	CA	2
Amsterdam	CA	0
Amsterdam Bay	WA	2
Amy Lake	WA	2
Ana Reservoir County Park	OR	1
Anaco Beach	WA	1
Anaconda Park	CA	1
Anacortes	WA	0
Anacortes Crossing	WA	0
Anaheim	CA	0
Anaheim Bay	CA	2
Anaheim-Santa Ana-Garden Grove	CA	0
Ananias Camp	CA	1
Anatone	WA	0
Anatone Butte	WA	2
Anchor Bay	CA	0
Anchor Street Park	CA	1
Ancient Lake	WA	2
Ancil Hoffman Park	CA	1
Anderson	CA	0
Anderson Bluffs	OR	2
Anderson Butte	OR	2
Anderson Butte	WA	2
Anderson Camp	OR	1
Anderson Cliff	CA	2
Anderson County Park	OR	1
Anderson Cove	WA	2
Anderson Field	CA	1
Anderson Flats Trail	CA	1
Anderson Homestead State Wildlife Area	WA	1
Anderson Island	CA	2
Anderson Island	WA	2
Anderson Island Natural Preserve	CA	1
Anderson Lake	OR	2
Anderson Lake	WA	2
Anderson Lake County Park	CA	1
Anderson Lake State Park	WA	1
Anderson Lakes	WA	2
Anderson Marsh	CA	2
Anderson Marsh Natural Preserve	CA	1
Anderson Marsh State Historic Park	CA	1
Anderson Memorial Playground	CA	1
Anderson Mountain	CA	2
Anderson Mountain	OR	2
Anderson Mountain	WA	2
Anderson Mountain Trail	OR	1
Anderson Park	CA	1
Anderson Park	OR	1
Anderson Park	WA	1
Anderson Peak	CA	2
Anderson Point	CA	2
Anderson Point	OR	2
Anderson Point	WA	2
Anderson Recreation Center	CA	1
Anderson Ridge Trail	OR	1
Anderson River Park	CA	1
Anderson Trail	WA	1
Anderson Truck Trail	CA	1
Andersonia	CA	0
Andesite	CA	0
Andesite Peak	CA	2
Andover	CA	0
Andrade Corner	CA	0
Andreas Pico Adobe Park	CA	1
Andree Clark Bird Refuge	CA	1
Andrew Lake	WA	2
Andrew Molera State Park	CA	1
Andrew Peak	WA	2
Andrew Spinas Park	CA	1
Andrew Wiley Park	OR	1
Andrews	OR	0
Andrews Bay	WA	2
Andrews Camp	CA	1
Andrews Creek Campground	WA	1
Andrews Lake	CA	2
Andrews Mountain	CA	2
Andrews Park	CA	1
Andrews Peak	CA	2
Andron	WA	0
Andrus Island	CA	2
Andulka Park	CA	1
Andy Albiani Park	CA	1
Andy Jacobsen Park	CA	1
Andy Lake	OR	2
Aneroid Lake	OR	2
Aneroid Mountain	OR	2
Angel Butte	WA	2
Angel Camp	OR	1
Angel Island	CA	2
Angel Island State Park	CA	1
Angel Lake	CA	2
Angel Lake	WA	2
Angel Meadow Trail	CA	1
Angel Mountain	CA	2
Angel Pass Trail	WA	1
Angel Peak	OR	2
Angel Point	OR	2
Angel Stadium of Anaheim	CA	1
Angeles Point	WA	2
Angelina Spring Cultural Preserve	CA	1
Angeline Lake	WA	2
Angell Butte	OR	2
Angell Field	CA	1
Angell Peak	OR	2
Angella Park (historical)	OR	1
Angelo Coast Range Reserve	CA	1
Angels Camp	CA	0
Angels Community Park	CA	1
Angels Gate Park	CA	1
Angels Rest	OR	2
Angelus Hill	CA	2
Angelus Oaks	CA	0
Angie Potholes	OR	2
Angiola	CA	0
Angle Lake	WA	2
Angle Lake Mobile Home Park	WA	0
Angle Peak	WA	2
Anglin	WA	0
Angora Mountain	CA	2
Angora Peak	CA	2
Angora Peak	OR	2
Angry Mountain	WA	2
Angry Mountain Trail	WA	1
Angus McDonald Park	WA	1
Angwin	CA	0
Animal Park	CA	1
Anisqovo Park	CA	1
Anita	CA	0
Ankeny	WA	0
Ankeny National Wildlife Refuge	OR	1
Ankeny Plaza	OR	1
Anlauf	OR	0
Ann Butte	OR	2
Ann Lake	WA	2
Ann-Toni Schreiber Park	OR	1
Anna Drain County Park	OR	1
Anna Lake	CA	2
Annadel State Park	CA	1
Annapolis	CA	0
Annapolis	WA	0
Annas Bay	WA	2
Anne Lake	CA	2
Annette	CA	0
Annette Lake	WA	2
Annette Lake Trail	WA	1
Annex	OR	0
Annie McCloud Campground	CA	1
Anns Butte	OR	2
Ano Nuevo Trail	CA	1
Anona Lake	CA	2
Ansaldo Lake	WA	2
Ansel	CA	0
Ansel Adams Wilderness	CA	1
Ansel Lake	CA	2
Anson Wright Memorial Park	OR	1
Ant Campsite	CA	1
Ant Hill	CA	2
Ant Hill	OR	2
Ant Mountain	WA	2
Ant Point	CA	2
Ant Rustic Campsite	CA	1
Antelope	CA	0
Antelope	OR	0
Antelope Acres	CA	0
Antelope Butte	OR	2
Antelope Buttes	CA	2
Antelope Center	CA	0
Antelope Community Park	CA	1
Antelope Cow Camp	OR	1
Antelope Creek Lakes	CA	2
Antelope Creek Park	CA	1
Antelope Lake	CA	2
Antelope Lake	OR	2
Antelope Mountain	CA	2
Antelope Mountain	OR	2
Antelope Peak	CA	2
Antelope Peak	OR	2
Antelope Plains	CA	2
Antelope Reservoir Day-Use Area	OR	1
Antelope Reservoir Recreation Site	OR	1
Antelope Valley California Poppy State Natural Reserve	CA	1
Antelope Valley Fairgrounds	CA	1
Antelope Valley Indian Museum State Historic Park	CA	1
Antelope Waterhole	OR	2
Antes	CA	0
Anthony Butte	OR	2
Anthony Lake	OR	2
Anthony Lake Campground	OR	1
Anthony Lakes	OR	2
Anthony Milne Camp	CA	1
Anthony Peak	CA	2
Anthonys Mobile Home Court	WA	0
Antilon Lake Campground	WA	1
Antimony Peak	CA	2
Antioch	CA	0
Antioch City Park	CA	1
Antioch Community Park	CA	1
Antioch Dunes National Wildlife Refuge	CA	1
Antioch Point	CA	2
Antioch-Pittsburg	CA	0
Antler Peak	WA	2
Antler Point	OR	2
Antler Spring Trail	OR	1
Antlers	CA	0
Antlers Campground	CA	1
Antoine Peak	WA	2
Antoine Plante Ferry Site Park	WA	1
Antoine Trail	WA	1
Anton Hill	WA	2
Antone Butte	OR	2
Antone Lake	CA	2
Antone Meadows Natural Preserve	CA	1
Antonio	CA	0
Antonio Mountain	CA	2
Antsell Rock	CA	2
Anunde Island	OR	2
Anvil Camp	CA	1
Anvil Lake	OR	2
Anvil Mountain	OR	2
Anza	CA	0
Anza Expedition Historical Marker	CA	1
Anza Lagoon	CA	2
Anza Narrows Park	CA	1
Anza Trail	CA	1
Anza-Borrego Desert State Park	CA	1
Anza-Borrego Desert State Wilderness	CA	1
Anzar Lake	CA	2
Apache Peak	CA	2
Aperture Peak	CA	2
Apex	CA	0
Apex Lake	WA	2
Apex Mountain	WA	2
Apiary	OR	0
Apollo	CA	0
Apollo Community Regional Park	CA	1
Apollo Lake	CA	2
Apollo Park	CA	1
Apollo Ridge Park	OR	1
Apperson Cow Camp	CA	1
Apple Acres Mobile Village	WA	0
Apple Campground	CA	1
Apple Canyon Campground	CA	1
Apple Cove Point	WA	2
Apple Lake	WA	2
Apple Tree Rustic Campsite	CA	1
Apple Valley	CA	0
Apple Valley Estates	CA	0
Apple Valley Highlands	CA	0
Appleby Bay	CA	2
Appleby Park	CA	1
Appledale	WA	0
Applegate	CA	0
Applegate	OR	0
Applegate Butte	OR	2
Applegate County Park	OR	1
Applegate Park	CA	1
Applegate Park Zoo	CA	1
Applegate Peak	OR	2
Applequist Athletic Field	CA	1
Appleton	WA	0
Appletree Campground	CA	1
Appletree Cove	WA	2
Applewhite Campground	CA	1
Appleyard	WA	0
Apricot	WA	0
Aprigold Park	CA	1
April Hill City Park	OR	1
Aptos	CA	0
Aptos Creek Trail	CA	1
Aptos Hills	CA	0
Aptos Hills-Larkin Valley	CA	0
Aptos Playground	CA	1
Aptos Village Park	CA	1
Aqua Dulce Camp	CA	1
Aquatic Cove	CA	2
Aquatic Gardens	OR	2
Aquatic Park	CA	1
Aquatic Park Historic District	CA	1
Aqueduct Jeep Trail	CA	1
Arago	OR	0
Arago County Park Boat Ramp	OR	1
Arakelian Park	CA	1
Arana Marsh	CA	2
Arant Point	OR	2
Arastradero Preserve	CA	1
Arastraville	CA	0
Araz Junction	CA	0
Arbee	CA	0
Arbios	CA	0
Arboga	CA	0
Arbolada	CA	0
Arbolado Park	CA	1
Arbor	CA	0
Arbor Lake	WA	2
Arbor Lodge City Park	OR	1
Arboretum & Botanic Garden	CA	1
Arboretum City Park	OR	1
Arbuckle	CA	0
Arbuckle Camp	CA	1
Arbuckle Flat Campground	CA	1
Arbuckle Mountain	CA	2
Arbuckle Mountain	OR	2
Arbuckle Mountain	WA	2
Arbuthnet Lake	WA	2
Arcade	CA	0
Arcade Creek Nature Area	CA	1
Arcade Creek Park	CA	1
Arcadia	CA	0
Arcadia	OR	0
Arcadia	WA	0
Arcadia Beach	OR	1
Arcadia Beach State Park	OR	1
Arcadia County Park	CA	1
Arcadia High School Recreation Park	CA	1
Arcadia Park	WA	1
Arcadia Point	WA	2
Arcadia Wilderness Park	CA	1
Arcata	CA	0
Arcata Ball Park	CA	1
Arcata Bay	CA	2
Arcata Marsh and Wildlife Sanctuary	CA	1
Arcata Plaza	CA	1
Arcata Sports Complex	CA	1
Arce Park	CA	1
Arceo Park	CA	1
Arch Beach	CA	1
Arch Cape	OR	0
Arch Cove	CA	2
Arch Peak	CA	2
Arch Point	CA	2
Arch Point Loop Trail	CA	1
Arch Rock	OR	2
Arch Rock	WA	2
Archawat Peak	WA	2
Arched Rock Beach	CA	1
Archer	CA	0
Archer Camp	CA	1
Archer Mountain	WA	2
Archer Pond	OR	2
Archie Briggs Canyon Open Space	OR	1
Archurus Park	CA	1
Arcilla	CA	0
Arctic Lake	CA	2
Arden	WA	0
Arden Town	CA	0
Arden-Arcade	CA	0
Ardenia Gale Mobile Home Park	WA	0
Ardenvoir	WA	0
Ardenwald Park	OR	1
Ardenwood Regional Preserve	CA	1
Ardeth Lake	CA	2
Ardetta Park	WA	1
Ardilla Group Camp	CA	1
Ardmore Park	WA	1
Ardmore Recreation Center	CA	1
Arena	CA	0
Arena Cove	CA	2
Arena Cove Historic District	CA	1
Arena Green	CA	1
Arena Rock	CA	2
Arena Rock Marine Natural Preserve	CA	1
Argay City Park	OR	1
Argentine Rock	CA	2
Argo County Park	OR	1
Argonaut Park	CA	1
Argonaut Peak	WA	2
Argonne Playground	CA	1
Argos	CA	0
Argos Mountain	CA	2
Arguello	CA	0
Arguello Park	CA	1
Argus	CA	0
Argus Peak	CA	2
Argus Range Wilderness	CA	1
Argyle	WA	0
Argyle Lagoon	WA	2
Ariel	WA	0
Arizona Beach	OR	1
Arleda Park	OR	1
Arletta	WA	0
Arlight	CA	0
Arlington	OR	0
Arlington	WA	0
Arlington Airport Park	WA	1
Arlington Heights	CA	2
Arlington Heights	WA	0
Arlington Junction	WA	0
Arlington Mountain	CA	2
Arlington Park	CA	1
Arlington Peak	CA	2
Arlington State Park	OR	1
Arlynda Corners	CA	0
Armistead	CA	0
Armitage County Park	OR	1
Armitage Island	WA	2
Armona	CA	0
Armory Park	OR	1
Armstead Memorial	OR	1
Armstrong	CA	0
Armstrong	WA	0
Armstrong Bay	WA	2
Armstrong Flight Research Center	CA	1
Armstrong Hill	CA	2
Armstrong Lake	WA	2
Armstrong Mountain	WA	2
Armstrong Nature Trail	CA	1
Armstrong Park	CA	1
Armstrong Redwoods State Natural Reserve	CA	1
Army Hill	OR	2
Army Point	CA	2
Arnaz Park	CA	1
Arndt Lake	CA	2
Arneill Ranch Park	CA	1
Arneson City Park	OR	1
Arnesons Peak	WA	2
Arnett Park	CA	1
Arney's Dam Mobile Home Park	WA	0
Arnold	CA	0
Arnold City Park	OR	1
Arnold Field	CA	1
Arnold Heights	CA	0
Arnold Mountain	OR	2
Arnold Park	OR	1
Arnold Park	WA	1
Arnold Peak	WA	2
Arnold-West Point	CA	0
Arnot Peak	CA	2
Arock	OR	0
Aromas	CA	0
Aromas Community Park	CA	1
Arovista Park	CA	1
Arrah Wanna Trail	OR	1
Arrastra Butte	OR	2
Arrow Lake	OR	2
Arrow Lake	WA	2
Arrow Peak	CA	2
Arrow Point	CA	2
Arrow Point	WA	2
Arrowbear Lake	CA	0
Arrowhead Butte	OR	2
Arrowhead City Park	OR	1
Arrowhead Equestrian Estates	CA	0
Arrowhead Island	CA	2
Arrowhead Junction	CA	0
Arrowhead Lake	CA	2
Arrowhead Lake	OR	2
Arrowhead Lake	WA	2
Arrowhead Marsh	CA	2
Arrowhead Mountain	CA	2
Arrowhead Mountain	WA	2
Arrowhead Park	CA	1
Arrowhead Peak	CA	2
Arrowhead Point	CA	2
Arrowhead Point	OR	2
Arrowhead Point	WA	2
Arrowwood Point	OR	2
Arroya Park Reserve	WA	1
Arroyo Agua Caliente Park	CA	1
Arroyo Avichi Park	CA	1
Arroyo Burro Beach County Park	CA	1
Arroyo Burro Trail	CA	1
Arroyo Conejo Open Space	CA	1
Arroyo De Los Frijoles Beach	CA	1
Arroyo Fairways Mobile Home Club	CA	0
Arroyo Grande	CA	0
Arroyo Heights	WA	0
Arroyo Mobile Home Park	CA	0
Arroyo Park	CA	1
Arroyo Seco Park	CA	1
Arroyo Seco Trail	CA	1
Arroyo Stow Park	CA	1
Arroyo Swim Center	CA	1
Arroyo Verde Park	CA	1
Arroyo Viejo Recreation Center	CA	1
Arroyo Vista Community Park	CA	1
Arroz	CA	0
Art Lake	WA	2
Art Weisburg Park	CA	1
Artesia	CA	0
Artesia Park	CA	1
Artesian	WA	0
Artesian Lake	WA	2
Artesian Spring Campgrounds	CA	1
Arthur B. Ripley Desert Woodland State Park	CA	1
Arthur Creek Camp	OR	1
Arthur Ferrini Park	CA	1
Arthur Gerdes Park	CA	1
Arthur Johnson Park	WA	1
Arthur Lake	CA	2
Arthur Peak	WA	2
Arthur W Way County Memorial Park	CA	1
Artic	WA	0
Artillery Hill	CA	2
Artist Point	CA	2
Artists Palette	CA	2
Artois	CA	0
Artondale	WA	0
Arts Knoll	WA	2
Arts Peak	CA	2
Arturo Trail	CA	1
Arundell Linear Park	CA	1
Arundell Peak	CA	2
Arvin	CA	0
Arvin Little League Field	CA	1
Arvin-Lamont	CA	0
Arzina	WA	0
Asa Lake	CA	2
Asbahr Lake	OR	2
Asbestos Mountain	CA	2
Ascension Mountain	CA	2
Aschoff Buttes	OR	2
Aschoff Buttes Trail	OR	1
Asco	CA	0
Ascot City Park	OR	1
Ascot Park	CA	1
Ash	OR	0
Ash	WA	0
Ash Butte	CA	2
Ash Butte	OR	2
Ash Camp	CA	1
Ash Creek Butte	CA	2
Ash Creek Campground	CA	1
Ash Creek Junction	CA	0
Ash Creek State Wildlife Area	CA	1
Ash Creek Wildlife Area	CA	1
Ash Hill	CA	0
Ash Island	OR	2
Ash Peaks	CA	2
Ash Spring Mountain	CA	2
Ash Street Park	CA	1
Ash Swamp	OR	2
Ashbrook Park	OR	1
Ashby	WA	0
Ashby Park	CA	1
Ashes Lake	WA	2
Ashfield Butte	CA	2
Ashford	WA	0
Ashford Junction	CA	0
Ashford Natural Resource Conservation Area	WA	1
Ashford Park	CA	1
Ashford Peak	CA	2
Ashiya Park	CA	1
Ashland	CA	0
Ashland	OR	0
Ashland Dog Park	OR	1
Ashland Lakes	WA	2
Ashland Park	CA	1
Ashland Research Natural Area	OR	1
Ashley Lake	CA	2
Ashley Meadows Park	OR	1
Ashnola Mountain	WA	2
Ashpan Butte	CA	2
Ashrama	CA	0
Ashton Park	CA	1
Ashue	WA	0
Ashurst Lake	CA	2
Ashurst Mountain	CA	2
Ashwood	OR	0
Ashwood Park	CA	1
Asilomar Dunes Natural Preserve	CA	1
Asilomar Park	CA	1
Asilomar State Beach	CA	1
Asotin	WA	0
Asotin State Wildlife Area	WA	1
Aspen Butte	OR	2
Aspen Campground	CA	1
Aspen Campgrounds	CA	1
Aspen City Park	OR	1
Aspen Crest Park	OR	1
Aspen Glen Picnic Area	CA	1
Aspen Group Campgrounds	CA	1
Aspen Grove Campground	CA	1
Aspen Highlands Park	OR	1
Aspen Hollow Campground	CA	1
Aspen Lake	CA	2
Aspen Lake	OR	2
Aspen Lake	WA	2
Aspen Meadow Campground	CA	1
Aspen Park Group Campground	CA	1
Aspen Point Campground Boat Ramp	OR	1
Aspen Springs	CA	0
Aspen Valley	CA	0
Aspend Hill	WA	2
Aspendell	CA	0
Asperin Butte	CA	2
Asperkaha County Campground	OR	1
Associated Oil Camp	CA	1
Associates Park	CA	1
Aster Lake	CA	2
Asti	CA	0
Astoria	OR	0
Astoria Column	OR	1
Asuncion	CA	0
Asylum	CA	0
Atagam Beach	CA	1
Atascadero	CA	0
Atascadero Lake	CA	1
Atascadero Lake Park	CA	1
Atascadero State Beach	CA	1
Atch Pedretti Park	CA	1
Atchison Campground	CA	1
Atchison Village Park	CA	1
Atfalati City Park	OR	1
Athena	OR	0
Athena City Park	OR	1
Athena Memorial Ball Park	OR	1
Athens	CA	0
Athens Downs Park	CA	1
Athens Park	CA	1
Atherns Pond	WA	2
Atherton	CA	0
Atherton Island	CA	2
Atherton Park	CA	1
Atherton Peak	CA	2
Atherwood Park	CA	1
Athlone	CA	0
Athol Plaza	CA	1
Atkins Butte	OR	2
Atkins Hill	WA	2
Atkins Lake	WA	2
Atkinson	WA	0
Atkinson Bluff Trail	CA	1
Atkinson City Park	OR	1
Atkinson Flat Campground	WA	1
Atkinson Park	CA	1
Atkinson Park	OR	1
Atlanta	CA	0
Atlantic Avenue Park	CA	1
Atlantic City Park	WA	1
Atlantic Plaza Park	CA	1
Atlas	CA	0
Atlas Peak	CA	2
Atlasta Mobile Park	WA	0
Atmore Meadows Campground	CA	1
Atolia	CA	0
Atri Park	CA	1
Attalia	WA	0
Atwater	CA	0
Atwater Memorial Ballpark	CA	1
Atwell Hockett Trail	CA	1
Atwell Mill Campground	CA	1
Atwood	CA	0
Atwood	WA	0
Auberry	CA	0
Aubrey L White Park	WA	1
Aubrey Mountain	OR	2
Auburn	CA	0
Auburn	WA	0
Auburn District Regional Park	CA	1
Auburn Green Mobile Home Park	WA	0
Auburn Hills Mobile Estates	CA	0
Auburn Hills Mobile Home Park	WA	0
Auburn Lake Trails	CA	0
Auburn Manor Community Mobile Home Park	WA	0
Auburn Mobile Park	WA	0
Auburn Recreation Park	CA	1
Auburn Rotary Park	WA	1
Auburn State Recreation Area	CA	1
Auckland	CA	0
Audrey	WA	0
Audubon Lake State Wildlife Area	WA	1
Audubon Park	WA	1
Audubon Playground	WA	1
Augspurger Mountain	WA	2
August	CA	0
August Knob	OR	2
August Peak	WA	2
Ault Field	WA	0
Aumsville	OR	0
Aumsville Ponds County Park	OR	1
Aurora	OR	0
Aurora Lake	WA	2
Aurora Park	CA	1
Aurora Park	WA	1
Aurora Peak	WA	2
Aurora Trail	WA	1
Austa Landing County Park	OR	1
Austera Peak	WA	2
Austin	CA	0
Austin	OR	0
Austin	WA	0
Austin Creek State Recreation Area	CA	1
Austin Meadow	OR	2
Austin Park	CA	1
Austin Pass Lake	WA	2
Austin Peak	CA	2
Austin Point	OR	2
Austin Point	WA	2
Autumn Lane Mobile Home Park	WA	0
Autumn Ridge Park	OR	1
Auxiliary Dam Campground	CA	1
Avalanche Camp	WA	1
Avalanche Lake	CA	2
Avalanche Lake	OR	2
Avalanche Lake	WA	2
Avalanche Peak	CA	2
Avalon	CA	0
Avalon Bay	CA	2
Avalon Park	CA	1
Avalon Park (historical)	OR	1
Avals Beach	CA	1
Avellana Mobile Home Park	WA	0
Avena	CA	0
Avenal	CA	0
Avenaloca Mesa	CA	2
Avenue E Trailer Park	CA	0
Avenue S Park	CA	1
Avenue T Park	CA	1
Averill Lake	OR	2
Averill Park	CA	1
Avery	CA	0
Avery City Park	OR	1
Avery Place	CA	0
Avery Recreation Area	WA	1
Avery Treaty Fishing Access Site	WA	1
Averys Pond	CA	2
Aviation Park	CA	1
Aview Mobile Home Park	WA	0
Avila Beach	CA	0
Avila Place	CA	0
Avila Rock	CA	2
Avila State Beach	CA	1
Avinsino Corner	CA	0
Avocado	CA	0
Avocado Heights	CA	0
Avocado Heights Park	CA	1
Avocado Lake	CA	2
Avon	CA	0
Avon	WA	0
Avon Villa Mobile Home Park	WA	0
Avondale	WA	0
Avondale Mobile Home Park	WA	0
Avonelle Lake	CA	2
Awbrey City Park	OR	1
Awbrey Mountain	OR	2
Awbrey Village Park	OR	1
Aweetasal Lake	CA	2
Axehandle Butte	OR	2
Axford	WA	0
Ayala Cove	CA	2
Ayala Park	CA	1
Ayer	WA	0
Ayer Park	CA	1
Ayers Creek Arm	CA	2
Ayers Lake	OR	2
Ayock	WA	0
Ayock Point	WA	2
Ayres Point	WA	2
Azalea	CA	0
Azalea	OR	0
Azalea Campground	CA	1
Azalea City Park	OR	1
Azalea Glen Trail	CA	1
Azalea Lake	CA	2
Azalea Lake	OR	2
Azalea Park	CA	1
Azalea State Natural Reserve	CA	1
Azevada Park	CA	1
Azley Acton Cow Camp	OR	1
Aztec Bowl	CA	1
Aztec Park	CA	1
Azule Park	CA	1
Azure Lake	CA	2
Azure Lake	WA	2
Azure Vista	CA	0
Azurite Lake	WA	2
Azurite Peak	WA	2
Azusa	CA	0
Azusa City Park	CA	1
Azwell	WA	0
Año Nuevo Bay	CA	2
Año Nuevo Coast Natural Preserve	CA	1
Año Nuevo Island	CA	2
Año Nuevo State Park	CA	1
B Hill	CA	2
B Park	CA	1
B R Alden Historical Marker	CA	1
B T Collins Park	CA	1
B Z Corner	WA	0
BJ Lake	WA	2
BLM Field Camp	OR	1
BSA Camp Timberwolf	CA	1
BVD Trail	OR	1
Baada Point	WA	2
Baadah Village (historical)	WA	0
Babb	WA	0
Babbit Peak Research Natural Area	CA	1
Babbitt Peak	CA	2
Babbitz Lake	WA	2
Babcock	WA	0
Babcock Lake	CA	2
Babcock Park	CA	1
Babcock Peak	CA	2
Babcock Ridge Lake	WA	2
Babe Lake	OR	2
Babe Nicklous Pool Park	OR	1
Babe Park	CA	1
Babe Ruth Ballpark	CA	1
Babe Ruth Field	CA	1
Baber Butte	OR	2
Babs Lake	CA	2
Baby Island	WA	2
Baby Island Heights	WA	0
Baby Lake	CA	2
Baby Lake	WA	2
Baby Peak	CA	2
Babyfoot Lake	OR	2
Babyfoot Lake Area	OR	1
Baca Lake	OR	2
Baccileri Park	CA	1
Bachelor Butte	OR	2
Bachelor Island	WA	2
Bachelor Island Slough	WA	2
Bachelor Mountain	CA	2
Bachelor Mountain	OR	2
Bachelor Mountain Trail	OR	1
Bachelor Point	WA	2
Bachs Ridge Trail	CA	1
Back Lake	WA	2
Back Ranch Meadows Campground	CA	1
Back Ranch Meadows Fire Trail	CA	1
Backbone Lake	CA	2
Backbone Lake	WA	2
Backbone Mountain	CA	2
Backbone Ridge Trail	WA	1
Backbone Trail	CA	1
Backesto Park	CA	1
Backman County Park	WA	1
Backpackers Campground	CA	1
Bacon	WA	0
Bacon Camp	OR	1
Bacon Hill	CA	2
Bacon Island	CA	2
Bacon Peak	WA	2
Bacon Point	WA	2
Bacon Rind Campground	CA	1
Bacona	OR	0
Bacus Hill	WA	2
Badaraco Camp	CA	1
Badger	CA	0
Badger	WA	0
Badger Butte	OR	2
Badger Corner	OR	0
Badger Creek Trail	OR	1
Badger Creek Wilderness	OR	1
Badger Gulch Natural Area Preserve	WA	1
Badger Hill	CA	2
Badger Island	WA	2
Badger Lake	WA	2
Badger Mountain	CA	2
Badger Mountain	OR	2
Badger Mountain	WA	2
Badger Peak	CA	2
Badger Peak	WA	2
Badger Trail	CA	1
Badlands Lakes	WA	2
Badsky Pond	OR	2
Badwater	CA	0
Baer Park	CA	1
Bagby	CA	0
Bagby Hill	CA	2
Bagby Natural Research Area	OR	1
Bagby Recreation Area	CA	1
Bagby Trail	OR	1
Bagdad	CA	0
Bagdad Junction	WA	0
Bagdouma Park	CA	1
Bagley Junction	WA	0
Bagley Lakes	WA	2
Bagley Mountain	CA	2
Bagley Park	OR	1
Bagnell Ferry	OR	0
Bagshaw Field	WA	1
Bahia	CA	0
Bahia Point	CA	2
Bahnfieth Park	CA	1
Bahobohosh Point	WA	2
Bahokus Peak	WA	2
Bailey Beach	OR	1
Bailey Butte	OR	2
Bailey Canyon Campground	CA	1
Bailey Canyon Park	CA	1
Bailey Canyon Wilderness Park	CA	1
Bailey Cove	CA	2
Bailey Cove Campground	CA	1
Bailey Hill	CA	2
Bailey Hill	OR	2
Bailey Lake	WA	2
Bailey Mountain	OR	2
Bailey Mountain	WA	2
Bailey Park	OR	1
Bailey Peninsula	WA	2
Bailey Point	OR	2
Bailey Trail	CA	1
Baileysburg	WA	0
Bailhache	CA	0
Bailie Pond	WA	2
Bailie State Wildlife Area	WA	1
Bainbridge	WA	0
Bainbridge Grange	WA	0
Bainbridge Island	WA	0
Bair Island	CA	2
Baird Cove	WA	2
Baird Mountain	WA	2
Bake Oven Trail	CA	1
Bakeoven	OR	0
Baker	CA	0
Baker	WA	0
Baker Bay	OR	2
Baker Bay	WA	2
Baker Bay County Park	OR	1
Baker Beach	CA	1
Baker Beach	OR	1
Baker Beach State Park	CA	1
Baker Cabin Site - Pioneer Church	OR	1
Baker Campground	CA	1
Baker City	OR	0
Baker City Park	OR	1
Baker Creek Campground	WA	1
Baker Heights	WA	0
Baker Island	OR	2
Baker Lake	CA	2
Baker Lake	OR	2
Baker Lake	WA	2
Baker Mountain	CA	2
Baker Mountain	WA	2
Baker Park	OR	1
Baker Peak	CA	2
Baker Point	CA	2
Baker Point	OR	2
Baker Point	WA	2
Baker Pond	WA	2
Baker-Langdon	WA	0
Bakers Camp	WA	1
Bakersfield	CA	0
Bakerview Mobile Estates	WA	0
Balance Lake	OR	2
Balance Rock	CA	0
Balanced Rock	CA	2
Balancing Rock Self-Guided Nature Trail	CA	1
Balboa Beach	CA	1
Balboa Coves	CA	2
Balboa Park	CA	1
Balboa Park	OR	1
Balboa Sports Center	CA	1
Balch	CA	0
Balch	WA	0
Balch Camp	CA	0
Balch Lake	WA	2
Balch Park	CA	1
Balconies	CA	2
Balconies Trail	CA	1
Bald Bluff	WA	2
Bald Butte	CA	2
Bald Butte	OR	2
Bald Butte	WA	2
Bald Crater	OR	2
Bald Eagle Lake	CA	2
Bald Eagle Lake	WA	2
Bald Eagle Mountain	CA	2
Bald Eagle Mountain	WA	2
Bald Eagle Peak	CA	2
Bald Eagle Peak	WA	2
Bald Eagle State Wildlife Area	WA	1
Bald Headed Camp	OR	1
Bald Hill	CA	2
Bald Hill	OR	2
Bald Hill	WA	2
Bald Hill City Park	OR	1
Bald Hill Lake	WA	2
Bald Hill Natural Area Preserve	WA	1
Bald Hills	CA	2
Bald Hills	OR	2
Bald Island	WA	2
Bald Jesse	CA	2
Bald Knob	CA	2
Bald Knob	OR	2
Bald Knob	WA	2
Bald Lake	WA	2
Bald Mountain	CA	2
Bald Mountain	OR	2
Bald Mountain	WA	2
Bald Mountain Camp	OR	1
Bald Mountain Lake	WA	2
Bald Mountain Springs Camping Area	CA	1
Bald Mountain Trail	CA	1
Bald Peak	CA	2
Bald Peak	OR	2
Bald Peak	WA	2
Bald Peak State Park	OR	1
Bald Peaks	CA	2
Bald Peaks of Plummer	CA	2
Bald Peter	OR	2
Bald Peter Butte	OR	2
Bald Point	OR	2
Bald Rock	CA	2
Bald Rock Dome	CA	2
Bald Rock Mountain	CA	2
Bald Top	CA	2
Bald Top	OR	2
Bald of Gilead Campground	CA	1
Balder	WA	0
Balderson Station	CA	0
Baldface Lake	OR	2
Baldwin Beach	CA	1
Baldwin Beach Campground	CA	1
Baldwin Hills	OR	2
Baldwin Hills Playground	CA	1
Baldwin Hills Recreation Center	CA	1
Baldwin Hills Village	CA	1
Baldwin Lake	CA	0
Baldwin Park	CA	0
Baldwin Point	WA	2
Baldwin Stocker Park	CA	1
Baldy	CA	2
Baldy	OR	2
Baldy	WA	2
Baldy Butte	OR	2
Baldy Hill	WA	2
Baldy Lake	OR	2
Baldy Mesa	CA	0
Baldy Mountain	CA	2
Baldy Mountain	OR	2
Baldy Mountain	WA	2
Baldy Peak	CA	2
Baldy Peak	OR	2
Baldy Peak	WA	2
Baldy Trail	CA	1
Baldy Trail (historical)	WA	1
Baldy View Park	CA	1
Bale	CA	0
Bale Grist Mill State Historic Park	CA	1
Bale Slough	CA	2
Bales Mountain	CA	2
Bales Wetlands Park	OR	1
Balford	WA	0
Balfour Park	WA	1
Balk Hill Trail	CA	1
Ball Bay	OR	2
Ball Bearing Hill	OR	2
Ball Butte	OR	2
Ball Dome	CA	2
Ball Mountain	CA	2
Ball Mountain	OR	2
Ball Playground	CA	1
Ball Point	OR	2
Ball Point Trail	OR	1
Ball Rock	CA	2
Ballarat	CA	0
Ballard	CA	0
Ballard Campground	CA	1
Ballard Campground	WA	1
Ballard Mountain	CA	2
Ballard Park	WA	1
Ballard Playground	WA	1
Ballast Point	CA	2
Ballena	CA	0
Ballico	CA	0
Ballico Park	CA	1
Ballinger Campground	CA	1
Ballinger Lake	WA	2
Ballona Lagoon	CA	2
Ballona Wetlands	CA	2
Balloon Dome	CA	2
Ballou Point	CA	2
Ballow	WA	0
Balls Camp	CA	1
Balls Ferry Fishing Resort	CA	0
Ballston	OR	0
Ballston County Park	OR	1
Bally	CA	2
Bally Camp	OR	1
Bally Mountain	CA	2
Bally Mountain	OR	2
Bally Peak	CA	2
Balm Grove	OR	0
Balm Mountain	OR	2
Balmer Hill	OR	2
Balsitis Park	CA	1
Baltic Peak	CA	2
Baltimore Canyon Preserve	CA	1
Baltimore Canyon Trail	CA	1
Baltimore Lake	CA	2
Baltimore Park	CA	0
Baltimore Rock	OR	2
Baltimore Town	CA	0
Baltimore Trail	CA	1
Bamber Mountain	WA	2
Banchero Rock	CA	2
Bancroft	CA	0
Bancroft	OR	0
Bancroft City Park	CA	1
Bancroft County Park	CA	1
Bancroft Point	CA	0
Bandana Lake	WA	2
Bandera	WA	0
Bandera Mountain	WA	2
Bandido Campground	CA	1
Bandini	CA	0
Bandini Park	CA	1
Bandit Mountain	CA	2
Bandon	OR	0
Bandon Beach	OR	1
Bandon Marsh National Wildlife Refuge	OR	1
Bandon State Park	OR	1
Bandys Lake	WA	2
Banfield Place	CA	0
Bangor	CA	0
Bangor	WA	0
Bangor Lake	WA	2
Bangor Trident Base	WA	0
Bangs Mountain	WA	2
Bankers Island	WA	2
Bankhead Springs	CA	0
Banks	OR	0
Banks Lake South	WA	0
Banks Lake Wildlife Recreation Area	WA	1
Banks-Vernonia State Trail	OR	1
Bankus Fountain	OR	1
Banner	CA	0
Banner	WA	0
Banner Crest	CA	0
Banner Island Ballpark	CA	1
Banner Mountain	CA	2
Banner Peak	CA	2
Bannerwood Park	WA	1
Banning	CA	0
Banning Park	CA	1
Bannings Beach	CA	1
Bannister	CA	0
Bannister Park	CA	1
Bannock	CA	0
Bannock Lakes	WA	2
Bannock Mountain	WA	2
Bannon Creek Parkway	CA	1
Bannon Mountain	WA	2
Banta	CA	0
Banta Beatty Park	CA	1
Banyan Park	CA	1
Baptist Camp	CA	1
Baptist Campground	CA	1
Baptist Trail	CA	1
Baquaiano Trail	CA	1
Bar Channel	CA	2
Barbara Spring Trail	CA	1
Barbara and Jay Vincent Park	CA	1
Barber	CA	0
Barber Mountain	CA	2
Barber Mountain	WA	2
Barber Pole Butte	OR	2
Barberton	WA	0
Barbie Lakes	OR	2
Barcelona Park	CA	1
Barclay Hills City Park	OR	1
Barclay Lake	WA	2
Barclay Park	OR	1
Barco	WA	0
Bard	CA	0
Bard Lake	CA	2
Bard Park	OR	1
Bardi	CA	0
Bardsdale	CA	0
Bare Hill	WA	2
Bare Island	OR	2
Bare Island	WA	2
Bare Island Lake	CA	2
Bare Knoll	CA	2
Bare Lake	OR	2
Bare Mountain	CA	2
Bare Mountain	WA	2
Bareface Butte	OR	2
Barham	WA	0
Baring	WA	0
Baring Lake	WA	2
Baring Mountain	WA	2
Baristo Park	CA	1
Bark Shanty Camp	CA	1
Barka Slough	CA	2
Barker	WA	0
Barker Butte	WA	2
Barker Camp	CA	1
Barker Canyon Lake	WA	2
Barker Mountain	CA	2
Barker Mountain	WA	2
Barker Mountain Natural Area Preserve	WA	1
Barker Peak	CA	2
Barker Valley Spur	CA	1
Barker Valley Trail	CA	1
Barkley Mountain	CA	2
Barklow Mountain	OR	2
Barklow Mountain Campground	OR	1
Barley Camp	OR	1
Barley Lake	CA	2
Barleyfield Peak	CA	2
Barlow	CA	0
Barlow	OR	0
Barlow Bay	WA	2
Barlow Butte	OR	2
Barlow Campground	OR	1
Barlow Canyon Trail	CA	1
Barlow Cutoff	OR	1
Barlow Flat Camp	CA	1
Barlow Island	WA	2
Barlow Point	WA	2
Barlow Square Path	OR	1
Barnabe Mountain	CA	2
Barnabe Trail	CA	1
Barnabie Point	WA	2
Barnaby Buttes	WA	2
Barnaby Island	WA	2
Barnaby Slough Number Two	WA	2
Barnacle Rock	OR	2
Barneburg Hill	OR	2
Barnes Butte	WA	2
Barnes Creek Nature Trail	WA	1
Barnes Island	WA	2
Barnes Lake	WA	2
Barnes Memorial Park	CA	1
Barnes Mountain	CA	2
Barnes Park	CA	1
Barnes Point	WA	2
Barnes Rim	OR	2
Barnes State Park	WA	1
Barnesdale	OR	0
Barneston	WA	0
Barnett Knoll	OR	2
Barney Knob	CA	2
Barney Lake	CA	2
Barney Lake	WA	2
Barney Mound	CA	2
Barney Riley Trail	CA	1
Barney Schwartz Park	CA	1
Barney Waterhole	OR	2
Barneys Butte	OR	2
Barneys Butte Waterhole	OR	2
Barnsdall Art Park	CA	1
Barnsdall Park	CA	1
Barnsley Lake	WA	2
Barntop Mountain	CA	2
Barnum Point	WA	2
Barnwell	CA	0
Baroda	CA	0
Barometer Mountain	WA	2
Baron Point	WA	2
Barona	CA	0
Barona Bay	CA	2
Barona Indian Reservation	CA	1
Barona Mesa	CA	2
Baronet Estates	CA	0
Barranca Park	CA	1
Barranca Vista Park	CA	1
Barrel Springs Cultural Preserve	CA	1
Barren Butte	CA	2
Barren Island	WA	2
Barren Lake	OR	2
Barrett	CA	0
Barrett Butte	WA	2
Barrett Cove Recreation Area	CA	1
Barrett Honor Camp	CA	1
Barrett Junction	CA	0
Barrett Lake	CA	2
Barrett Lake Mobile Home Park	WA	0
Barrett Lakes	CA	2
Barrette Lake	OR	2
Barrick Field City Park	OR	1
Barrier Peak	WA	2
Barries Bay	CA	2
Barrington Recreation Center	CA	1
Barris Hill	CA	2
Barro	CA	0
Barron	WA	0
Barry Creek Trail	CA	1
Barry Point	OR	2
Barsotti Park	OR	1
Barstow	CA	0
Barstow	WA	0
Barstow Heights	CA	0
Barstow Heights Park	CA	1
Barsug	CA	0
Bart Spendlove Memorial Park	CA	1
Barth Mountain	CA	2
Bartle	CA	0
Bartlett	CA	0
Bartlett	OR	0
Bartlett Hill	WA	2
Bartlett Mountain	CA	2
Bartlett Mountain	OR	2
Bartlett Park	CA	1
Bartlett Peak	CA	2
Bartlett Springs	CA	0
Barton	CA	0
Barton	OR	0
Barton County Park	OR	1
Barton Field	CA	1
Barton Flats Campground	CA	1
Barton Flats Recreation Area	CA	1
Barton Heights	OR	2
Barton Hill	CA	2
Barton Mountain	CA	2
Barton Park	CA	1
Barton Park	OR	1
Barton Peak	CA	2
Bartrums Rock	OR	2
Barview	OR	0
Barview County Park	OR	1
Barview State Wayside (historical)	OR	1
Basalt Campground	CA	1
Basalt Cliff	WA	2
Basalt Day Use Area	CA	1
Basalt Hill	CA	2
Basalt Hill	WA	2
Basalt Peak	WA	2
Basalt Point	WA	2
Basalt Trail	CA	1
Basin	CA	0
Basin Butte	OR	2
Basin Camp	OR	1
Basin Campground	CA	1
Basin City	WA	0
Basin Cove	OR	2
Basin Creek Trail	OR	1
Basin Gulch Campgrounds	CA	1
Basin Lake	WA	2
Basin Lakes	WA	2
Basin Mountain	CA	2
Basin Park	CA	1
Basin Peak	CA	2
Basin Point	OR	2
Basin Trail	CA	1
Basket Butte	OR	2
Basket Dome	CA	2
Basket Mountain	OR	2
Basket Peak	CA	2
Baskett Slough National Wildlife Refuge	OR	1
Basque	OR	0
Basque Hills	OR	2
Bass Arms	OR	2
Bass Cove	CA	2
Bass Hill	CA	2
Bass Lake	CA	0
Bass Lake	WA	2
Bass Lake Annex	CA	0
Bass Mountain	CA	2
Bass Point	WA	2
Bass Sports Center	CA	1
Bassett	CA	0
Bassett Junction	WA	0
Bassett Park	CA	1
Bassetts	CA	0
Bastendorff Beach	OR	1
Bastendorff Beach County Park	OR	1
Bat Butte	CA	2
Bat Caves Buttes	CA	2
Bat Mountain	CA	2
Bataan Park	CA	1
Bataan Park	WA	1
Batavia	CA	0
Batch Lake	OR	2
Batchelor Point	CA	2
Bateman Island	WA	2
Bateman Place	CA	0
Bates	OR	0
Bates	WA	0
Bates Butte	OR	2
Bates Canyon Campground	CA	1
Bath Lake	WA	2
Bath Lakes	WA	2
Bath Mountain	CA	2
Bathhouse Trail	CA	1
Bathtub Lake	CA	2
Bathtub Lake	WA	2
Bathtub Lakes	WA	2
Batiquitos Lagoon	CA	2
Batt Slough	WA	2
Battalion Lake	CA	2
Battalion Lake	WA	2
Battersby Field	WA	1
Batterson	OR	0
Battery Alexander Campground	CA	1
Battery Mendell Campground	CA	1
Battery Park	CA	1
Battery Point	CA	2
Battery Point Island	CA	2
Battin	OR	0
Battle Ax	OR	2
Battle Butte	WA	2
Battle Creek Camp	OR	1
Battle Creek Mountain	OR	2
Battle Creek Trail	OR	1
Battle Ground	WA	0
Battle Ground Lake	WA	2
Battle Ground State Park	WA	1
Battle Lake	OR	2
Battle Mountain	CA	2
Battle Mountain	OR	2
Battle Mountain	WA	2
Battle Mountain Forest State Park	OR	1
Battle Mountain Forest State Scenic Corridor	OR	1
Battle Mountain State Park (historical)	OR	1
Battle Peak	OR	2
Battle Point	WA	0
Battle Point Park	WA	1
Battle Rock	OR	2
Battle Rock Wayside Park	OR	1
Battle of Natividad State Historic Landmark	CA	1
Battleground Buttes	OR	2
Battleship Island	WA	2
Batto	CA	0
Batts Camp Lake	OR	2
Batum	WA	0
Baty Butte	OR	2
Baty Silver King Trail	OR	1
Bauguess State Wildlife Area	WA	1
Baum Lake	CA	2
Bauman Park	OR	1
Baumann Trail	CA	1
Baumans Cow Camp	CA	1
Baumgard Hill	WA	2
Baxter	CA	0
Baxter Lakes	CA	2
Bay Center	WA	0
Bay Center Junction	WA	0
Bay City	OR	0
Bay City	WA	0
Bay City Forest Park	OR	1
Bay Farm Island	CA	2
Bay Island	CA	2
Bay Lake	WA	2
Bay Park	OR	0
Bay Point	CA	0
Bay Terrace Park and Recreation Center	CA	1
Bay Tree Park	CA	1
Bay Tree Trail	CA	1
Bay Trees Park	CA	1
Bay View	WA	0
Bay View Hill	CA	2
Bay View State Park	WA	1
Bay View Trail	CA	1
Bayes Cabin Road	CA	1
Bayfront Park	CA	1
Baylands Park	CA	1
Bayles Place	CA	0
Bayley Lake	WA	2
Baylis Point	CA	2
Bayliss	CA	0
Baymeadows Park	CA	1
Bayne	WA	0
Bayne Junction	WA	0
Bayo Vista	CA	0
Bayocean Peninsula	OR	2
Bayocean Peninsula County Park	OR	1
Bays Lake	OR	2
Bayshore	OR	0
Bayshore	WA	0
Bayshore Aquatic Playground Park	CA	1
Bayshore Circle Park	CA	1
Bayshore Heights Park	CA	1
Bayside	CA	0
Bayside Gardens	OR	0
Bayside Park	CA	1
Bayview	CA	0
Bayview	OR	0
Bayview	WA	0
Bayview Campground	CA	1
Bayview Mobile Home Park	WA	0
Bayview Mobile Park	WA	0
Bayview Park	CA	1
Bayview Playground	CA	1
Bayview Playground	WA	1
Bayview Recreational Vehicle Park	WA	0
Bayview Trail	CA	1
Bayview-Hunters Point	CA	0
Bayview-Montalvin	CA	0
Baywood Park	CA	0
Baywood Park Beach	CA	1
Baywood Village Mobile Home Park	WA	0
Bazalgette Point	WA	2
Beach	WA	0
Beach Boys Historic Landmark	CA	1
Beach Creek Group Camp	CA	1
Beach Front Park	CA	1
Beach Haven	WA	0
Beach Lake	WA	2
Beach Mountain	OR	2
Beach Park	CA	1
Beach Rock	CA	2
Beach Trail 1	WA	1
Beach Trail 2	WA	1
Beach Trail 5	WA	1
Beach Trail 6	WA	1
Beach Trail 7	WA	1
Beachcrest	WA	0
Beachie Trail	OR	1
Beachside State Recreation Site	OR	1
Beachview Park	WA	1
Beachwood Trailer Park	CA	0
Beacon Bay	CA	2
Beacon Hill	OR	2
Beacon Hill	WA	0
Beacon Hill Park	OR	1
Beacon Hill Park	WA	1
Beacon Point	CA	2
Beacon Rock State Park	WA	1
Beacon Station	CA	0
Beacroft Trail	CA	1
Bead Island	WA	2
Bead Lake	WA	2
Bead Lake Peak	WA	2
Beagle	OR	0
Beakban Island	CA	2
Beal Hill	WA	2
Beal Lake	CA	2
Beal Lake	OR	2
Beal Place	CA	0
Beale Air Force Base	CA	0
Beale Lake	OR	2
Beale Park	CA	1
Beales Butte	OR	2
Beall Place	CA	0
Beals Mountain	OR	2
Beals Point	CA	2
Beals Point Campground	CA	1
Bealville	CA	0
Beamer Park	CA	1
Bean Camp	CA	1
Bean Creek Trail	WA	1
Bean Hill	CA	2
Bean Hollow State Beach	CA	1
Bean Park	OR	1
Beaner Lake	WA	2
Beans Camp	CA	1
Beans Point	WA	2
Bear	WA	0
Bear Basin Butte	CA	2
Bear Basin Camp	CA	1
Bear Bluff	OR	2
Bear Butte	CA	2
Bear Butte	OR	2
Bear Buttes	CA	2
Bear Camp	CA	1
Bear Camp	OR	1
Bear Camp	WA	1
Bear Camp Pasture Recreation Site	OR	1
Bear Camp Trail	OR	1
Bear Camp Trail (historical)	OR	1
Bear Camp Viewpoint Recreation Site	OR	1
Bear Campground	CA	1
Bear Campsite	CA	1
Bear Canyon Bluff	CA	2
Bear Canyon Butte	OR	2
Bear Canyon Campground	CA	1
Bear Canyon Campground	OR	1
Bear Cove	WA	2
Bear Creek	CA	0
Bear Creek Butte	OR	2
Bear Creek Buttes	OR	2
Bear Creek Campground	CA	1
Bear Creek Campground	WA	1
Bear Creek County Park	OR	1
Bear Creek Mountain	WA	2
Bear Creek Mountain Trail	WA	1
Bear Creek Park	OR	1
Bear Creek Picnic Area	CA	1
Bear Creek Spire	CA	2
Bear Creek Summit	CA	2
Bear Creek Trail	CA	1
Bear Creek Trail	OR	1
Bear Creek Trail	WA	1
Bear Cub	CA	2
Bear Den	CA	2
Bear Dome	CA	2
Bear Flag School Park	CA	1
Bear Gulch Camp	CA	1
Bear Gulch Park	CA	1
Bear Gulch Trail	CA	1
Bear Harbor	CA	2
Bear Harbor Camp	CA	1
Bear Hill	CA	2
Bear Hill	OR	2
Bear Hollow County Park	OR	1
Bear Island	OR	2
Bear Lake	CA	2
Bear Lake	OR	2
Bear Lake	WA	2
Bear Lake (historical)	CA	2
Bear Lake (historical)	WA	2
Bear Lake Camp	CA	1
Bear Lake Campground	WA	1
Bear Lakes	WA	2
Bear Meadow Viewpoint	WA	1
Bear Mountain	CA	2
Bear Mountain	OR	2
Bear Mountain	WA	2
Bear Mountain Trail	OR	1
Bear Mountain Trail (historical)	WA	1
Bear Paw	CA	2
Bear Paw Forest Camp	OR	1
Bear Paw Lake	CA	2
Bear Peak	CA	2
Bear Point	OR	2
Bear Ranch Hill	CA	2
Bear River Group Campground	CA	1
Bear River Pines	CA	0
Bear Skull	OR	2
Bear Skull Camp	CA	1
Bear Spring Campground	OR	1
Bear Swamp	WA	2
Bear Trap Arm	OR	2
Bear Twin Lakes	CA	2
Bear Valley	CA	0
Bear Valley Buttes	CA	2
Bear Valley Campground	CA	1
Bear Valley Meadows Camp	CA	1
Bear Valley National Wildlife Refuge	OR	1
Bear Valley Springs	CA	0
Bear Valley Trail	CA	1
Bear Wallow	CA	2
Bear Wallow	OR	2
Bear Wallow	WA	2
Bear Wallow Butte	CA	2
Bear Wallow Camp	CA	1
Bear Wallow Campground	CA	1
Bear Wallow Mountain	CA	2
Bear Wallow Peak	CA	2
Bear Wallow Trail	CA	1
Bear Wallows	CA	2
Bear Wallows	OR	2
Bear Wallows Campground	CA	1
Bearbones Mountain	OR	2
Bearcamp Flat Trail	CA	1
Bearcamp Mountain	CA	2
Bearcat Mountain	CA	2
Beard Brook Park	CA	1
Beard Island	WA	2
Beard Lake	WA	2
Beardens Mobile Home Park	WA	0
Beards Hollow	WA	2
Beardslee Park	CA	1
Beardsley Point	CA	2
Beare Hill	WA	2
Beargrass Butte	WA	2
Bearhead Mountain	WA	2
Bearinda Cove	CA	2
Bearpaw Butte	CA	2
Bearpaw Butte	WA	2
Bearpaw Meadow High Sierra Camp	CA	1
Bearpaw Mountain	WA	2
Bearpaw Mountain Lake	WA	2
Bears Breast Mountain	WA	2
Beartooth Mountain	CA	2
Beartrap Lake	CA	2
Beartrap Mountain	CA	2
Beartrap Number 1 Campsite	CA	1
Beartrap Number One Campground	CA	1
Beartrap Number Two Campground	CA	1
Beartrap Trail	OR	1
Bearup Lake	CA	2
Bearwallow Butte	OR	2
Bearwallow Camp	CA	1
Beasley Lake	OR	2
Beat Park	CA	1
Beatrice	CA	0
Beatrice	WA	0
Beattie Park	CA	1
Beatty	OR	0
Beatty Creek Trail	OR	1
Beatty Junction	CA	0
Beatty Trail	CA	1
Beatys Butte	OR	2
Beaumont	CA	0
Beaumont	WA	0
Beausite Lake	WA	2
Beauty Camp	WA	1
Beauty Lake	CA	2
Beauty Mountain	CA	2
Beauty Mountain	WA	2
Beauty Mountain Wilderness	CA	1
Beauty Peak	CA	2
Beauty Peak	WA	2
Beaux Arts Park	WA	1
Beaux Arts Village	WA	0
Beaver	OR	0
Beaver	WA	0
Beaver Bay Campground	WA	1
Beaver Boat Ramp	OR	1
Beaver Butte	CA	2
Beaver Butte	OR	2
Beaver Camp	CA	1
Beaver Campground	CA	1
Beaver Campground	WA	1
Beaver Creek Camp	WA	1
Beaver Creek Campground	CA	1
Beaver Creek Driveway	OR	1
Beaver Creek Forest Camp	OR	1
Beaver Creek Rim	CA	2
Beaver Dam Lake	WA	2
Beaver Dam Picnic Ground (historical)	OR	1
Beaver Hill	OR	2
Beaver Hill	WA	2
Beaver Homes	OR	0
Beaver Island	CA	2
Beaver Lake	CA	2
Beaver Lake	OR	2
Beaver Lake	WA	2
Beaver Lake Campground	WA	1
Beaver Lake Trail	WA	1
Beaver Lakes	OR	2
Beaver Lakes	WA	2
Beaver Marsh	OR	2
Beaver Meadows Trail	OR	1
Beaver Mountain	CA	2
Beaver Mountain	OR	2
Beaver Mountain	WA	2
Beaver Plant Lake	WA	2
Beaver Point	CA	2
Beaver Point	OR	2
Beaver Ridge Trail	WA	1
Beaver Springs	OR	0
Beaver Swamp	OR	2
Beaver Valley	WA	0
Beavercreek	OR	0
Beaverdam Buttes	OR	2
Beaverdam Lake	OR	2
Beaverdam Lake	WA	2
Beaverdam Pond	OR	2
Beaverdam Trail	OR	1
Beavertail Campground Boat Ramp	OR	1
Beavertail Recreation Site	OR	1
Beaverton	OR	0
Beaverton Creek Wetlands Park	OR	1
Beavertrail Butte	OR	2
Beazell Memorial County Forest	OR	1
Bebe Mountain	WA	2
Bechers Bay	CA	2
Beck Lake	CA	2
Beck Park	CA	1
Beck-Kiwanis Park	OR	1
Beckenham Park	CA	1
Becker Horse Camp	OR	1
Becker Peak	CA	2
Beckett Point	WA	2
Beckler Peak	WA	2
Beckler River Campground	WA	1
Beckman Park	CA	1
Becks Hill	WA	2
Beckstrom Hill	WA	2
Beckwourth	CA	0
Beckwourth Peak	CA	2
Bedal	WA	0
Bedal Campground	WA	1
Bedal Peak	WA	2
Bedar Lake	WA	2
Bedbug Smith Trail	CA	1
Bedford	WA	0
Bedford Peak	CA	2
Bedford Point	OR	2
Bedolf Arm	OR	2
Bedrock Park	CA	1
Bee	WA	0
Bee Camp	CA	1
Bee Canyon Truck Trail	CA	1
Bee Knoll	CA	2
Bee Lake	CA	2
Bee Lake	WA	2
Bee Mountain	CA	2
Bee Ranch Trail	CA	1
Bee Rock	CA	0
Beebe	WA	0
Beebe Island	OR	2
Beebe Lake	CA	2
Beebe Mountain	WA	2
Beebe Springs State Wildlife Area	WA	1
Beech Creek	OR	0
Beech Creek Forest Camp	OR	1
Beech Park	OR	1
Beechwood Park	CA	1
Beegum	CA	0
Beegum Gorge Campground	CA	1
Beegum Peak	CA	2
Beehive	CA	2
Beehive Campground	CA	1
Beehive Mountain	WA	2
Beehive Spring Campground	WA	1
Beeks Bight	CA	2
Beeks Place	CA	0
Beelard Park	CA	1
Beeman Junkens Trail (historical)	OR	1
Beeman Park	CA	1
Beer Garden Picnic Area	CA	1
Beeres Pond	OR	2
Bees Mill	WA	0
Beeson Field	CA	1
Beet Camp	CA	1
Beetle Butte	CA	2
Beetle Island	CA	2
Beetlebug Lake	CA	2
Begg Rock	CA	2
Beggars Tick Wildlife Refuge	OR	1
Begonia Park	CA	1
Begonias Canyon Park	CA	1
Behringer Park	CA	1
Beiden Field	CA	1
Beigle Mountain	WA	2
Bel Air Park	CA	1
Bel Aire Park	CA	1
Bel Marin Keys	CA	0
Belameda Park	CA	1
Belcher Mountain	WA	2
Belcher Park	CA	1
Belden	CA	0
Belden Campground	CA	1
Belding Point	OR	2
Belfair	WA	0
Belfair State Park	WA	1
Belfast	CA	0
Belfast	WA	0
Belfo Park	CA	1
Belfort	CA	0
Belix Trail	CA	1
Beljica Meadows Lake	WA	2
Belknap Camp	OR	1
Belknap Campground	CA	1
Belknap Springs	OR	0
Bell	CA	0
Bell Avenue Park	CA	1
Bell Bluff	CA	2
Bell Butte	WA	2
Bell Canyon Park	CA	1
Bell Creek State Wildlife Area	WA	1
Bell Echo Camp	CA	1
Bell Field	CA	1
Bell Gardens	CA	0
Bell Gardens Park	CA	1
Bell Hill	CA	2
Bell Hill	WA	0
Bell Island	WA	2
Bell Lake	WA	2
Bell Mountain	CA	2
Bell Mountain	OR	2
Bell Mountain	WA	2
Bell Park	CA	1
Bell Point	CA	2
Bell Point	WA	2
Bell Rock	OR	2
Bell Springs	CA	0
Bell Springs Mountain	CA	2
Bell Swamps	CA	2
Bella Mobile Home Park	WA	0
Bella Vista	CA	0
Bella Vista Park	CA	1
Bella Vista Park	OR	1
Bella Vista Recreation Area	CA	1
Belle Air Park	CA	1
Belle Campground	CA	1
Belle Cooledge Park	CA	1
Belle Monte	CA	0
Belle Terrace Park	CA	1
Belle Vue Point	OR	2
Belle Vue Point Park	OR	1
Bellefields Nature Park	WA	1
Bellenita Park	CA	1
Belleview	CA	0
Belleview Acres	CA	0
Bellevue	CA	0
Bellevue	OR	0
Bellevue	WA	0
Bellevue Highlands Park	WA	1
Bellevue Park	CA	1
Bellevue Point	WA	2
Bellflower	CA	0
Bellfountain	OR	0
Bellfountain County Park	OR	1
Bellicum Peak	WA	2
Bellinger Hill	OR	2
Bellinger Landing County Park	OR	1
Bellingham	WA	0
Bellingham Bay	WA	2
Bellis Park	CA	1
Bellomy Field	CA	1
Bellota	CA	0
Bells Beach	WA	0
Bells Mountain	WA	2
Belltown	CA	0
Bellvale	CA	0
Bellview Park	CA	1
Bellwood Estates	CA	0
Belmont	CA	0
Belmont	WA	0
Belmont Hill	CA	2
Belmont Sports Complex	CA	1
Belmor Mobile Home Park	WA	0
Belmore	WA	0
Belshazzar Mountain	WA	2
Belspeox Point	WA	2
Belt Park	OR	1
Beltz Lake	CA	2
Belvedere	CA	0
Belvedere	WA	0
Belvedere Cove	CA	2
Belvedere Island	CA	0
Belvedere Lagoon	CA	2
Belvedere Park	CA	1
Bemis	WA	0
Bemmerly Park	CA	1
Ben Ali School Park	CA	1
Ben Arthur Trail	CA	1
Ben Bolt	CA	2
Ben Brow Hill	CA	2
Ben Camp	OR	1
Ben Duncan Mailbox Trail	CA	1
Ben Eberli Waterhole	CA	2
Ben Graf Park	OR	1
Ben Harrison Peak	OR	2
Ben Hur	CA	0
Ben Hur Lampman State Park	OR	1
Ben Johnson Trail	CA	1
Ben Lomond	CA	0
Ben Lomond County Park	CA	1
Ben Lomond Mountain	CA	2
Ben More Mountain	OR	2
Ben Nevis	WA	2
Ben Point	OR	2
Ben Ries Camp Ground	CA	1
Ben Ure Island	WA	2
Ben Ure Spit	WA	2
Ben Weston Beach	CA	1
Ben Weston Point	CA	2
Ben and Kay Dorris County Park	OR	1
Bena	CA	0
Benbow	CA	0
Benbow Lake State Recreation Area	CA	1
Benbow Lakes	WA	2
Bench Lake	CA	2
Bench Lake	WA	2
Bench Lakes	CA	2
Bench Mark Butte	OR	2
Bench Trail	CA	1
Benchmark Lake	WA	2
Benchmark Mountain	WA	2
Benchmark Waterhole	OR	2
Bend	CA	0
Bend	OR	0
Bend O River Mini Park	OR	1
Bend Senior Center	OR	1
Bender Lake	WA	2
Bender Landing County Park	OR	1
Bendire Mountain	OR	2
Benedetti Diamond	CA	1
Benge	WA	0
Bengston Lake	WA	2
Benham Slough	OR	2
Benicia	CA	0
Benicia Capitol State Historic Park	CA	1
Benicia Capitol State Historical Monument	CA	1
Benicia Park	CA	1
Benicia Point	CA	2
Benicia State Recreation Area	CA	1
Benight Pond	CA	2
Benito	CA	0
Benjamin Lake	OR	2
Benjamin Lake	WA	2
Benmore Ridge Camp	CA	1
Benn Memorial Park	WA	1
Benner Creek Campground	CA	1
Bennets Point	OR	2
Bennett Butte	OR	2
Bennett County Park	OR	1
Bennett Hill	WA	2
Bennett Knoll	CA	2
Bennett Lake	OR	2
Bennett Lake	WA	2
Bennett Mountain	CA	2
Bennett Park	CA	1
Bennett Peak	CA	2
Bennett Peak	OR	2
Bennett Point	OR	2
Bennett Rock	OR	2
Benroy	WA	0
Benski Park	OR	1
Benson Hill	WA	0
Benson Lake	CA	2
Benson Lake	OR	2
Benson Lake	WA	2
Benson Peak	WA	2
Benson Point	OR	2
Benson State Park	OR	1
Benson Trail	OR	1
Benson Village Mobile Home Park	WA	0
Bensons Point	WA	2
Benstein Trail	CA	1
Benton	CA	0
Benton City	WA	0
Benton City State Wildlife Area	WA	1
Benton Crossing	CA	0
Benton Hot Springs	CA	0
Benton Lane Park	OR	1
Benton Park	OR	1
Bents Island	WA	2
Benwood Meadow	CA	2
Berdeen Lake	WA	2
Berenda	CA	0
Beresford Park	CA	1
Beresford Recreation Center	CA	1
Berg	CA	0
Berg Camp	WA	1
Bergeau Lake	WA	2
Bergen Mountain	WA	2
Berger Bay	CA	2
Berger Campground	CA	1
Berger Hill	WA	2
Bergmont Park	CA	1
Bergona Lake	CA	2
Bergstrom Park	OR	1
Berkeley	CA	0
Berkeley	WA	0
Berkeley Aquatic Park	CA	1
Berkeley City Park	OR	1
Berkeley Municipal Camp	CA	1
Berkeley Music Camp	CA	1
Berkeley Park	CA	1
Berkeley Point	CA	2
Berkeley Rose Garden	CA	1
Berkeley-Tuolumne Campground	CA	1
Berlin	OR	0
Bermuda Dunes	CA	0
Bern	CA	0
Bernal Heights	CA	2
Bernal Heights Park	CA	1
Bernal Park	CA	1
Bernal Recreation Center	CA	1
Bernardo Mountain	CA	2
Bernasconi Bay	CA	2
Bernasconi Beach	CA	1
Berne	WA	0
Bernhardt Trail	WA	1
Bernice Lake	CA	2
Bernice Lake	WA	2
Bernie Park	OR	1
Berrian	WA	0
Berry City Park	CA	1
Berry Creek	CA	0
Berry Creek Falls Trail	CA	1
Berry Creek Trail	OR	1
Berry Glenn	CA	0
Berry Grove Park	CA	1
Berry Hill	CA	2
Berry Lake	WA	2
Berry Lake Manor Mobile Home Park	WA	0
Berry Lakes	WA	2
Berry Mountain	WA	2
Berry Park	CA	1
Berry Patch	WA	0
Berry Peak	WA	2
Berrydale	WA	0
Berrydale City Park	OR	1
Berryessa Creek Park	CA	1
Berryessa Highlands	CA	0
Berryessa Peak	CA	2
Berryman	WA	0
Bert Lake	OR	2
Bertha Lake	WA	2
Bertha May Lake	WA	2
Bertha Peak	CA	2
Berthelson Pond	OR	2
Bertram	CA	0
Berts Lake	CA	2
Bertsch-Oceanview	CA	0
Berwick Park	CA	1
Beryl Lake	CA	2
Beryl Park East	CA	1
Beryl Park West	CA	1
Berylwood Park	CA	1
Bessemer Mountain	WA	2
Bessie Butte	OR	2
Bessie Canyon Trail	CA	1
Bessie Rock Trail	OR	1
Besson Camp Recreation Site	OR	1
Best Rock	OR	2
Bestville	CA	0
Beswick	CA	0
Beta Park	CA	1
Beth Israel Park	CA	1
Beth Lake Campground	WA	1
Beth Ryan Nature Preserve	OR	1
Bethany	OR	0
Bethany Crest Park	OR	1
Bethany Lake Park	OR	1
Bethany Meadows Park	OR	1
Bethany Park	CA	0
Bethany Pines Campground	CA	1
Bethany Reservoir State Recreation Area	CA	1
Bethany Wetlands Park	OR	1
Bethel	OR	0
Bethel	WA	0
Bethel Gospel Park	OR	0
Bethel Heights	OR	0
Bethel Island	CA	0
Bethel Park	WA	0
Bethune Park	CA	1
Betschart Park	CA	1
Bettencourt Park	CA	1
Betteravia	CA	0
Betteravia Junction	CA	0
Bettie	WA	0
Betty Lake	CA	2
Betty Lake	OR	2
Between Pond	OR	2
Betz Beach	CA	1
Beulah	OR	0
Beulah Butte	OR	2
Beulah City Park	OR	1
Beulah Park	CA	0
Beulah Park	OR	1
Beulah Picnic Ground (historical)	CA	1
Beusch Lake	WA	2
Beveridge	CA	0
Beverly	WA	0
Beverly Acres	WA	0
Beverly Beach	OR	0
Beverly Beach	WA	0
Beverly Beach State Park	OR	1
Beverly Campground	WA	1
Beverly Hills Park	CA	1
Beverly Junction	WA	0
Beverly Lake	WA	2
Beverly Park	CA	1
Beverly Park	WA	0
Beville Lake	CA	2
Bevis Lake	WA	2
Beyer Park	CA	1
Beyer Reservoir	OR	2
Beyers Lake Trail	CA	1
Beyers Lakes	CA	2
Bible Rock Camp	WA	1
Bible Rock Childrens Camp	WA	1
Bicentennial Campground	CA	1
Bicentennial Park	CA	1
Bicentennial Park	OR	1
Bichota Mesa	CA	2
Bickel Camp	CA	1
Bickleton	WA	0
Bicknell	CA	0
Bicknell Park	CA	1
Biddle Butte	WA	2
Bidwell Canyon Campground	CA	1
Bidwell Mansion State Historic Park	CA	1
Bidwell Park	CA	1
Bidwell Point	CA	2
Bidwell Pond	CA	2
Bidwell River Park	CA	1
Bidwell School Park	CA	1
Bidwell-Sacramento River State Park	CA	1
Bieber	CA	0
Bieberstedt Butte	OR	2
Bieberstedt Trail	OR	1
Biebrach Park	CA	1
Big Alkali Lake	CA	2
Big Antelope - Pole Creek V	OR	2
Big Arm	OR	2
Big Bald Rock	CA	2
Big Bald Trail	CA	1
Big Baldy	CA	2
Big Baldy	OR	2
Big Bar	CA	0
Big Bar Mountain	CA	2
Big Basin Redwoods State Park	CA	1
Big Bear Camp	OR	1
Big Bear Campground	WA	1
Big Bear City	CA	0
Big Bear City Park	CA	1
Big Bear Lake	CA	0
Big Bear Mountain	WA	2
Big Bear Park	CA	1
Big Beef Creek State Wildlife Area	WA	1
Big Beef Harbor	WA	2
Big Ben Campground (historical)	OR	1
Big Bend	CA	0
Big Bend Camp	OR	1
Big Bend Campground	CA	1
Big Bend Island	OR	2
Big Bend Mountain	CA	2
Big Bend Mountain	OR	2
Big Bend Park	OR	1
Big Bend State Wildlife Area	WA	1
Big Bend Trail	OR	1
Big Bird Lake	CA	2
Big Blalock Island	WA	2
Big Blue Lake	CA	2
Big Boulder Trail	OR	1
Big Break	CA	2
Big Brewer Lake	CA	2
Big Brushy Lake	OR	2
Big Buck Campground	CA	1
Big Buck State Wildlife Area	WA	1
Big Bull	WA	2
Big Bull Lake	WA	2
Big Bunch	CA	0
Big Bunchgrass	OR	2
Big Burn Camp	OR	1
Big Butte	CA	2
Big Butte	WA	2
Big Buttonwillow Lake	CA	2
Big Camp	CA	1
Big Campbell	CA	2
Big Canyon Park	CA	1
Big Canyon Rim	OR	2
Big Carmen Lake	CA	2
Big Cedars County Park	WA	1
Big Chemise Knob	CA	2
Big Chico Creek Day Use Area	CA	1
Big Chief	CA	2
Big Chief Lake	CA	2
Big Chief Mountain	WA	2
Big Cienega Trail Camp	CA	1
Big Cliff	OR	2
Big Cone Camp	CA	1
Big Cone Spruce Camp	CA	1
Big Cove	CA	2
Big Cove	WA	2
Big Cove Campground	CA	1
Big Craggies	OR	2
Big Craggy Peak	WA	2
Big Crater	CA	2
Big Creek	CA	0
Big Creek Arm	OR	2
Big Creek Campground	WA	1
Big Creek County Park	OR	1
Big Creek Trail	OR	1
Big Creek Trail	WA	1
Big Darby Peak	CA	2
Big Deer Peak	WA	2
Big Devil Peak	WA	2
Big Dome	CA	2
Big Dome Cove	CA	2
Big Dry Lake	CA	2
Big Duck Lake	CA	2
Big Dutchman Butte	OR	2
Big Eddy	OR	2
Big Eddy Park	OR	1
Big Elk Campground	OR	1
Big Elk Lake	CA	2
Big Falls Campground	CA	1
Big Finger Lake	OR	2
Big Finn Hill Park	WA	1
Big Finney Lake	WA	2
Big Fish Fin	OR	2
Big Fishtrap	WA	2
Big Flat	OR	2
Big Flat Campground	CA	1
Big Flat Habitat Management Unit	WA	1
Big Foot Mountain	CA	2
Big Four Camp	WA	1
Big Four Lake	WA	2
Big Four Mountain	WA	2
Big Goat Mountain	WA	2
Big Granite Trail	CA	1
Big Green Mountain	OR	2
Big Greider Lake	WA	2
Big Grizzly Mountain	CA	2
Big Heart Lake	WA	2
Big Hidden Lake	WA	2
Big Hill	CA	2
Big Hill	OR	2
Big Hill	WA	2
Big Hill Camp	CA	1
Big Hill Campground	WA	1
Big Hill Trail	CA	1
Big Hole Butte	OR	2
Big Horn Campground	CA	1
Big Horn Lake	CA	2
Big Huckleberry Butte	OR	2
Big Huckleberry Mountain	WA	2
Big Hump	WA	2
Big Hunter	CA	2
Big Island	CA	2
Big Island (historical)	CA	2
Big Island Lake	CA	2
Big Jack Lake	CA	2
Big Jim Mountain	WA	2
Big Jim Mountain Lakes	WA	2
Big Joes Lake	WA	2
Big John Hill	CA	2
Big Lagoon	CA	0
Big Lagoon County Park	CA	1
Big Lagoon Forest East Natural Preserve	CA	1
Big Lagoon Forest South Natural Preserve	CA	1
Big Lagoon Forest West Natural Preserve	CA	1
Big Lagoon Marsh	CA	2
Big Laguna Lake	CA	2
Big Lake	CA	2
Big Lake	OR	2
Big Lake	WA	0
Big Lake (historical)	CA	2
Big Lake Campground Boat Ramp	OR	1
Big Lakes Camp	CA	1
Big Log Camp	WA	1
Big Lookout Mountain	OR	2
Big Mack Lake	WA	2
Big Margaret Lake	CA	2
Big Maria Mountains Wilderness	CA	1
Big Marsh	OR	2
Big Marshy Lake	CA	2
Big McGee Lake	CA	2
Big Meadow	CA	0
Big Meadow Camp	OR	1
Big Meadow Campground	CA	1
Big Meadow Lake Campground	WA	1
Big Meadows	OR	2
Big Meadows Campground	CA	1
Big Meadows Horse Camp	OR	1
Big Meadows Nordic Ski Trail	CA	1
Big Moccasin Lake	CA	2
Big Mosquito Lake	WA	2
Big Mountain	CA	2
Big Mountain	OR	2
Big Mowich Mountain	OR	2
Big Mud Lake	CA	2
Big Nasty Trail	CA	1
Big Oak Flat	CA	0
Big Oak Valley	CA	0
Big Oaks Campground	CA	1
Big Oat Mountain	CA	2
Big Peak	CA	2
Big Peak Trail	WA	1
Big Pine	CA	0
Big Pine Campground	CA	1
Big Pine Creek Campground	CA	1
Big Pine Flat Campground	CA	1
Big Pine Lake	CA	2
Big Pine Mountain	CA	2
Big Pine Triangle County Park	CA	1
Big Pines	CA	0
Big Pines Camp	CA	1
Big Pines Rustic Campsite	CA	1
Big Pines Trail	CA	1
Big Pocket Lake	CA	2
Big Poison Butte	OR	2
Big Pothole Lake	CA	2
Big Rattlesnake Butte	OR	2
Big Red Mountain	OR	2
Big River	CA	0
Big River Campground Boat Ramp	OR	1
Big River Laguna	CA	2
Big Rock	CA	2
Big Rock	OR	2
Big Rock	WA	2
Big Rock Bay	CA	2
Big Rock Beach	CA	1
Big Rock Camp	CA	1
Big Rock Campground	CA	1
Big Rock Hole Trail	CA	1
Big Rock Island	WA	2
Big Rock Lake	OR	2
Big Rock Springs	CA	0
Big Sage Campground	CA	1
Big Sand Butte	CA	2
Big Sandy Bluff	CA	2
Big Sandy Campground	CA	1
Big Sheep Trail Stock Driveway	OR	1
Big Shot Lake	CA	2
Big Signal Peak	CA	2
Big Skidder Hill	WA	2
Big Sky Park and Sports Complex	OR	1
Big Slide Campground	CA	1
Big Slide Campground	OR	1
Big Slide Lake	OR	2
Big Slide Mountain	OR	2
Big Slide Trail	CA	1
Big Snow Lake	WA	2
Big Snow Mountain	WA	2
Big Spring Campground	WA	1
Big Spring Trail	CA	1
Big Springs	CA	0
Big Springs Campground	CA	1
Big Springs Campground (historical)	OR	1
Big Stump Camp	CA	1
Big Stump Trail	CA	1
Big Sugarloaf Peak	OR	2
Big Sur	CA	0
Big Sur Trail	CA	1
Big Swamp	CA	2
Big Swamp	OR	2
Big Swamp	WA	2
Big Table	OR	2
Big Tip	OR	2
Big Tree Campground	OR	1
Big Tree Grove Campground	CA	1
Big Tree Nature Trail	CA	1
Big Tree Trail	CA	1
Big Trees	CA	0
Big Trees Campground	CA	1
Big Trees Park	CA	1
Big Trees Village	CA	0
Big Twin Lake	CA	2
Big Twin Lake	WA	2
Big Twin Lake Campground	WA	1
Big Twin Lakes Campground	OR	1
Big Tykel Cove	WA	2
Big Valley	CA	0
Big Valley Lake	CA	2
Big Valley State Wildlife Area	WA	1
Big Valley Trail	CA	1
Big Water Lake	CA	2
Big Waterhole	CA	2
Big White Rock	CA	2
Big Windy Creek Campground	OR	1
Bigby Park	CA	1
Bigelow Cholla Garden Wilderness	CA	1
Bigelow Lake	CA	2
Bigelow Lake	WA	2
Bigelow Lakes	OR	2
Bigelow Peak	CA	2
Biggar Rock	CA	2
Biggs	CA	0
Biggs Junction	OR	0
Bighorn Campground	OR	1
Bighorn Lake	CA	2
Bighorn Mountain Wilderness	CA	1
Bighorn Peak	CA	2
Bigler Mountain	WA	2
Bijou Community Park	CA	1
Bill Beck City Park	CA	1
Bill Clark Park	CA	1
Bill Farris Campground	CA	1
Bill Fruit Trail	CA	1
Bill Fruit Trail	OR	1
Bill Lake	CA	2
Bill Lake	WA	2
Bill Lane Camp	CA	1
Bill Neighbor Peak	OR	2
Bill Peak	OR	2
Bill Point	WA	2
Bill Ramos Park	CA	1
Bill Williams Trail	CA	1
Bille Park	CA	1
Billibokka Mountain	CA	2
Billick Burn Trail	OR	1
Billick/Dundee School Park	OR	1
Billie Mountain	CA	2
Bills Hill	CA	2
Bills Trail	CA	1
Billy Burr Lake	OR	2
Billy Clapp Lake State Wildlife Area	WA	1
Billy Creek Campgrounds	CA	1
Billy Goat Hill Park	CA	1
Billy Goat Island	OR	2
Billy Goat Mountain	CA	2
Billy Goat Mountain	WA	2
Billy Goat Peak	CA	2
Billy Hill	CA	2
Billy Jones Lake	OR	2
Billy Lake	CA	2
Billy Lake	OR	2
Billy Mountain	OR	2
Billy-Be-Damn Lake	CA	2
Billys Hill	CA	2
Billys Peak	CA	2
Biloxi	WA	0
Bimetalic Mountain	WA	2
Binder Slough	OR	2
Binegar Butte	OR	2
Bingaman Lake	CA	2
Bingaman Pond	WA	2
Bingen	WA	0
Bingen Treaty Fishing Access Site	WA	1
Bingham	CA	0
Bingham Camp	OR	1
Bingham Creek Trail	WA	1
Bingham Lake	CA	2
Bingham Lake	OR	2
Bingham Lakes	OR	2
Bingham Mountain	OR	2
Bingham Point	OR	2
Bingham Prairie Campground	OR	1
Bingham Ridge Trail	OR	1
Bingham Springs	OR	0
Binghamton	CA	0
Bingo Lake	OR	2
Bingville	WA	0
Binkey Lake	OR	2
Binnacle Rock	CA	2
Binney Junction	CA	0
Biola	CA	0
Biological Hill	WA	2
Birch	WA	0
Birch Bay	WA	0
Birch Bay State Park	WA	1
Birch Campground	CA	1
Birch Grove Park	CA	1
Birch Hill	CA	2
Birch Lake	CA	2
Birch Meadow Acres	CA	0
Birch Mountain	CA	2
Birch Park	CA	1
Birch Point	WA	2
Birch Street Park	OR	1
Birchfield	WA	0
Birchim Lake	CA	2
Birchville	CA	0
Bird Butte	OR	2
Bird Creek Camp	WA	1
Bird Creek Campground	WA	1
Bird Island	CA	2
Bird Island Trail	CA	1
Bird Lake	WA	2
Bird Mountain	WA	2
Bird Point	OR	2
Bird Rock	CA	2
Bird Rock	WA	2
Bird Rocks	OR	2
Bird Rocks	WA	2
Bird Track Park	CA	1
Birds Landing	CA	0
Birds Point	OR	2
Birdsall Park	CA	1
Birdseye Camp	OR	1
Birdsong Butte	OR	2
Birdsong Park	CA	1
Birdsview	WA	0
Birkenfeld	OR	0
Birkestol Point	WA	2
Birney School Park	CA	1
Birthday Lake	OR	2
Bisbee Mountain	WA	2
Bisbee Peak	CA	2
Biscailuz Park	CA	1
Biscar State Wildlife Area	CA	1
Biscuit Butte	OR	2
Biscuit Hill	OR	2
Biscuit Point	CA	2
Biscuit Point	OR	2
Bishop	CA	0
Bishop City Park	CA	1
Bishop Lake	CA	2
Bishop Meadows	OR	2
Bishop Mountain	CA	2
Bishop Mountain	WA	2
Bishop Park Campground	CA	1
Bishop Park Group Campground	CA	1
Bishop Peak	CA	2
Bishop Stevens Campground	CA	1
Bishops Point	WA	2
Bisker	CA	2
Biskra Palms	CA	0
Bismarck Peak	WA	2
Bismarck Trail	WA	1
Bismark Knob	CA	2
Bismark Mountain	WA	2
Bissel	WA	0
Bissell	CA	0
Bissell	OR	0
Bissell Island	WA	2
Bitney Corner	CA	0
Bitter Creek National Wildlife Refuge	CA	1
Bitter Lake	WA	2
Bitter Lick	OR	0
Bitterfoot Mountain	WA	2
Bitterwater	CA	0
Bitterwater Lake	CA	2
Bivalve	CA	0
Bivin Lake	WA	2
Bixby Knolls Park	CA	1
Bixby Mountain	CA	2
Bixby Park	CA	1
Bixler	CA	0
Biz Point	WA	2
Bizz Johnson Trail	CA	1
Blachly	OR	0
Blachly Mountain Forest State Park	OR	1
Black Bear	CA	0
Black Bear Camp	CA	1
Black Bear Campground	CA	1
Black Bear Lake	CA	2
Black Bear Swamp	OR	2
Black Bill Peak	CA	2
Black Butte	CA	0
Black Butte	OR	0
Black Butte	WA	2
Black Butte Ranch	OR	0
Black Butte Swamp	OR	2
Black Buttes	CA	2
Black Buttes	WA	2
Black Camp	CA	1
Black Canyon Butte	OR	2
Black Canyon Camp	OR	1
Black Canyon Campground	CA	1
Black Canyon Trail	OR	1
Black Canyon Wilderness	OR	1
Black Cap	OR	2
Black Cinder Rock	CA	2
Black Cone	CA	2
Black Crater Lake	OR	2
Black Creek Forest Camp	WA	1
Black Diamond	WA	0
Black Diamond Bridge Site State Park	WA	1
Black Diamond Bridge State Park	WA	1
Black Diamond Lake	WA	2
Black Dome	CA	2
Black Forest	CA	0
Black Fox Mountain	CA	2
Black Giant	CA	2
Black Hawk Lake	CA	2
Black Hawk Mountain	CA	2
Black Hawk Mountain	WA	2
Black Head Rock	CA	2
Black Hill	CA	2
Black Hill	WA	2
Black Hill Trail	CA	1
Black Hills	OR	2
Black Jack Bluffs	CA	0
Black Jack Camp	CA	1
Black Jack Mountain	CA	2
Black Kaweah	CA	2
Black Lake	CA	2
Black Lake	OR	2
Black Lake	WA	2
Black Lassic	CA	2
Black Lava Butte	CA	2
Black Marble Mountain	CA	2
Black Meadow Landing	CA	0
Black Mound	OR	2
Black Mountain	CA	2
Black Mountain	OR	2
Black Mountain	WA	2
Black Mountain Boy Scout Camp	WA	1
Black Mountain Camp	CA	1
Black Mountain Conservation Camp	CA	1
Black Mountain Group Campground	CA	1
Black Mountain Open Space	CA	1
Black Mountain Park	CA	1
Black Mountain Scenic Area	CA	1
Black Mountain Trail	CA	1
Black Mountain Truck Trail	CA	1
Black Mountain Wilderness	CA	1
Black Mud Summit	OR	2
Black Oak Campground	CA	1
Black Oak Mountain	CA	2
Black Oaks	CA	0
Black Peak	CA	2
Black Peak	WA	2
Black Pine Basin Trail	WA	1
Black Pine Campground	WA	1
Black Pine Lake	WA	2
Black Point	CA	0
Black Point	OR	2
Black Point	WA	2
Black Point Beach	CA	1
Black Point-Green Point	CA	0
Black Points	OR	2
Black Rascal Creek Park	CA	1
Black Ridge	WA	0
Black Rim	OR	2
Black River - Mima Prairie Glacial Heritage Preserve	WA	1
Black River State Wildlife Area	WA	1
Black Rock	CA	2
Black Rock	OR	0
Black Rock	WA	2
Black Rock Butte	OR	2
Black Rock Campground	CA	1
Black Rock Lake	CA	2
Black Rock Lake	WA	2
Black Rock Mountain	CA	2
Black Rock Pond	WA	2
Black Rock Trail	OR	1
Black Rocks	CA	2
Black Top	OR	2
Black and White Lakes	WA	2
Blackberry Island	CA	2
Blackbird Camp Ground	CA	1
Blackbird Lake	CA	2
Blackburn Talley Park	CA	1
Blackcap Mountain	CA	2
Blackcap Mountain	WA	2
Blackhawk	CA	0
Blackhawk Mountain	CA	2
Blackhorse Butte	OR	2
Blackhorse Lake	WA	2
Blackie Butte	OR	2
Blackie Lake	CA	2
Blackjack Butte	OR	2
Blacklake	CA	0
Blacklock Point	OR	2
Blackmans Lake	WA	2
Blackpine Lake Campground	WA	1
Blackrock	CA	0
Blackrock Lake	CA	2
Blackrock Mountain	CA	2
Blacks Arm	OR	2
Blacks Beach	CA	1
Blacks Camp	CA	1
Blacks Corner	WA	0
Blacks Island	OR	2
Blacks Lake	CA	2
Blacks Lakes	WA	2
Blacks Mountain	CA	2
Blackslough Landing	CA	0
Blacksmith Lake	WA	2
Blacktail	OR	2
Blacktail Butte	WA	2
Blacktail Mountain	WA	2
Blacktop Peak	CA	2
Blackwell County Park	OR	1
Blackwell Hill	OR	2
Blackwell Trail	OR	1
Blackwells Corner	CA	0
Blackwood Lake	WA	2
Blacow Park	CA	1
Blag Mountain	WA	2
Blaine	OR	0
Blaine	WA	0
Blaine Park	CA	1
Blair Field	CA	1
Blair Hill	WA	2
Blair Hills Park	CA	1
Blair Lake	OR	2
Blair Lake Trail	OR	1
Blair Park	CA	1
Blair Valley Campground	CA	1
Blairsden	CA	0
Blaisdell	OR	0
Blaisdell Park	CA	1
Blake Hill	CA	2
Blake Island	WA	2
Blake Island State Marine Park	WA	1
Blake Mountain	CA	2
Blake Park	CA	1
Blake Spring Campground	CA	1
Blake Trail	CA	1
Blakely Harbor	WA	2
Blakely Island	WA	2
Blakely Park	CA	1
Blakely Park	OR	1
Blakely Peak	WA	2
Blakenship Lakes	WA	2
Blakes Landing	CA	0
Blakes Pond	OR	2
Blakeslee Junction	WA	0
Blakey Park	CA	1
Blalock Island	WA	2
Blalock Islands	WA	2
Blalock Mountain	OR	2
Blanc Lake	CA	2
Blanca Lake	WA	2
Blanca Sierra	CA	2
Blanchard	CA	0
Blanchard	WA	0
Blanche Lake	CA	2
Blanco	CA	0
Blanco Mountain	CA	2
Blanco Park	CA	1
Bland Mountain	OR	2
Blank Peak	CA	2
Blank Rock	CA	2
Blankenship Meadows Trail	WA	1
Blanton Ridge City Park	OR	1
Blavo	CA	0
Blaze Lake	OR	2
Blazed Alder Butte	OR	2
Blazed Alder Way Trail	OR	1
Blazer Lake	WA	2
Blethen Island	CA	2
Blewett Summit Trail	WA	1
Blewetts Point	CA	2
Blind Bay	WA	2
Blind Beach	CA	1
Blind Hills	CA	2
Blind Island	WA	2
Blind Point	CA	2
Blithdale Park	CA	1
Blithdale Summit Preserve	CA	1
Blitzen Butte	OR	2
Blitzen Crossing Campground	OR	1
Blizzard Camp	CA	1
Blizzard Peak	WA	2
Bloch Cancer Survivors Park	CA	1
Block Hill	CA	2
Block Hill	WA	2
Block Mountain	WA	2
Blockhouse	WA	0
Blockhouse Butte	WA	2
Blocksburg	CA	0
Blodgett	OR	0
Blodgett Peak	OR	2
Bloede Donovan Park	WA	1
Blood Camp	OR	1
Bloods Point	CA	2
Bloodsucker Lake	CA	2
Bloody Camp	CA	1
Bloody Island	CA	2
Bloody Island Massacre Historical Marker	CA	1
Bloody Lake	CA	2
Bloody Mountain	CA	2
Bloody Nose Trail	CA	1
Bloody Point	CA	2
Bloody Point	OR	2
Bloody Rock	CA	2
Bloom Lake	OR	2
Bloomberg City Park	OR	1
Bloomer Hill	CA	2
Bloomer Lake	CA	2
Bloomer Primitive Recreation Area	CA	1
Bloomfield	CA	0
Bloomfield Campground	CA	1
Bloomfield Park	CA	1
Blooming	OR	0
Bloomingcamp Peak	CA	2
Bloomington	CA	0
Bloomington Park	OR	1
Blooms Bay	WA	2
Blooms Creek Campground	CA	1
Blooms Creek Trail	CA	1
Bloss Park	CA	1
Blossom Hill	CA	2
Blossom Peak	CA	2
Blossom Valley	CA	0
Blow Lake	OR	2
Blowdown Lake	OR	2
Blowers Bluff	WA	2
Blowhole Lake	OR	2
Blowout Cliff	OR	2
Blowout Mountain	WA	2
Blue Angels Peak	CA	2
Blue Bay Campground Boat Ramp	OR	1
Blue Buck Camp	OR	1
Blue Buck Mountain	OR	2
Blue Buck Mountain	WA	2
Blue Buck Trail	WA	1
Blue Bucket Cow Camp	OR	1
Blue Bucket Trail	OR	1
Blue Canyon	CA	0
Blue Canyon	WA	0
Blue Canyon Campground	CA	1
Blue Canyon Lake	CA	2
Blue Canyon Lake	OR	2
Blue Canyon Peak	CA	2
Blue Canyon Trail	CA	1
Blue Canyon Trail	OR	1
Blue Cavern Point	CA	2
Blue Cliffs	CA	2
Blue Creek Camp	WA	1
Blue Creek Campground	CA	1
Blue Creek Campground	WA	1
Blue Creek Meadows	OR	2
Blue Creek Mountain	CA	2
Blue Diamond Lake	WA	2
Blue Goat Mountain	WA	2
Blue Granite Lake	CA	2
Blue Grouse Mountain	WA	2
Blue Gum Park	CA	1
Blue Gums Beach	CA	1
Blue Heaven Lake	CA	2
Blue Heron Bay	OR	2
Blue Heron Beach	WA	1
Blue Heron Lake	WA	2
Blue Hills	CA	0
Blue Hole	CA	2
Blue Jacket Butte	CA	2
Blue Jay Bay	CA	2
Blue Jay Campground	CA	1
Blue Jay Campground	WA	1
Blue Jay Lakes	CA	2
Blue Jay Park	CA	1
Blue Jay Point	CA	2
Blue Lake	CA	0
Blue Lake	OR	2
Blue Lake	WA	2
Blue Lake Camas Prairie Trail	OR	1
Blue Lake Camp	OR	1
Blue Lake Camp Picnic Area	WA	1
Blue Lake Campground	CA	1
Blue Lake Creek Campground	WA	1
Blue Lake Junction	CA	0
Blue Lake Regional Park	OR	1
Blue Lake Springs	CA	0
Blue Lake Trail	CA	1
Blue Lake Trail	OR	1
Blue Lakes	CA	2
Blue Lakes	WA	2
Blue Mountain	CA	2
Blue Mountain	OR	2
Blue Mountain	WA	2
Blue Mountain Camp	OR	1
Blue Mountain County Park	OR	1
Blue Mountain Forest State Scenic Corridor	OR	1
Blue Mountain Lutheran Bible Camp	OR	1
Blue Mountains	WA	2
Blue Nose Bluff	CA	2
Blue Nose Mountain	CA	2
Blue Oak Trail	CA	1
Blue Point	CA	2
Blue Point	WA	2
Blue Point Campground	CA	1
Blue Pond	CA	2
Blue Pool	WA	2
Blue Ridge Camp	CA	1
Blue Ridge National Wildlife Refuge	CA	1
Blue River	OR	0
Blue River Community Park	OR	1
Blue Rock	CA	2
Blue Rock Springs Park	CA	1
Blue Rock Trail	OR	1
Blue Rocks	CA	2
Blue Sky Ecological Reserve	CA	1
Blue Slide	CA	2
Blue Slide	WA	2
Blue Slides Lake	CA	2
Blue Spruce Camp	OR	1
Blue Stilly Park	WA	1
Blue Tent	CA	0
Blue Water	CA	2
Bluebelle Park	OR	1
Blueberry Lake	CA	2
Bluebill Lake	OR	2
Bluebird Park	CA	1
Bluebird Park	OR	1
Bluecreek	WA	0
Bluefish Cove	CA	2
Bluegill Island	CA	2
Bluegrass Butte	OR	2
Bluegrass Downs	OR	1
Bluegum	CA	0
Bluejay Mountain	CA	2
Bluejay Spring Research Natural Area	OR	1
Bluelight	WA	0
Bluenose Peak	CA	2
Bluenose Rock	CA	2
Bluerock Mountain	CA	2
Blueslide	WA	0
Bluestem	WA	0
Bluewater	CA	0
Bluewater Truck Trail	CA	1
Bluff Camp	CA	1
Bluff Camp Forest Service Faciltiy	CA	1
Bluff Camp Recreation Site	CA	1
Bluff Campground	CA	1
Bluff Creek Campground	CA	1
Bluff Falls Campground	CA	1
Bluff Lake	CA	2
Bluff Lake	WA	2
Bluff Lake Trail	WA	1
Bluff Mountain	WA	2
Bluff Park	CA	1
Bluff Point	CA	2
Bluff Trail	CA	1
Bluffs Trail	CA	1
Bluford Trail	CA	1
Blum Lakes	WA	2
Blumaer Hill	WA	2
Blunt	CA	0
Blurock Landing	WA	0
Bly	CA	0
Bly	OR	0
Bly Mountain	OR	2
Blyn	WA	0
Blythe	CA	0
Blythe Lake	WA	2
Blythe Marina Mobile Estates	CA	0
Blythe Street Park	CA	1
Boar Camp	OR	1
Boar Peak	CA	2
Board Camp Butte	CA	2
Board Camp Mountain	CA	2
Board Corral Mountain	OR	2
Board Mountain	OR	2
Board Tree Campground	CA	1
Boardman	OR	0
Boardman Camp	CA	1
Boardman Creek Camp	WA	1
Boardman Lake	WA	2
Boardman Marina Park	OR	1
Boardman Ridge Campground	CA	1
Boards Crossing	CA	0
Boardwalk Park	OR	1
Boat Canyon Park	CA	1
Boat Harbor	WA	2
Boat Landing Campground	WA	1
Boat Park	CA	1
Boat Rock	OR	2
Boaz Mountain	OR	2
Bob Artz Memorial Park	OR	1
Bob Butte	OR	2
Bob Hart Park	CA	1
Bob Hoaglin Place	CA	0
Bob Neal Lake	WA	2
Bob Straub State Park	OR	1
Bobby Bonds Park and Sports Complex	CA	1
Bobby Lake	CA	2
Bobby Lake	OR	2
Bobcat Hills	CA	2
Bobcat Meadow Campground	CA	1
Bobcat Mountain	WA	2
Bobcat Point	CA	2
Bobcat Trail	CA	1
Bobs Bay	OR	2
Bobs Cabin Trail	CA	1
Bobs Flat Trail	CA	1
Bobs Garden Mountain	OR	2
Bobs Garden Trail	OR	1
Bobs Lake	OR	2
Bobs Lake	WA	2
Bobs Lakes	WA	2
Bobs Mobile Home Park	WA	0
Bobs Mountain	WA	2
Bobs Point	WA	2
Bobsled Trail	OR	1
Boca	CA	0
Boca Campground	CA	1
Boca Hill	CA	2
Boca Rest Campground	CA	1
Boccard Point	OR	2
Boddy	WA	0
Bodega	CA	0
Bodega Bay	CA	0
Bodega Dunes Campground	CA	1
Bodega Harbor	CA	2
Bodega Head	CA	2
Bodega Marine Life Refuge	CA	1
Bodega Marine Reserve	CA	1
Bodega Rock	CA	2
Bodelteh Islands	WA	2
Boden Field	CA	1
Bodfish	CA	0
Bodfish Peak	CA	2
Bodger Park	CA	1
Bodie	WA	0
Bodie Bluff	CA	2
Bodie Mountain	CA	2
Bodie Mountain	WA	2
Bodie Mountain Trail	WA	1
Bodie State Historic Park	CA	1
Bodie Tonata Creek Trail	WA	1
Boehne Butte	CA	2
Bog Camp Cabin	OR	1
Bogachiel Lake	WA	2
Bogachiel Peak	WA	2
Bogachiel State Park	WA	1
Bogachiel Trail	WA	1
Bogachiel-Hoh Trail	WA	1
Bogard Buttes	CA	2
Bogard Campground	CA	1
Bogards Camp	CA	1
Bogart County Park	CA	1
Boggs Lake	CA	2
Boggs Lake	OR	2
Boggs Lake Preserve	CA	1
Boggs Mountain	CA	2
Boggs Tract Park	CA	1
Boggy Lake	OR	2
Bogucki Island	WA	2
Bogue	CA	0
Bogus Lake	OR	2
Bogus Mountain	CA	2
Bogus Point	CA	2
Bogus Rim	OR	2
Bohemia Mountain	OR	2
Bohemia Saddle County Park	OR	1
Bohemia Trail	OR	1
Bohemian Park	CA	1
Bohemotash Mountain	CA	2
Bohna Peak	CA	2
Bohnett Park	CA	1
Boiler Bay	OR	2
Boiler Bay State Park	OR	1
Boiling Lake	WA	2
Boiling Point	CA	0
Boiling Springs Lake	CA	2
Boise	WA	0
Boise Cascade Park (historical)	OR	1
Boise Creek Campground	CA	1
Boisseranc Park	CA	1
Boistfort	WA	0
Boistfort Peak	WA	2
Bol Park	CA	1
Bolado Park	CA	1
Bolam	CA	0
Bolan Lake	OR	2
Bolan Lake Trail	OR	1
Bolan Mountain	OR	2
Bolcoff Hill	CA	2
Bolema Trail	CA	1
Bolero Point	CA	2
Boles	CA	0
Bolinas	CA	0
Bolinas Bay	CA	2
Bolinas Lagoon	CA	2
Bolinas Lagoon Nature Preserve	CA	1
Bolinas Park	CA	1
Bolinas Point	CA	2
Bolinas Quail Refuge	CA	1
Bolinas Ridge Fire Trail	CA	1
Bolker Park	CA	1
Bolles	WA	0
Bollinger Mountain	CA	2
Bollinger Place	CA	0
Bollman Lake	CA	2
Bolon Island	OR	2
Bolon Island Tideways State Scenic Corridor	OR	1
Bolsa Bay	CA	2
Bolsa Chica Ecological Reserve	CA	1
Bolsa Chica Lake	CA	2
Bolsa Chica Park	CA	1
Bolsa Chica State Beach	CA	1
Bolsa De Encinal	CA	2
Bolsa Knolls	CA	0
Bolsa Point	CA	2
Bolsa View Park	CA	1
Bolsillo Campground	CA	1
Bolt Camp	WA	1
Bolt Mountain	OR	2
Bolton	OR	0
Bolton Hill	OR	2
Bolton Peninsula	WA	2
Bolton School Park	OR	1
Boly Bluff	OR	2
Bombard Bay	OR	2
Bombay	CA	0
Bombay Beach	CA	0
Bombay Beach Campground	CA	1
Bomo Koral Park	CA	1
Bon Air Hill	CA	2
Bon Air Landing Park	CA	1
Bon Tempe Trail	CA	1
Bon View Park	CA	1
Bonadelle Ranchos	CA	0
Bonadelle Ranchos Five	CA	0
Bonadelle Ranchos Nine	CA	0
Bonadelle Ranchos-Madera Ranchos	CA	0
Bonaire Park	CA	1
Bonanza	OR	0
Bonanza Campground	WA	1
Bonanza Hill	WA	2
Bonanza King	CA	2
Bonanza Park	CA	1
Bonanza Peak	WA	2
Bonanza Springs	CA	0
Bonanza Trail	OR	1
Bonaparte Campground	WA	1
Bonaparte Trail	WA	1
Bonavilla Mobile Home Park	WA	0
Bond Butte	OR	2
Bond Lane City Park	OR	1
Bond Park	CA	1
Bonds Corner	CA	0
Bone Lake	OR	2
Bone Lake	WA	2
Bone Lake Trail	WA	1
Bone Mountain	CA	2
Bone Mountain	OR	2
Bone Point	OR	2
Bone River Natural Area Preserve	WA	1
Bone Spring Campground	OR	1
Bone Spring Hill	CA	2
Bonel Mobile Manor	WA	0
Boner Lake	WA	2
Bonesteele County Park	OR	1
Bonetti	CA	0
Boney Mountain	CA	2
Boney Mountain State Wilderness	CA	1
Boney Peak	CA	2
Bongo Lake	OR	2
Bonifacio Hill	CA	2
Bonilla	CA	0
Bonita	CA	0
Bonita	OR	0
Bonita Butte	CA	2
Bonita Canyon Park	CA	1
Bonita City Park	OR	1
Bonita Cove	CA	2
Bonita Creek Park	CA	1
Bonita Lagoon	CA	2
Bonita Lake	CA	2
Bonita Long Canyon Park	CA	1
Bonita Park	CA	1
Bonnefoy	CA	0
Bonner Lake	WA	2
Bonner Mountain	OR	2
Bonneville	OR	0
Bonneville Mountain	OR	2
Bonneville State Park	OR	1
Bonneville Treaty Fishing Access Site	WA	1
Bonney Butte	OR	2
Bonney Lake	WA	0
Bonney Meadows Trail	OR	1
Bonnie Bell	CA	0
Bonnie Craigs	CA	2
Bonnie Lake	CA	2
Bonnie Lake	OR	2
Bonnie Lake	WA	2
Bonnie Lure State Park	OR	1
Bonnie View	CA	0
Bonnie View Trail	CA	1
Bonny Doon	CA	0
Bonny Doon Beach	CA	1
Bonny Lakes	OR	2
Bonny Slope	OR	0
Bonny Slope Park	OR	1
Bonsall	CA	0
Bonsall Hill	CA	2
Bonsall Preserve	CA	1
Bonte Peak	CA	2
Boo Boo Lake	OR	2
Booher Lake	WA	2
Booker Mountain	WA	2
Booker T Anderson Eastshore Park	CA	1
Boomer Beach	CA	1
Boomer Hill	OR	2
Boomerang Lake	CA	2
Boomerang Lake	WA	2
Boon Hill	CA	2
Boone Acres Park	CA	1
Boone Island	OR	2
Boone Park	CA	1
Boones Ferry City Park	OR	1
Boones Ferry County Boat Launch	OR	1
Boonville	CA	0
Boorman Park	CA	1
Booster Park	CA	1
Boot Bay	WA	2
Boot Lake	OR	2
Boot Lake	WA	2
Boot Mountain	WA	2
Booth Arm	OR	2
Booth Hill	WA	2
Booth Island	OR	2
Booth Knoll	CA	2
Booth Lake	OR	2
Booth Park	OR	1
Booth Point	CA	2
Booth State Scenic Corridor	OR	1
Boothbay Park	CA	1
Boothe Lake	CA	2
Bootjack	CA	0
Bootjack Camp	CA	1
Bootjack Mountain	WA	2
Bootjack Trail	CA	1
Bootleg Campground	CA	1
Boozey Lake	CA	2
Borax Bill Park	CA	1
Borax Lake	CA	2
Borax Lake	OR	2
Borchard Community Park	CA	1
Bordeaux	WA	0
Bordeaux Campground	WA	1
Borden	CA	0
Border Camp	WA	1
Border Field State Park	CA	1
Border Friendship National Monument	CA	1
Border Mountain	CA	2
Border Park	CA	1
Bordwell Park	CA	1
Borealis Peak	WA	2
Borel Hill	CA	2
Borel Park	CA	1
Borges Ranch Park	CA	1
Boring	OR	0
Boring-Estacada Rail Line	OR	1
Bormister	CA	0
Boron	CA	0
Boronda	CA	0
Borosolvay	CA	0
Borrego	CA	0
Borrego Mountain	CA	2
Borrego Palm Canyon Campground	CA	1
Borrego Springs	CA	0
Borst Lake	WA	2
Bos Lake	WA	2
Boscha Lake (historical)	CA	2
Bosco Hill	CA	2
Bosley Butte	OR	2
Bossburg	WA	0
Bostick Mountain	CA	2
Boston Bluff	OR	2
Boston Glacier Research Natural Area	WA	1
Boston Harbor	WA	0
Boston Horse Camp	OR	1
Boston Peak	WA	2
Boston Point	WA	2
Bostonia	CA	0
Bostonia Park	CA	1
Boswell Camp One	CA	1
Boswell Mountain	OR	2
Bosworth Lake	WA	2
Botanical Gardens	CA	1
Bothe-Napa Valley State Park	CA	1
Bothell	WA	0
Bothell East	WA	0
Bothell Landing Park	WA	1
Bothell West	WA	0
Bothin Marsh Preserve	CA	1
Bothwell Recreation Center	CA	1
Bottero Park	OR	1
Bottle Beach State Park	WA	1
Bottle Camp	WA	1
Bottle Hill	CA	2
Bottle Peak	CA	2
Bottle Prairie Trail	OR	1
Bottleneck Lake	CA	2
Bottomless Lake	WA	2
Boucher Hill	CA	2
Boucher Mountain	CA	2
Boucher Trail	CA	1
Bouck Lake	WA	2
Boudes Hill	WA	2
Boulden Hill	WA	2
Boulder Bay	CA	0
Boulder Beach	WA	1
Boulder Butte	OR	2
Boulder Butte	WA	2
Boulder Camp	OR	1
Boulder Campground	CA	1
Boulder Cave Campground	WA	1
Boulder Creek	CA	0
Boulder Creek Campground	CA	1
Boulder Creek Campground	WA	1
Boulder Creek Lakes	CA	2
Boulder Creek Meadows	OR	2
Boulder Creek Park	CA	1
Boulder Creek Trail	OR	1
Boulder Creek Wilderness	OR	1
Boulder Ford Camp	WA	1
Boulder Gulch Campground	CA	1
Boulder Hill	CA	2
Boulder Hill Park	CA	1
Boulder Island	WA	2
Boulder Lake	CA	2
Boulder Lake	OR	2
Boulder Lake	WA	2
Boulder Lake Trail	OR	1
Boulder Lake Trail	WA	1
Boulder Lake Way Trail	OR	1
Boulder Mountain	WA	2
Boulder Oaks	CA	0
Boulder Oaks Campground	CA	1
Boulder Park	CA	0
Boulder Peak	CA	2
Boulder Peak	OR	2
Boulder Peak	WA	2
Boulder Point	CA	2
Boulder Point	OR	2
Boulder Pond	OR	2
Boulder River Wilderness	WA	1
Boulder Spring Trail	OR	1
Bouldin Island	CA	2
Boulevard	CA	0
Boulevard Lane Park	WA	1
Boulevard Park	WA	0
Boulevard Trail	OR	1
Boulware Park	CA	1
Boundary	WA	0
Boundary Bay	WA	2
Boundary Bluff	WA	2
Boundary Butte	OR	2
Boundary Butte	WA	2
Boundary Campground	OR	1
Boundary Hill	CA	2
Boundary Lake	CA	2
Boundary Lake	WA	2
Boundary Lakes	WA	2
Boundary Mountain	WA	2
Boundary National Recreation Trail	CA	1
Boundary Peak	CA	2
Boundary Peak	WA	2
Boundary Picnic Ground	OR	1
Boundary Point	WA	2
Boundary Trail	CA	1
Boundary Trail	OR	1
Boundary Trail	WA	1
Bounds Pond	WA	2
Bounty Lake	OR	2
Bouquet Campground	CA	1
Bouquet Campground Number Four	CA	1
Bouquet Campground Number Three	CA	1
Bouquet Canyon Park	CA	1
Bourgeau Lake	WA	2
Bourland Mountain	CA	2
Bourne	OR	0
Bourne Trail	CA	1
Bourns Rock	CA	2
Bouton Lake	CA	2
Bouverie Wildflower Preserve	CA	1
Bovee Park	WA	1
Bow	WA	0
Bow Lake Residential Mobile Home Community	WA	0
Bowan Mountain	WA	2
Bowden Hills	OR	2
Bowden Park	CA	1
Bowen Lake	WA	2
Bowen Mountain	WA	2
Bower Slough	WA	2
Bowerbank	CA	0
Bowerman Basin	WA	2
Bowerman Lake	OR	2
Bowerman Peak	CA	2
Bowers Lake	WA	2
Bowers Park	CA	1
Bowers Rocks State Park	OR	1
Bowersox Lake	OR	2
Bowl and Pitcher Park	WA	1
Bowlby City Park	OR	1
Bowler Group Campground	CA	1
Bowles	CA	0
Bowles Lakes	WA	2
Bowling Ball Beach	CA	1
Bowling Green	CA	1
Bowling Green Park	CA	1
Bowlus Hill	OR	2
Bowman	CA	0
Bowman Bay	WA	2
Bowman Cove	WA	2
Bowman Hill	WA	2
Bowman Hilton Mobile Home Park	WA	0
Bowman Lake	WA	2
Bowman Mountain	CA	2
Bowman Mountain	WA	2
Bowman Mountain Trail	CA	1
Bowman Place	CA	0
Bowman Trail	OR	1
Bowser Lake	WA	2
Box Butte	OR	2
Box Camp	CA	1
Box Camp Mountain	CA	2
Box Canyon Horse Camp	OR	1
Box Canyon Lake	WA	2
Box Lake	CA	2
Box Lake	OR	2
Box Mountain	WA	2
Box Mountain Lakes	WA	2
Box Spring Loop	CA	1
Box Springs Butte	OR	2
Box Springs Mountain Regional Park	CA	1
Boxcar Park	WA	1
Boy Scout Camp	CA	1
Boy Scout Camp	OR	1
Boy Scout Camp Cove	CA	2
Boy and Dog Park	WA	1
Boyar Park	CA	1
Boyce Waterhole	OR	2
Boyd	OR	0
Boyd Hill	CA	2
Boyd Hill	WA	2
Boyd Lake	WA	2
Boyd Memorial Park	CA	1
Boyd Park	CA	1
Boyds	WA	0
Boyer	OR	0
Boyer Mountain	WA	2
Boyers Landing	CA	0
Boyes Hot Springs	CA	0
Boyington Mill Campground	CA	1
Boyle Heights Recreation Center	CA	1
Boyle Heights Sports Center Park	CA	1
Boyle Lake	WA	2
Boyles Lake	WA	2
Boylston	WA	0
Boynton Park	OR	1
Boys Republic	CA	0
Boysen Park	CA	1
Brace	WA	0
Brace Canyon Park	CA	1
Brace Point	WA	2
Bracher Park	CA	1
Bracken Brae	CA	0
Bracken Point	WA	2
Brackenridge Bluff	WA	2
Bracker Hill	WA	2
Bracket Mountain	OR	2
Brackney	CA	0
Bracut	CA	0
Bradbury	CA	0
Bradbury Campground	WA	1
Bradeen Hill	WA	2
Brader Lake	WA	2
Bradford Island	CA	2
Bradford Island	OR	2
Bradford Mountain	CA	2
Bradford Park	CA	1
Bradish Lake	OR	2
Bradley	CA	0
Bradley Corner	OR	0
Bradley Lake	OR	2
Bradley Lake Park Boat Ramp	OR	1
Bradley State Park	OR	1
Bradley Trail	OR	1
Bradley Truck Trail	WA	1
Bradmoor Island	CA	2
Bradshaw Drop	OR	2
Bradwood	OR	0
Brady	WA	0
Brady Butte	OR	2
Brady Mountain	CA	2
Bradys	CA	0
Bradys Camp	CA	1
Bragur	CA	0
Brahma Lake	OR	2
Brainard	CA	0
Brainerd Lake	CA	2
Braley Park	CA	1
Brallier Swamp	OR	2
Bramblewood City Park	OR	1
Bramlet Place	CA	0
Branch Canyon Campground	CA	1
Branch Memorial Park	CA	1
Branch Mountain	CA	2
Brand Park	CA	1
Brandeis	CA	0
Brandenburg Butte	OR	2
Brandenburg Marsh	WA	2
Brandis City Park	OR	1
Brandis Square	OR	1
Brandon Camp	OR	1
Brandon Corner	CA	0
Brandon South Jetty County Park	OR	1
Brandts Landing	WA	0
Brandy City	CA	0
Brandy Creek Campground	CA	1
Brandy Peak	OR	2
Branford Mountain	CA	2
Branford Park	CA	1
Branham Park	CA	1
Branigan Lake	CA	2
Brannan Island	CA	2
Brannan Mountain	CA	2
Brannan Park	WA	1
Brannan School Park	CA	1
Brannon Island State Recreational Area	CA	1
Branscomb	CA	0
Branson Hill	WA	2
Brant	CA	0
Brant Island	WA	2
Brant Point	WA	2
Brattain Butte	OR	2
Brattain Hill	OR	2
Brave Lake	CA	2
Brawley	CA	0
Bray	CA	0
Bray Mountain	OR	2
Bray Point	OR	2
Brazel Hill	WA	2
Brazil Quarry Park	CA	1
Brazos	CA	0
Brea	CA	0
Brea Chem	CA	0
Brea Park	CA	1
Brea Reservoir Park	CA	1
Breaker Lake	WA	2
Breaker Point	CA	2
Breakers	WA	0
Breckenridge Campground	CA	1
Breckenridge Mountain	CA	2
Bredehoft Place	CA	0
Breeze Hill	CA	2
Breeze Hill Park	CA	1
Breeze Lake	CA	2
Breezy Point	CA	2
Breezy Point	OR	2
Breezy Point	WA	2
Breidablick	WA	0
Breitenbush	OR	0
Breitenbush Hot Springs	OR	0
Breitenbush Lake	OR	2
Breitenbush Mountain	OR	2
Brela	CA	0
Bremer	WA	0
Bremer Mountain	WA	2
Bremerton	WA	0
Bremerton Junction	WA	0
Brengle Terrace City Park	CA	1
Brennan	WA	0
Brennan Palisades	OR	2
Brennan Park	CA	1
Brenner Park	CA	1
Brentlinger Park	CA	1
Brents Junction	CA	0
Brents Mountain	CA	2
Brentwood	CA	0
Brentwood City Park	OR	1
Brentwood Park	CA	0
Brentwood Park	OR	1
Bret Harte Park	CA	1
Bretland	WA	0
Bretz Mill	CA	0
Brew Hill	WA	2
Brewer City Park	OR	1
Brewer Island	CA	2
Brewer Lake	CA	2
Brewer Mountain	WA	2
Brewery Hill	CA	2
Brewster	WA	0
Brewster Lake	WA	2
Briarcrest	WA	0
Briarcrest Peak	CA	2
Briarwood	OR	0
Briarwood Park	CA	1
Briceburg	CA	0
Briceland	CA	0
Brick Wagner Park	WA	1
Brickerville	OR	0
Brickyard Cove	CA	2
Brickyard Park	CA	1
Bridal Veil	OR	0
Bridal Veil Campground	CA	1
Bridal Veil Falls State Park	OR	1
Bridalveil Campground	CA	1
Bridge	OR	0
Bridge Camp	CA	1
Bridge Campground	CA	1
Bridge Creek Campground	WA	1
Bridge Creek Historic Site	CA	1
Bridge Creek Wilderness	OR	1
Bridge Creek Wildlife Area	OR	1
Bridge Flat Campground	CA	1
Bridge Park	OR	1
Bridge Point	CA	2
Bridgehaven	CA	0
Bridgehaven	WA	0
Bridgehead	CA	0
Bridgeman Pond	WA	2
Bridgepoint Park	CA	1
Bridgeport	CA	0
Bridgeport	OR	0
Bridgeport	WA	0
Bridgeport Bar State Wildlife Area	WA	1
Bridgeport Park	WA	1
Bridgeport Point	WA	2
Bridgeport State Park	WA	1
Bridgeport State Wildlife Area	WA	1
Bridges Lake	WA	2
Bridgeview	OR	0
Bridgeville	CA	0
Bridle Trail	CA	1
Bridle Trails State Park	WA	1
Brier	WA	0
Briercrest	WA	0
Briercrest Park	CA	1
Brigantine Bay	WA	2
Briggs Hill	OR	2
Briggs Hill	WA	2
Briggs Ranch Mini Park	CA	1
Briggs Ranch Neighborhood Park	CA	1
Briggs Terrace	CA	0
Bright Dot Lake	CA	2
Bright Star Wilderness	CA	1
Brightman Flat Campground	CA	1
Brighton	OR	0
Brighton Beach	WA	1
Brightside	CA	0
Brightwood	OR	0
Briley Mountain	OR	2
Brimer Hill	WA	2
Brinkman Butte	CA	2
Brinnon	WA	0
Briones	CA	0
Briones Park	CA	1
Briones Regional Park	CA	1
Brisbane	CA	0
Brisco Butte	CA	2
Brisco Point	WA	2
Briscoe Lake	WA	2
Briscoe Rocks	CA	2
Bristol	WA	0
Bristol Bay Linear Park	CA	1
Bristol Lake	CA	2
Bristol Mountains Wilderness	CA	1
Bristow Park	CA	1
Bristow Trail	OR	1
British Petroleum State Wildlife Area	WA	1
Brito	CA	0
Britt Garden County Park	OR	1
Britt Nichols County Park	OR	1
Brittan Knoll	CA	2
Brittany Lake	OR	2
Brittell Park	CA	1
Britton Field	CA	1
Brix Bay	WA	2
Broad Slough	CA	2
Broadbent	OR	0
Broadcast Peak	CA	2
Broadmead	OR	0
Broadmoor	CA	0
Broadmoor	WA	0
Broadmoor Village	CA	0
Broadway Park	CA	1
Broadway Park	WA	1
Broadwell	CA	0
Broadwell Mesa	CA	2
Brock Butte	CA	2
Brock Mountain	CA	2
Brock Park	CA	1
Brockdale	WA	0
Brockman	CA	0
Brockmans Corner	CA	0
Brockmans Horse Camp	CA	1
Brockton Grissom Park	CA	1
Brockway	CA	0
Brockway	OR	0
Brockway Park	CA	1
Brockway Point	CA	2
Brockway Summit	CA	2
Brockway Vista	CA	0
Brogan	OR	0
Brogan Hill	OR	2
Broken Finger Peak	CA	2
Broken Hill	CA	2
Broken Point	WA	2
Broken Rib Mountain	CA	2
Broken Top	OR	2
Broken Top Trail	OR	1
Brokeoff Mountain	CA	2
Bromart	WA	0
Bromela	CA	0
Brommer Park	CA	1
Bronaugh Memorial Plaque	OR	1
Bronco	CA	0
Bronco Butte	OR	2
Bronson Creek Park	OR	1
Brook Haven Park	CA	1
Brook Lake	OR	2
Brook Lake	WA	2
Brook Street Park	CA	1
Brook's Landing	CA	1
Brookdale	CA	0
Brookdale	WA	0
Brookdale Greens Mobile Home Park	WA	0
Brookdale Park	CA	1
Brookfield Point	WA	2
Brookfield Village Park	CA	1
Brookglen Park	CA	1
Brookhaven Park	CA	1
Brookhaven Park	OR	1
Brookings	OR	0
Brooklyn	WA	0
Brooklyn City Park	OR	1
Brooklyn School Park	OR	1
Brooks	CA	0
Brooks	OR	0
Brooks Falls Overlook Trail	CA	1
Brooks Hill	WA	2
Brooks Island	CA	2
Brooks Island Regional Shoreline	CA	1
Brooks Memorial State Park	WA	1
Brooks Mill	CA	0
Brooks Park	CA	1
Brooks Park	OR	1
Brookshire	CA	0
Brookshire Campground	CA	1
Brookshire Childrens Park	CA	1
Brookside Mobile Home Park	CA	0
Brookside Mobile Home Park	WA	0
Brookside Park	CA	1
Brookside Park	OR	1
Brooktrails	CA	0
Brooktree Park	CA	1
Brookvale Park	CA	1
Brookview Park	OR	1
Brookway Park	CA	1
Brookwood Mobile Home Park	WA	0
Brookwood Park	CA	1
Brophy Hill	OR	2
Brosman Mountain	OR	2
Brother Jonathan Park	CA	1
Brothers	CA	1
Brothers	OR	0
Broughton Beach	OR	1
Broughton Bluff	OR	2
Browder Ridge Trail	OR	1
Brown	CA	0
Brown Bear Camp	WA	1
Brown Bear Lake	CA	2
Brown Butte	CA	2
Brown Butte	OR	2
Brown Buttes	CA	2
Brown Camp	CA	1
Brown Cone	CA	2
Brown Cove	WA	2
Brown Cow Camp	CA	1
Brown Creek Campground	WA	1
Brown Island	WA	2
Brown Lake	CA	2
Brown Lake	WA	0
Brown Mountain	CA	2
Brown Mountain	OR	2
Brown Mountain	WA	2
Brown Mountain Trail	OR	1
Brown Park	OR	1
Brown Peak	CA	2
Brown Peak	WA	2
Brown Place	CA	0
Brown Point	WA	2
Brown Rock	OR	2
Brown Rock	WA	2
Browne Mountain	WA	2
Brownell Camp	CA	1
Brownie Creek Trail	OR	1
Brownie Lake	WA	2
Browning	CA	0
Browning Road Park	CA	1
Brownlee	OR	0
Browns Bay	WA	2
Browns Camp	CA	1
Browns Camp OHV Staging Area	OR	1
Browns Camp Trailhead	CA	1
Browns Cove	OR	2
Browns Creek Park	CA	1
Browns Ferry City Park	OR	1
Browns Flat	CA	0
Browns Hill	CA	2
Browns Island	CA	2
Browns Island	OR	2
Browns Island	WA	2
Browns Island Regional Shoreline	CA	1
Browns Knob	CA	2
Browns Lake	CA	2
Browns Lake	WA	2
Browns Lake Campground	WA	1
Browns Landing State Park	OR	1
Browns Mountain	CA	2
Browns Mountain	OR	2
Browns Park	WA	1
Browns Point	WA	0
Browns Ravine Cove	CA	2
Browns Ravine Recreation Area	CA	1
Browns Valley	CA	0
Brownsboro	OR	0
Brownsmead	OR	0
Brownstown	WA	0
Brownsville	OR	0
Brownsville	WA	0
Brownsville State Historic Landmark	CA	1
Brownsville State Wayside (historical)	OR	1
Browntown	OR	0
Bruce	WA	0
Bruce Camp	OR	1
Bruceport	WA	0
Bruceport Park	WA	1
Bruceville	CA	0
Bruhel Point	CA	2
Bruin Run Campground (historical)	OR	1
Bruna Vista Park	CA	1
Bruning Park	CA	1
Brunnell Cliff	CA	2
Brunner Hill	CA	2
Brunner Hill	WA	2
Bruno Lakes	OR	2
Bruno Meadows Trail	OR	1
Brunswick Park	CA	1
Brush Camp	CA	1
Brush Canyon Park	CA	1
Brush College	OR	0
Brush College City Park	OR	1
Brush Creek	CA	0
Brush Creek Camp	OR	1
Brush Creek Lagoon Lake Wetlands and Coastal Dunes Natural Preserve	CA	1
Brush Creek Trail	OR	1
Brush Creek Trail	WA	1
Brush Hill	CA	2
Brush Island	OR	2
Brush Lagoon (historical)	CA	2
Brush Lake	OR	2
Brush Lake	WA	2
Brush Mountain	CA	2
Brush Mountain	OR	2
Brush Mountain	WA	2
Brush Peak	CA	2
Brush Prairie	WA	0
Brushy Bald Mountain	OR	2
Brushy Butte	CA	2
Brushy Butte	OR	2
Brushy Draw Way	OR	1
Brushy Hill	CA	2
Brushy Hill	OR	2
Brushy Lake	CA	2
Brushy Mountain	CA	2
Brushy Mountain	OR	2
Brushy Peak	CA	2
Brushy Peaks	CA	2
Brushy Peaks Trail	CA	1
Brushy Sky High	CA	2
Bryan Butte	WA	2
Bryant	OR	0
Bryant	WA	0
Bryant Field	CA	1
Bryant Hill	WA	2
Bryant Lake	OR	2
Bryant Lake	WA	2
Bryant Mountain	OR	2
Bryant Park	OR	1
Bryant Peak	WA	2
Bryant Woods Nature Park	OR	1
Bryants	CA	0
Bryce Lake	OR	2
Bryman	CA	0
Bryn Mawr	CA	0
Bryn Mawr	WA	0
Bryn Mawr-Skyway	WA	0
Bryson	CA	0
Bryte Park	CA	1
Brywood Park	CA	1
Bu-Shay Campground	CA	1
Bub Williamson Park	CA	1
Bubb Park	CA	1
Buccaneer Beach Park	CA	1
Buchanan	CA	0
Buchanan	OR	0
Buchanan Park	CA	1
Bucher Swamp	CA	2
Buchli	CA	0
Buck Bay	CA	2
Buck Bay	WA	2
Buck Butte	CA	2
Buck Butte	OR	2
Buck Buttes	CA	2
Buck Cabin Trail	OR	1
Buck Camp	CA	1
Buck Camp	OR	1
Buck Camp	WA	1
Buck Camp Ranger Station	CA	1
Buck Campground	CA	1
Buck Canyon Trail	OR	1
Buck Creek Campground	OR	1
Buck Creek Campground	WA	1
Buck Creek Campsite	CA	1
Buck Creek Group Camp	OR	1
Buck Creek Trail	CA	1
Buck Creek Trail	OR	1
Buck Fork Trail	OR	1
Buck Hill	CA	2
Buck Island	CA	2
Buck Island	OR	2
Buck Island	WA	2
Buck Knoll	CA	2
Buck Knoll	WA	2
Buck Lake	CA	2
Buck Lake	OR	2
Buck Lake	WA	2
Buck Lake Campground	WA	1
Buck Lake Trail	OR	1
Buck Lakes	CA	2
Buck Meadow Campground	CA	1
Buck Meadows	CA	0
Buck Meadows Trail	OR	1
Buck Mesa	CA	2
Buck Mountain	CA	2
Buck Mountain	OR	2
Buck Mountain	WA	2
Buck Mountain Fire Break	OR	1
Buck Mountain Lake	CA	2
Buck Peak	CA	2
Buck Peak	OR	2
Buck Point	CA	2
Buck Point	OR	2
Buck Point Trail	OR	1
Buck Ranch Motor Wax Jeep Trail	CA	1
Buck Ridge Trail	CA	1
Buck Rock	CA	2
Buck Rock Campground	CA	1
Buck Rock Peak	CA	2
Buck Run City Park	OR	1
Buck Spring Campground	OR	1
Buckaroo Lake	OR	2
Buckboard Park	CA	1
Buckbrush Poison Butte	OR	2
Bucket Lake	OR	2
Buckeye	CA	0
Buckeye	WA	0
Buckeye Butte	OR	2
Buckeye Camp	CA	1
Buckeye Campground	CA	1
Buckeye Flat Campground	CA	1
Buckeye Hill	CA	2
Buckeye Lake	OR	2
Buckeye Lake Campground	OR	1
Buckeye Mountain	CA	2
Buckeye Park	CA	1
Buckeye Point	CA	2
Buckeye Trail	CA	1
Buckhead Mountain	OR	2
Buckhead Mountain Campground	OR	1
Buckhead Trail	OR	1
Buckheaven	OR	0
Buckhorn	CA	0
Buckhorn	OR	2
Buckhorn	WA	0
Buckhorn Bally	CA	2
Buckhorn Camp	CA	1
Buckhorn Camp	OR	1
Buckhorn Cove	CA	2
Buckhorn Estates	CA	0
Buckhorn Hill	WA	2
Buckhorn Lake	CA	2
Buckhorn Lake	WA	2
Buckhorn Meadows Trail	OR	1
Buckhorn Mountain	CA	2
Buckhorn Mountain	OR	2
Buckhorn Mountain	WA	2
Buckhorn Peak	CA	2
Buckhorn Springs	OR	0
Buckhorn Trail	CA	1
Buckhorn Waterhole	CA	2
Buckhorn Wilderness	WA	1
Buckingham Bluffs	CA	2
Buckingham Mountain	CA	2
Buckingham Park	CA	0
Buckingham Peak	CA	2
Buckingham Point	CA	2
Buckley	WA	0
Buckley Cove	CA	2
Buckley Cove Park	CA	1
Buckley Park	OR	1
Bucklin Hill	WA	2
Bucklin Park	CA	1
Bucklin Trail	CA	1
Buckman Field	OR	1
Buckmans Lake	WA	2
Buckmaster Flat	OR	2
Buckmire Slough	WA	2
Buckneck Mountain	OR	2
Bucknell Trail	CA	1
Buckner Mountain	WA	2
Bucks Bar Campground	CA	1
Bucks Corners	OR	0
Bucks Knob	WA	2
Bucks Lake	CA	0
Bucks Lake Wilderness	CA	1
Bucks Lodge	CA	0
Bucks Lodge Campground	CA	1
Bucks Mountain	CA	2
Bucks Peak	CA	2
Bucks Summit	CA	2
Buckshot Hill	OR	2
Buckskin Butte	OR	2
Buckskin Creek Campground	WA	1
Buckskin Flat Camp	CA	1
Buckskin Lake	WA	2
Buckskin Mini-Park	OR	1
Buckskin Mountain	OR	2
Buckskin Mountain	WA	2
Buckskin Peak	OR	2
Buckskin Point	WA	2
Bucksnort Mountain	CA	2
Bucksnort Trail	CA	1
Bucksport	CA	0
Bucktail	CA	0
Bucktown	CA	0
Bucoda	WA	0
Bucoda Volunteer Park	WA	1
Bud Cross Park	OR	1
Budd Inlet	WA	2
Budd Lake	CA	2
Budd Mountain	OR	2
Budger Lake	OR	2
Buell	OR	0
Buell County Park	OR	1
Buell Peak	WA	2
Buell-Miller County Park	OR	1
Buellton	CA	0
Buellton Park	CA	1
Buena	CA	0
Buena	WA	0
Buena Park	CA	0
Buena Vista	CA	0
Buena Vista	OR	0
Buena Vista Aquatic Recreational Area	CA	1
Buena Vista County Park	OR	1
Buena Vista Equestrian Park	CA	1
Buena Vista Heights	CA	2
Buena Vista Lagoon	CA	2
Buena Vista Lake	CA	2
Buena Vista Lake (historical)	CA	2
Buena Vista Mountain	CA	2
Buena Vista Park	CA	1
Buena Vista Peak	CA	2
Buena Vista Peaks	CA	2
Buena Vista Reservoir	CA	1
Buena Vista State Park	OR	1
Buena Vista Trail	CA	1
Buenna	WA	0
Buffalo Hill	CA	0
Buffalo Hills Park	CA	1
Buffalo Lake	WA	2
Buffalo Rock	OR	2
Buffingtons Lagoon	WA	2
Buford Hill	OR	2
Buford Mountain	CA	2
Bug Butte	OR	2
Bug Creek Butte	CA	2
Bug Lake	CA	2
Bug Lake	OR	2
Bug Table	CA	2
Bugger Lake	WA	2
Buggy Trail	CA	1
Bugle Lake	CA	2
Bugler Cove Park	CA	1
Buhach	CA	0
Buhrig Lake	WA	2
Bulgarians Lake	WA	2
Bulger Hill	OR	2
Bull Bend Campground Boat Launch	OR	1
Bull Creek	CA	0
Bull Creek Flats Trail	CA	1
Bull Creek Pond	OR	2
Bull Creek State Wilderness	CA	1
Bull Flat Camp	CA	1
Bull Flat Lake	OR	2
Bull Gap Campground (historical)	OR	1
Bull Hill	CA	2
Bull Island	CA	2
Bull Island	OR	2
Bull Lake	CA	2
Bull Mountain	OR	2
Bull Point	CA	2
Bull Prairie Campground Boat Ramp	OR	1
Bull Prairie Trail	OR	1
Bull Run	OR	0
Bull Run Cattle Drive	CA	1
Bull Run Lake	CA	2
Bull Run Lake	OR	2
Bull Run Lake Trail	OR	1
Bull Run Peak	CA	2
Bull Run Research Natural Area	OR	1
Bull Run Rock	CA	2
Bull Run Trail	OR	1
Bull Run Water Shed	OR	1
Bull Spring Mountain	CA	2
Bull Swamp	OR	2
Bull of the Woods	OR	2
Bull of the Woods Trail	OR	1
Bull of the Woods Wilderness	OR	1
Bullard	CA	0
Bullard Lake	CA	2
Bullard Mountain	CA	2
Bullards	OR	0
Bullards Beach State Park	OR	1
Bulldog Diamond	CA	1
Bulldog Mountain	WA	2
Bullen Lake	WA	2
Buller Lake	WA	2
Bullet Hill	CA	2
Bullet Lake	CA	2
Bullfrog Lake	CA	2
Bullfrog Mountain	WA	2
Bullfrog Pond	WA	2
Bullfrog Pond Campground	CA	1
Bullion Bend Historic Marker	CA	1
Bullion Campsite	WA	1
Bullion Hill	CA	2
Bullion Knob	CA	2
Bullion Mountain	CA	2
Bullpen Lake	CA	2
Bullpup Lake	OR	2
Bullrun Mountain	OR	2
Bullrun Rock	OR	2
Bulls Eye Butte	OR	2
Bulls Head	WA	2
Bulls Head Point	CA	2
Bulls Tooth	WA	2
Bullseye Lake	CA	2
Bullshead	CA	2
Bully Choop Mountain	CA	2
Bully Creek Campground	OR	1
Bully Hill	CA	0
Bulo Point	OR	2
Bumblebee	CA	0
Bummer Lake	CA	2
Bummer Peak	CA	2
Bummerville	CA	0
Bump Heads	CA	2
Bump Lake	OR	2
Bumpass Mountain	CA	2
Bumping Crossing Campground	WA	1
Bumping Dam Campground	WA	1
Bumping Lake Trail	WA	1
Bumstead Spit	WA	2
Bunch Bar Wayside	OR	1
Bunch Lake	WA	2
Bunchgrass Butte	OR	2
Bunchgrass Campground	CA	1
Bunchgrass Lake	WA	2
Bunchgrass Mountain	CA	2
Bunchgrass Mountain	OR	2
Bunchgrass Trail	CA	1
Bunchgrass Trail	OR	1
Buncom	OR	0
Bunk Foss	WA	0
Bunker	CA	0
Bunker	WA	0
Bunker Hill	CA	0
Bunker Hill	OR	0
Bunker Hill	WA	0
Bunker Lake	CA	2
Bunker Mountain	CA	2
Bunn Lake	WA	2
Bunnel Point	CA	2
Bunnell Butte	WA	2
Bunnell Cliff	CA	2
Bunnell Park	OR	1
Bunnell Point	CA	2
Bunny Butte	OR	2
Bunny Lake	CA	2
Buntingville	CA	0
Buoy Bay	WA	2
Burbank	CA	0
Burbank	WA	0
Burbank Heights	WA	0
Burbank Park	CA	1
Burbank Playground	CA	1
Burbank School Park	CA	1
Burbank Slough	WA	2
Burbank YMCA Camp	CA	1
Burbeck	CA	0
Burch Mountain	WA	2
Burdell	CA	0
Burdell Island	CA	2
Burdell Mountain	CA	2
Burden Lake	WA	2
Burdoin Mountain	WA	2
Burg Mountain	OR	2
Burg Park	CA	1
Burge Mountain	WA	2
Burger Butte	OR	2
Burger Lake	CA	2
Burgess Park	CA	1
Burgett Hill	OR	2
Burgett Peak	WA	2
Burglund Pond	OR	2
Burgson Lake	CA	2
Buri Buri Park	CA	1
Buried Mountain	CA	2
Burien	WA	0
Burien Lake	WA	2
Burke Bay	WA	2
Burke Gilman Trail	WA	1
Burke Hill	CA	2
Burke Hill	WA	2
Burke Island	WA	2
Burke Lake	OR	2
Burke Lake	WA	2
Burke Park	CA	1
Burkhardt Lake	CA	2
Burkhart Park	OR	1
Burkhart Trail	CA	1
Burleigh Murray Ranch State Park	CA	1
Burley	WA	0
Burley Bluff	OR	2
Burley Lagoon	WA	2
Burley Mountain	WA	2
Burlingame	CA	0
Burlingame	OR	0
Burlingame City Park	OR	1
Burlingame Village Park	CA	1
Burlingham Park	OR	1
Burlington	CA	0
Burlington	OR	0
Burlington	WA	0
Burlington Campground	CA	1
Burlington Hill	WA	2
Burlington Mobile Park	WA	0
Burlington Trail	CA	1
Burlington-Weott Trail	CA	1
Burma Rim	OR	2
Burma Summit	CA	2
Burn Butte	OR	2
Burned Hill	CA	2
Burned Mountain	CA	2
Burner Point	WA	2
Burness	CA	0
Burnett	WA	0
Burnett Camp	CA	1
Burnett Canyon Trail	CA	1
Burnett Peak	CA	2
Burney	CA	0
Burney Civic Park	CA	1
Burney Lake	CA	2
Burney Mountain	CA	2
Burney Spring Mountain	CA	2
Burnham	CA	0
Burnham Smith Park	CA	1
Burns	OR	0
Burns Butte	OR	2
Burns Camp	CA	1
Burns Chalks	CA	2
Burns Cove	WA	2
Burns Island Park	OR	1
Burns Park	OR	1
Burns Point	WA	2
Burns Truck Trail	CA	1
Burnside Lake	CA	2
Burnside Lake Trail	CA	1
Burnside Park	OR	1
Burnsridge Park	OR	1
Burnt Bridge Campground	CA	1
Burnt Butte	OR	2
Burnt Camp	CA	1
Burnt Camp Trail	CA	1
Burnt Granite	OR	2
Burnt Hill	WA	2
Burnt Lake	OR	2
Burnt Lake Trail	OR	1
Burnt Mountain	CA	2
Burnt Mountain	OR	2
Burnt Mountain	WA	2
Burnt Mountain Recreation Site	OR	1
Burnt Peak	CA	2
Burnt Peak	OR	2
Burnt Peak	WA	2
Burnt Peak Trail	CA	1
Burnt Point	CA	2
Burnt Point	OR	2
Burnt Ranch	CA	0
Burnt Ranch Campground	CA	1
Burnt Rancheria Campground	CA	1
Burnt Rock	OR	2
Burnt Stump Butte	OR	2
Burnt Timber Mountain	OR	2
Burnt Top	OR	2
Burnt Woods	OR	0
Burntwood Powerline Park	OR	1
Burntwood West Park	OR	1
Burntwood West Upper Park	OR	1
Buroker	WA	0
Burpee Hill	WA	2
Burr	CA	0
Burr	WA	0
Burra Burra Peak	CA	2
Burrel	CA	0
Burrel McDonald Park	CA	1
Burrell Field	CA	1
Burrill Peak	CA	2
Burris Creek Recreation Area	CA	1
Burris Park	CA	1
Burro Lake	CA	2
Burro Mountain	CA	2
Burro Peak	CA	2
Burrough Mountain	CA	2
Burroughs Mountain	WA	2
Burrows	WA	0
Burrows Bay	WA	2
Burrows Island	WA	2
Burrows Landing Park	WA	1
Burson	CA	0
Burst Rock	CA	2
Burt	WA	0
Burt Camp	OR	1
Burton	WA	0
Burton Acres Park	WA	1
Burton Butte	OR	2
Burton Camp	CA	1
Burton Chace Park	CA	1
Burton Creek Natural Preserve	CA	1
Burton Creek State Park	CA	1
Burton Hill	OR	2
Burton Homes	WA	0
Burton Mesa	CA	2
Burton Mill	CA	0
Burton Park	OR	1
Bus McGall	CA	2
Busane Peak	CA	2
Busby	WA	0
Busch Gardens	CA	1
Buschalaugh Cove	CA	2
Buscones Peak	CA	2
Bush	CA	0
Bush	WA	0
Bush Hill	CA	2
Bush Mound	OR	2
Bush Mountain	CA	2
Bush Pioneer County Park	WA	1
Bush Point	WA	2
Bush Street-Cottage Row Historic District	CA	1
Bush's Pasture City Park	OR	1
Bushard Park	CA	1
Bushoowah-ahlee Point	WA	2
Bushrod Park	CA	1
Bushy Camp	CA	1
Bushy Lake (historical)	CA	2
Bushy Mountain	CA	2
Bushytail Campground	CA	1
Buster Butte	OR	2
Buster Camp	OR	1
Buster Mountain	WA	2
Butano Park	CA	0
Butano Ridge Loop Trail	CA	1
Butano State Park	CA	1
Butcher Bobs Garden	CA	2
Butcher Butte	OR	2
Butcher Gulch Campground	CA	1
Butcher Hill	CA	2
Butcher Mountain	WA	2
Butcher Park	CA	1
Butcher Peak	OR	2
Butcher Ranch Trail	CA	1
Butler	CA	0
Butler Butte	OR	2
Butler Butte	WA	2
Butler Camp	CA	1
Butler Cove	WA	2
Butler Creek Park	OR	1
Butler Hill	OR	2
Butler Hill	WA	2
Butler Mountain	CA	2
Butler Mountain	OR	2
Butler Peak	CA	2
Butler Peak	OR	2
Butlers Pond	WA	2
Butt Mountain	CA	2
Butte Bar Trail	CA	1
Butte Camp	CA	1
Butte Camp Dome	WA	2
Butte City	CA	0
Butte City Launch Facility	CA	1
Butte County Fairgrounds	CA	1
Butte Creek	OR	2
Butte Creek Campground	CA	1
Butte Creek Rim	CA	2
Butte Creek Summit	OR	2
Butte Disappointment	OR	2
Butte Falls	OR	0
Butte Hill	WA	2
Butte Lake	CA	2
Butte Lake	OR	2
Butte Lake Campground	CA	1
Butte Meadows	CA	0
Butte Meadows Campground	CA	1
Butte Mountain	CA	2
Butte Park	OR	1
Butte Sink	CA	2
Butte Sink Wildlife Management Area	CA	1
Butte Valley	CA	0
Butte Valley Fairgrounds	CA	1
Butte Valley Wildflower Sanctuary	CA	1
Butter Peak	WA	2
Butterball Cove	WA	2
Butterbredt Peak	CA	2
Buttercup Campsite	CA	1
Buttercup Hill	WA	2
Butterfield Lake	OR	2
Butterfield Lake Estates	CA	0
Butterfield Overland Trail	CA	1
Butterfield Park	CA	1
Butterfield Stage Station Historical Marker	CA	1
Butterfield Stage Trail Park	CA	1
Butterfly Butte	WA	2
Butterfly City Park	OR	1
Butterfly Island	OR	2
Butterfly Lake	OR	2
Butterfly Peak	CA	2
Buttermilk Butte	WA	2
Buttermilk Lake	OR	2
Buttermilk Trail	CA	1
Butternut Park	OR	1
Buttes Area Camp	CA	1
Buttes of the Gods	OR	2
Butteville	OR	0
Button Estates Park	CA	1
Button Mountain	CA	2
Button Shell Beach	CA	1
Buttonwillow	CA	0
Buttonwillow Park	CA	1
Buttonwillow Peak	CA	2
Buxton	OR	0
Buzzard Bay County Park	OR	1
Buzzard Butte	OR	2
Buzzard Lagoon	CA	2
Buzzard Lake	CA	2
Buzzard Lake	WA	2
Buzzard Lake State Wildlife Area	WA	1
Buzzard Peak	CA	2
Buzzard Point	CA	2
Buzzard Point	OR	2
Buzzard Rock	OR	2
Buzzard Roost	CA	2
Buzzard Roost	OR	2
Buzzard Roost Lake	CA	2
Buzzard's Roost	CA	2
Buzzards Butte	OR	2
Buzzards Peak	CA	2
Buzzards Roost	OR	2
Buzzards Roost Trail	CA	1
By-Gully Bike/Jog Path	OR	1
Byars Peak	OR	2
Bybee Corner	OR	0
Bybee Lake	OR	2
Bybee Meadow Trail	OR	1
Bybee Peak	OR	2
Byerrum Park	CA	1
Byles Johnson Camp	CA	1
Bypass Camp	WA	1
Bypass Trail	OR	1
Byrds Point	OR	2
Byrne Park	WA	1
Byron	CA	0
Byron	WA	0
Byron Lake	WA	2
Byron Ponds	WA	2
Byron State Wildlife Area	WA	1
Byron Zinn Park	CA	1
Bystrom	CA	0
Bywater Bay	WA	2
C 2 Lumber Camp	OR	1
C C Mountain	WA	2
C E Mason Wetlands Park	OR	1
C F Brown Park	CA	1
C P City Park	OR	1
C R and H Trail	CA	1
C Z Picnic Ground	OR	1
C and H Riders Camp	OR	1
C- 2 Flight Line	CA	1
C- 3 Flight Line	CA	1
C-Bar-C Park	CA	1
C-Road	CA	0
CCC Camp	CA	1
CYA Camp	CA	1
Caballo Campground	CA	1
Cabazon	CA	0
Cabazon Park	CA	1
Cabazon Peak	CA	2
Cabbage Hill	OR	2
Cabbage Patch Camp	OR	1
Cabell City	OR	0
Cabell Marsh	OR	2
Cabin Butte	CA	2
Cabin Butte	OR	2
Cabin Cove	CA	0
Cabin Creek	WA	0
Cabin Creek Trail	OR	1
Cabin Flat Campground	CA	1
Cabin Lake	CA	2
Cabin Lake	OR	2
Cabin Lake	WA	2
Cabin Lake Wildlife Area	OR	1
Cabin Meadow Lake	CA	2
Cabin Meadows	OR	2
Cabin Mountain	WA	2
Cabin Peak	CA	2
Cabin Trail	CA	1
Cabin Waterhole	OR	2
Cable	CA	0
Cable Canyon Trail	CA	1
Cable Creek Trail	OR	1
Cable Point	CA	2
Cable Trail	CA	1
Cabot Lake	OR	2
Cabot Lake Trail	OR	1
Cabrillo Bay	CA	2
Cabrillo Beach	CA	1
Cabrillo Beach Park	CA	1
Cabrillo Harbor	CA	2
Cabrillo Heights Park	CA	1
Cabrillo National Monument	CA	1
Cabrillo Park	CA	1
Cabrillo Peninsula	CA	2
Cabrillo Playground	CA	1
Cabrillo Point	CA	2
Cabrillo School Park	CA	1
Cabrillo Village	CA	0
Cache Butte	WA	2
Cache Camp	CA	1
Cache Camp	OR	1
Cache Creek Regional Park	CA	1
Cache Creek Trail	CA	1
Cache Creek Wilderness	CA	1
Cache Lake	OR	2
Cache Lake Trail	OR	1
Cache Mountain	OR	2
Cache Peak	CA	2
Cached Lake	OR	2
Cachuma Bay	CA	2
Cachuma Camp	CA	1
Cachuma Church Camp	CA	1
Cachuma Mountain	CA	2
Cachuma Point	CA	2
Cachuma Village	CA	0
Cactus	CA	0
Cactus	WA	0
Cactus Bay	CA	2
Cactus City	CA	0
Cactus City Rest Area	CA	1
Cactus County Park	CA	1
Cactus Island	WA	2
Cactus Islands	WA	2
Cactus Loop Trail	CA	1
Cactus Mountain	OR	2
Cactus Peak	CA	2
Cactus Point	CA	2
Cactus Spring Trail	CA	1
Cad Lake	WA	2
Cadd Fire Trail	CA	1
Cade Mountain	CA	2
Cadenasso	CA	0
Cadencia Park	CA	1
Cadet Lake	WA	2
Cadet Peak	WA	2
Cadiz	CA	0
Cadiz Dunes Wilderness	CA	1
Cadiz Lake	CA	2
Cadle Butte	OR	2
Cadle Hill	OR	2
Cadman Park and Recreation Center	CA	1
Cadwallader Park	CA	1
Cadwell	CA	0
Cady Lake	WA	2
Cady Mountain	WA	2
Cady Peak	CA	2
Cady Point	WA	2
Caesar Peak	CA	2
Caeser Peak	CA	2
Cagwin Lake	CA	2
Cahalan Park	WA	1
Cahill Mountain	WA	2
Cahoon Mountain	CA	2
Cahoon Rock	CA	2
Cahto Peak	CA	2
Cahuenga Peak	CA	2
Cahuilla	CA	0
Cahuilla Hills	CA	0
Cahuilla Mountain	CA	2
Cahuilla Mountain Wilderness	CA	1
Cahuilla Park	CA	1
Cain Cabin Trail	OR	1
Cain Lake	WA	2
Cain Park	OR	1
Cain Rock	CA	0
Cairn Butte	CA	2
Cairn Hope Peak	WA	2
Cairns Corner	CA	0
Cairo	OR	0
Cajon	CA	0
Cajon Campground	CA	1
Cajon Junction	CA	0
Cajon Mountain	CA	2
Cake Rock	WA	2
Cakesosta	WA	2
Cakey Butte	WA	2
Cal Aggie Camp	CA	1
Cal Mountain	CA	2
Cal Peak	WA	2
Cal Young Sports Park	OR	1
Cal-Ida	CA	0
Cal-ore Trail Mobile Estates	CA	0
Calabasas Highlands	CA	0
Calabasas Peak	CA	2
Calabazas Park	CA	1
Calada	CA	0
Calafia Beach County Park	CA	1
Calamese Rock	CA	2
Calamingos Ranch Camp	CA	1
Calamity Butte	OR	2
Calamity Peak	WA	2
Calamity Peak Trail	WA	1
Calamut Lake	OR	2
Calamut Way	OR	1
Calapooia	OR	0
Calapooya Trail	OR	1
Calapooya Way	OR	1
Calas Park	CA	1
Calavera Park	CA	1
Calaveras Big Trees State Park	CA	1
Calaveras Dome	CA	2
Calaveras Point	CA	2
Calaveras South Grove Natural Preserve	CA	1
Calaveritas	CA	0
Calavo Gardens	CA	0
Calawee Cove Beach	CA	1
Calcite Road	CA	1
Calders Corner	CA	0
Caldor	CA	0
Caldwell Butte	CA	2
Caldwell Lake	CA	2
Caldwell Lake	WA	2
Caldwell Lakes	CA	2
Caldwell Mesa	CA	2
Caldwell Minor	CA	2
Caldwell Mountain	CA	2
Caldwell Park	CA	1
Caldwell Pines	CA	0
Caldwell Point	WA	2
Caledonia	WA	0
Caledonia Beach	WA	1
Caledonia Marsh	OR	2
Caledonia Park	CA	1
Calera Creek Park	CA	1
Calero Park	CA	1
Calero Reservoir County Park	CA	1
Calexico	CA	0
Calexico Lodge	CA	0
Calf Lake	CA	2
Calf Ranch Mountain	OR	2
Calflax	CA	0
Calgro	CA	0
Calhounville	WA	0
Caliche Lakes	WA	2
Calico	CA	0
Calico Peak	CA	2
Caliente	CA	0
Caliente Mountain	CA	2
California Alumni Camp	CA	1
California Aqueduct Trail	CA	1
California Avenue Park	CA	1
California Bar	OR	0
California Bighorn Sheep Zoological Area	CA	1
California Boat Ramp	OR	1
California Citrus State Historic Park	CA	1
California City	CA	0
California Hills Neighborhood Park	CA	1
California Hot Springs	CA	0
California Mid-State Fairground	CA	1
California Mid-Winter Fairgrounds	CA	1
California Mountain	OR	2
California Multi-Cultural Park	CA	1
California National Seashore	CA	1
California Oaks Sports Park	CA	1
California Pines	CA	0
California Point	CA	2
California Recreation Center	CA	1
California Riding and Hiking Trail	CA	1
California School Park	CA	1
California Sea Otter Game Refuge	CA	1
California Valley	CA	0
California Vietnam Veterans Memorial	CA	1
California Volunteers Memorial	CA	1
California Youth Authority Camp	CA	1
California-Oregon Highway Historical Marker	CA	1
Calimesa	CA	0
Calimesa Mobile Home Ranch	CA	0
Calimus Butte	OR	2
Calipatria	CA	0
Calipatria Park	CA	1
Calipatria-Westmorland	CA	0
Calispell	WA	0
Calispell Peak	WA	2
Calistoga	CA	0
Calkins	OR	0
Calkins Park	OR	1
Calkins Point	WA	2
Call Meadow Trail	OR	1
Calla	CA	0
Callaghan Park	CA	1
Callahan	CA	0
Callahan	OR	0
Callahan Camp	CA	1
Callahan Field	CA	1
Calle Guanajuato	OR	1
Callender	CA	0
Calligan Lake	WA	2
Calling the Healing Waters Sculpture and Sundial	WA	1
Calloway Hill	WA	2
Calmor Cove Club Mobile Home Park	WA	0
Calneva	CA	0
Calneva Lake	CA	2
Calpack	CA	0
Calpella	CA	0
Calpine	CA	0
Calpine Park	CA	1
Calsh Trail	OR	1
Caltech Peak	CA	2
Calumet Park	CA	1
Calvada Springs	CA	0
Calvert Lake	CA	2
Calvins Pond	OR	2
Calwa	CA	0
Calwa Park	CA	1
Calzona	CA	0
Camacho Park	CA	1
Camal Rock	CA	2
Camanche North Shore	CA	0
Camanche Village	CA	0
Camano	WA	0
Camano Head	WA	2
Camano Island	WA	2
Camano Island State Park	WA	1
Camano Island State Wildlife Area	WA	1
Camarena Field	CA	1
Camarillo	CA	0
Camarillo House County Landmark	CA	1
Camarillo Oak Grove County Park	CA	1
Camas	WA	0
Camas Butte	OR	2
Camas Creek Campground	OR	1
Camas Meadows Natural Area Preserve	WA	1
Camas Mountain	OR	2
Camas Mountain State Park (historical)	OR	1
Camas Prairie	OR	2
Camas Prairie Trail	OR	1
Camas Valley	OR	0
Camassia Conservancy	OR	1
Camassia Natural Area	OR	1
Cambria	CA	0
Cambria Pines	CA	0
Cambria Rock	CA	2
Cambridge Oaks	CA	0
Cambridge Park	CA	1
Cambron Lake	CA	2
Camden	CA	0
Camden	WA	0
Camden Park	CA	1
Camel Back	WA	2
Camel Bluff	WA	2
Camel Hump	CA	2
Camel Hump	OR	2
Camel Lake	OR	2
Camel Peak	CA	2
Camel Rock	CA	2
Camel Rock	OR	2
Camelback	CA	2
Camelback Bluff	OR	2
Camelback Hill	CA	2
Camellia Park	CA	1
Camelot Hills	CA	0
Camelot Lake	OR	2
Camelot Mobile Estates	WA	0
Camelot Square Mobile Home Park	WA	0
Camels Hump	CA	2
Cameo Cove	CA	2
Cameron	CA	0
Cameron Airpark Estates	CA	0
Cameron Corners	CA	0
Cameron Creek Colony	CA	0
Cameron Lake	WA	2
Cameron Meadows	CA	2
Cameron Park	CA	0
Camiaca Peak	CA	2
Camille Lake	WA	2
Camille Park	CA	1
Camille Park	OR	1
Camino	CA	0
Camino Alto Preserve	CA	1
Camino Del Valle Park	CA	1
Camino Grove Park	CA	1
Camino Heights	CA	0
Camino Real Park	CA	1
Camp	CA	1
Camp	OR	1
Camp 10	WA	1
Camp 2	WA	1
Camp 3	WA	1
Camp 5	OR	1
Camp 9	WA	1
Camp Adams	OR	1
Camp Ah-Da-Hi	CA	1
Camp Akela	CA	1
Camp Almanor	CA	1
Camp Alto Campground	CA	1
Camp Anderson	CA	1
Camp Angell	OR	1
Camp Antelope	CA	1
Camp Arbolado	CA	1
Camp Arequipa	CA	1
Camp Arrah Wanna	OR	1
Camp Aventura	CA	1
Camp Awahanee	CA	1
Camp Azalea Trails	CA	1
Camp Baker	OR	1
Camp Baker	WA	1
Camp Baldwin	OR	1
Camp Bartlett	CA	0
Camp Bauer	CA	1
Camp Bemis	CA	1
Camp Ben Lomond	CA	1
Camp Beracha	WA	1
Camp Berryessa	CA	1
Camp Bessie	CA	1
Camp Bishop	WA	1
Camp Bloomfield	CA	1
Camp Blossom	OR	1
Camp Bonita	CA	1
Camp Bray	CA	1
Camp Bristlecone	CA	1
Camp Britton	CA	1
Camp Brown Guard Station	WA	1
Camp Burton	WA	1
Camp C	CA	1
Camp Cabin	OR	1
Camp Cady	CA	1
Camp Cady Ranch	CA	1
Camp Campbell	CA	1
Camp Caro	WA	1
Camp Carter	CA	1
Camp Cascade	OR	1
Camp Caula	CA	1
Camp Cedar Crest	CA	1
Camp Cedar Falls	CA	1
Camp Chaparral	WA	1
Camp Chawanakee	CA	1
Camp Cheerio	CA	1
Camp Chicago	CA	1
Camp Chinquapin	CA	1
Camp Chiquita	CA	1
Camp Christian	CA	1
Camp Clark	OR	1
Camp Clavey	CA	1
Camp Cleawox	OR	1
Camp Cody	CA	1
Camp Cody	OR	1
Camp Coffee Pot	OR	1
Camp Cohila	CA	1
Camp Collins	OR	1
Camp Collins	WA	1
Camp Colman	WA	1
Camp Colton	OR	1
Camp Comfort	CA	1
Camp Comfort Park	CA	1
Camp Comfort Recreation Site	OR	1
Camp Condor	CA	1
Camp Conifer	CA	1
Camp Connell	CA	0
Camp Conrad	CA	1
Camp Cooley	CA	1
Camp Coombs	CA	1
Camp Cooper	OR	1
Camp Cowles	WA	1
Camp Cowlitz	WA	1
Camp Creek Butte	OR	2
Camp Creek Campground	CA	1
Camp Creek Forest Camp	OR	1
Camp Creek Powerhouse	CA	1
Camp Creek Recreation Site	OR	1
Camp Creek Ridge Trail (historical)	WA	1
Camp Creek Trailhead	CA	1
Camp Crestwood	OR	1
Camp Cullaby	OR	1
Camp Cumorah Crest	CA	1
Camp Curry	CA	1
Camp Curry Historic District	CA	1
Camp Curtis	WA	1
Camp Cuyamaca	CA	1
Camp D	CA	1
Camp David Gonzales	CA	1
Camp Davidson	CA	1
Camp De Benneville Pines	CA	1
Camp De Luz	CA	1
Camp Del Mar	CA	1
Camp Diana	WA	0
Camp Discovery	WA	0
Camp Dixie	CA	1
Camp Don Bosco	WA	1
Camp Drake	CA	1
Camp Dudley	WA	1
Camp Dunlap	CA	1
Camp E	CA	1
Camp EL-O-Win	CA	1
Camp Earl-Anna	CA	1
Camp Earnest	CA	0
Camp Easter Seal	OR	1
Camp Eastwood	CA	1
Camp Eden	CA	1
Camp Eden Picnic Area	CA	1
Camp Edison Campgrounds	CA	1
Camp Edwards	CA	1
Camp Eight	CA	1
Camp Eighteen	CA	0
Camp Eighteen	WA	1
Camp Eldorado	CA	1
Camp Eleven	CA	1
Camp Elkanah	OR	0
Camp Ellendale	CA	1
Camp Ellis	WA	1
Camp Emerson	CA	1
Camp Ester	CA	1
Camp Esther Applegate	OR	1
Camp Evans	CA	1
Camp Evers	CA	0
Camp F	CA	1
Camp Far West Historic Site	CA	1
Camp Far West Ranch	CA	1
Camp Faraway	OR	1
Camp Field Retreat Center	WA	1
Camp Fife	WA	1
Camp Fifteen	CA	1
Camp Fifteen	OR	1
Camp Fir Croft	OR	1
Camp Five	CA	1
Camp Five	OR	1
Camp Five Campground	CA	1
Camp Five Hill	WA	2
Camp Florence	OR	1
Camp Forty Three	CA	1
Camp Forty-Niner	CA	1
Camp Forward	CA	1
Camp Fosseen	WA	1
Camp Four	CA	1
Camp Four	OR	1
Camp Four	WA	1
Camp Four Campground	CA	1
Camp Four Campground	WA	1
Camp Four Campsite	CA	1
Camp Four Station	CA	1
Camp Four and One Half	CA	1
Camp Four and One Half Station	CA	1
Camp Fourteen	CA	1
Camp Fourteen	OR	1
Camp Fourty Five	CA	1
Camp Fourty Four	CA	1
Camp Fremont Park	CA	1
Camp Fresno	CA	1
Camp Friend	OR	1
Camp G	CA	1
Camp Gilead	WA	1
Camp Gilmore	CA	1
Camp Gleason	CA	1
Camp Glenwood	CA	1
Camp Good News	CA	1
Camp Govey	WA	1
Camp Grande	WA	1
Camp Grant	CA	1
Camp Grant	OR	1
Camp H	CA	1
Camp Hafer	WA	1
Camp Hager	WA	1
Camp Hancock	OR	1
Camp Handy	WA	1
Camp Harmony	WA	1
Camp Harmony Pines	CA	1
Camp Harps Shelter	WA	1
Camp Harvey	CA	1
Camp Harvey West	CA	1
Camp Haswell	CA	1
Camp Hawthorne	CA	1
Camp Hazard	WA	1
Camp Hemohme	CA	1
Camp Herbert Trail Camp	CA	1
Camp Herms	CA	1
Camp Hi-Hill	CA	1
Camp Hidden Valley	CA	1
Camp High Sierra	CA	1
Camp Hill	CA	2
Camp Hill	WA	2
Camp Hope	OR	1
Camp Howard	OR	1
Camp Hual-Cu-Cuish	CA	1
Camp Huffman	CA	1
Camp II Trailhead	OR	1
Camp Inis	CA	1
Camp Irene	CA	1
Camp J	CA	1
Camp JCA	CA	1
Camp Joe Scherman	CA	1
Camp John Mensinger Boy Scout Camp	CA	1
Camp Jolley	WA	1
Camp Josepho	CA	1
Camp Joy	WA	1
Camp Jubilee	CA	1
Camp Juliana	WA	1
Camp Junipero Serra	CA	1
Camp K	CA	1
Camp Kalama	WA	1
Camp Kassab	CA	1
Camp Kaweah	CA	1
Camp Keep	CA	1
Camp Kemeric	CA	1
Camp Kern	CA	1
Camp Killoqua	WA	1
Camp Kilowan	OR	1
Camp Kimtu Recreation Site	CA	1
Camp Kirby	WA	1
Camp Kiser	WA	1
Camp Kiwanilong	OR	1
Camp Klamath	CA	0
Camp Kole	CA	1
Camp Kuratli	OR	1
Camp Kwoneesum Dam	WA	2
Camp LaVerne	CA	1
Camp Lackey	CA	1
Camp Lagoon	WA	1
Camp Lake	CA	2
Camp Lake	OR	2
Camp Lake	WA	2
Camp Lakes	WA	2
Camp Lane	OR	1
Camp Lane County Park	OR	1
Camp Lassen	CA	1
Camp Lee	OR	1
Camp Lilienthal	CA	1
Camp Long	WA	1
Camp Lundeen	CA	1
Camp Lupine	CA	1
Camp Lutherwood	WA	1
Camp M	CA	1
Camp Maacama	CA	1
Camp Magruder	OR	1
Camp Makualla	OR	1
Camp Malibu	CA	1
Camp Manzanita	CA	1
Camp Maranatha	CA	1
Camp Maria Stella	CA	1
Camp Marion	CA	1
Camp Marion	OR	1
Camp Marion	WA	1
Camp Marston	CA	1
Camp Mary-Y-Mac	CA	1
Camp Mattole	CA	1
Camp McCallum	CA	1
Camp McClellan	CA	1
Camp McConnell	CA	1
Camp McCumber	CA	1
Camp McDonald	WA	1
Camp McGregor	OR	1
Camp McKean	WA	1
Camp McKiwanis	CA	1
Camp McLoughlin	OR	1
Camp Mead	WA	1
Camp Meeker	CA	0
Camp Melacoma	WA	1
Camp Melakwa	OR	1
Camp Mendocino	CA	1
Camp Meriweather Boy Scouts of America	OR	1
Camp Meriwether	OR	1
Camp Metaka	CA	1
Camp Minkalo	CA	1
Camp Mirimichi	CA	1
Camp Mo-Wa-Ha	CA	1
Camp Morena	CA	1
Camp Morrison	OR	1
Camp Morrow	OR	1
Camp Mountain Meadows	CA	1
Camp Mountaindale	OR	1
Camp Muir	WA	1
Camp Murray	WA	1
Camp Mystery	WA	1
Camp Nacimiento	CA	1
Camp Namanu	OR	1
Camp Natoma	CA	1
Camp Navarro	CA	1
Camp Nawakwa	CA	1
Camp Nehalem	OR	1
Camp Nelson	CA	0
Camp Niagara	CA	1
Camp Nick Williams	CA	1
Camp Nine	CA	1
Camp Nine	OR	1
Camp Nine	WA	1
Camp Nineteen	CA	1
Camp Nineteen Station	CA	1
Camp Norris	CA	1
Camp Noyo	CA	1
Camp Number 2	OR	1
Camp Number One	WA	1
Camp Number Two	WA	1
Camp O	CA	1
Camp Oak Grove	CA	1
Camp Oakes	CA	1
Camp Ocean Pines	CA	1
Camp Ohlone Regional Park	CA	1
Camp Okihi	CA	1
Camp Ole Station	CA	1
Camp Oljato	CA	1
Camp Olson	OR	1
Camp One	CA	1
Camp One	OR	1
Camp One	WA	1
Camp One Trail	OR	1
Camp Orkila	WA	0
Camp Ortoha	WA	1
Camp Osceola	CA	1
Camp Osito Rancho	CA	1
Camp Owens	CA	0
Camp Pahatsi	CA	1
Camp Paivika	CA	1
Camp Pajarito	CA	1
Camp Pardee	CA	0
Camp Parks	CA	1
Camp Parsons	WA	1
Camp Pendleton	CA	0
Camp Pendleton North	CA	0
Camp Pendleton South	CA	0
Camp Pendola	CA	0
Camp Peterson	OR	1
Camp Pioneer	OR	1
Camp Pit	CA	1
Camp Pleasant	WA	1
Camp Polk	OR	1
Camp Pollock	CA	1
Camp Pomponio	CA	1
Camp Pond	WA	2
Camp Progress	WA	1
Camp Radford	CA	1
Camp Ramah	CA	1
Camp Reed	WA	1
Camp Rest	CA	1
Camp Richardson	CA	0
Camp Richardson Campground	CA	1
Camp Richardson Cross Country Ski Area	CA	1
Camp Rilea	OR	1
Camp Rilea Sewage Treatment Plant	OR	1
Camp Rivendale	OR	1
Camp River Glen	CA	1
Camp Robber Lake	WA	2
Camp Rodgers	CA	1
Camp Roganunda	WA	1
Camp Roland	WA	1
Camp Romah	CA	1
Camp Roosevelt	CA	1
Camp Rose	CA	0
Camp Rosenberg	CA	1
Camp Rosenita	CA	1
Camp Round Meadow	CA	1
Camp Royaneh	CA	1
Camp Russell	OR	1
Camp Sa-wa-li-na-is	OR	1
Camp Sacramento	CA	1
Camp Saint Albert	CA	1
Camp Saint Michael	CA	1
Camp San Antonio	CA	1
Camp San Jose	CA	1
Camp San Luis Obispo	CA	1
Camp Saratoga	CA	1
Camp Scheideck	CA	1
Camp Schurman	WA	1
Camp Seabow	CA	1
Camp Sealth	WA	1
Camp Seeley	CA	1
Camp Sekani	WA	1
Camp Seven	CA	1
Camp Seven	WA	1
Camp Seventy-six	OR	1
Camp Seymour	WA	1
Camp Shasta	CA	1
Camp Shelly	CA	1
Camp Sheppard Boy Scout Camp	WA	1
Camp Sherman	OR	0
Camp Sherman Recreation Site	OR	1
Camp Sierra	CA	0
Camp Silverado	CA	1
Camp Silverton-Wadheim	WA	1
Camp Simms	OR	1
Camp Singing Pines	CA	1
Camp Six	CA	1
Camp Six	OR	1
Camp Six Guard Station	OR	1
Camp Six Lookout Tower	CA	1
Camp Sixty One Campground	CA	1
Camp Sixty One D Campground	CA	1
Camp Sixty One Lake	CA	2
Camp Sky Meadow	CA	1
Camp Smith	OR	1
Camp Spaulding	CA	0
Camp Spaulding	WA	1
Camp Spillman	WA	1
Camp Springtime	CA	1
Camp Stanford	CA	1
Camp Stauson	CA	1
Camp Stephani	CA	1
Camp Stephens California Alumni Camp	CA	1
Camp Stoneman	CA	1
Camp Suanga	CA	1
Camp Sugar Pine Girl Scout Camp	CA	1
Camp Sycamore	CA	1
Camp Ta Ta Pochon	CA	1
Camp Tacoma	OR	1
Camp Tadmor	OR	1
Camp Tahquitz	CA	1
Camp Tahquitz Meadows	CA	1
Camp Talaki	CA	1
Camp Tamarack	OR	1
Camp Tapawingo	CA	1
Camp Tapawingo	OR	1
Camp Tapawingo	WA	1
Camp Tautona	CA	1
Camp Tawanka	OR	1
Camp Taylor	CA	1
Camp Tehama	CA	1
Camp Ten	CA	1
Camp Ten A	CA	1
Camp Ten B	CA	1
Camp Ten Recreation Site	OR	1
Camp Teresita Pines	CA	1
Camp Thayer	CA	0
Camp Thirteen	CA	1
Camp Thirty Five-S	CA	1
Camp Thirty Six-R	CA	1
Camp Three	CA	1
Camp Three	OR	1
Camp Three Campground	CA	1
Camp Three Falls	CA	1
Camp Three Spur	CA	1
Camp Tokiwanee	WA	1
Camp Tomales	CA	1
Camp Towenga	CA	1
Camp Toyon	CA	1
Camp Tree Mont	CA	1
Camp Trinity	CA	1
Camp Tulake	CA	1
Camp Twelve	OR	1
Camp Twenty-six	OR	1
Camp Twentyfour	CA	1
Camp Two	CA	1
Camp Two	OR	1
Camp Two Sentinels	CA	1
Camp Tyee	OR	1
Camp Union	WA	1
Camp Urich	WA	1
Camp VIA (Volunteers In Action)	CA	1
Camp Valcrest	CA	1
Camp Vandalia	CA	1
Camp Vena	OR	1
Camp Verdugo Pines	CA	1
Camp Victoria	OR	1
Camp W	CA	1
Camp Wallace Alexander	CA	1
Camp Wasibo	CA	1
Camp Wasiu	CA	1
Camp Waskowitz	WA	1
Camp Watson Point	OR	2
Camp Westwind	OR	1
Camp Whitsett	CA	1
Camp Wilani	OR	1
Camp Wilder	WA	1
Camp Wildwood	CA	1
Camp Wilkerson	OR	1
Camp Wind Mountain	WA	1
Camp Windy	WA	1
Camp Windy Recreation Site	OR	1
Camp Winema	OR	1
Camp Wintaka	CA	1
Camp Winton	CA	1
Camp Wishon	CA	1
Camp Wishon Campground	CA	1
Camp Wolahi	CA	1
Camp Wolfeboro	CA	1
Camp Wooten Environmental Learning Center	WA	1
Camp Wooten State Park	WA	1
Camp Wright Historical Marker	CA	1
Camp Yallani	OR	1
Camp Yamhill	OR	1
Camp Yeager	CA	1
Camp Yenis Hante	CA	1
Camp Yuba	CA	1
Camp Zanika Lache	WA	1
Campana	CA	0
Campanella Park	CA	1
Campanile Mall	CA	1
Campanile Park	CA	1
Campbell	CA	0
Campbell	OR	1
Campbell Boat Landing	OR	1
Campbell Butte	OR	2
Campbell County Park	OR	1
Campbell Cove	CA	2
Campbell Cow Camp	CA	1
Campbell Fountain	OR	1
Campbell Hill	CA	2
Campbell Hill	OR	2
Campbell Hot Springs	CA	0
Campbell Lake	CA	2
Campbell Lake	OR	2
Campbell Lake	WA	2
Campbell Lake Campground	OR	1
Campbell Lake Recreation Site	OR	1
Campbell Mill	OR	1
Campbell Mound	CA	2
Campbell Mountain	CA	2
Campbell Native Gardens	OR	1
Campbell Park	CA	1
Campbell Park	OR	1
Campbell Pond	WA	2
Campbell Ranch	CA	1
Campbell Ranch	OR	1
Campbell Sheep Camp	CA	1
Campbell Shelter	WA	1
Campbell Tree Grove Campground	WA	1
Campbell Union High School Historic District	CA	1
Campbellville	CA	0
Campbellville Trail	CA	1
Campell Shelter	WA	1
Campers Flat Recreation Site	OR	1
Campers Lake	OR	2
Campfire Lake	CA	2
Campground Guard Station	CA	1
Campground Number One (historical)	OR	1
Campground Number Three	CA	1
Campground Number Two	CA	1
Campground Number Two (historical)	OR	1
Campground Trail	CA	1
Camphora	CA	0
Campito Mountain	CA	2
Campo	CA	0
Campo Alto Campground	CA	1
Campo Forest Fire Station	CA	1
Campo Lake	CA	2
Campo Seco	CA	0
Campo Stone Store County Park	CA	1
Campo de Cahuenga	CA	1
Campton	WA	0
Camptonville	CA	0
Campus Canyon Park	CA	1
Campus Lagoon	CA	2
Campus Park	CA	1
Camuesa Peak	CA	2
Camulos	CA	0
Can Rock	CA	2
Cana	CA	0
Canaan	OR	0
Canada Hill	CA	2
Canada Island	WA	2
Canada Park	CA	1
Canal Acres Nature Park	OR	1
Canal Farm State Historic Landmark	CA	1
Canal Lake	WA	2
Canal Park	CA	1
Canal Park	OR	1
Canal Road State Wildlife Area	WA	1
Canan Lake	WA	2
Canary	OR	0
Canby	CA	0
Canby	OR	0
Canby	WA	0
Canby Community Park	OR	1
Canby Cross	CA	0
Canby Grove Church Camp	OR	1
Canby Regional Park	OR	1
Candalaria Park	OR	1
Candlelight City Park	OR	1
Candlestick Point	CA	2
Candlestick Point State Recreation Area	CA	1
Candleverde Park	CA	1
Candlewood Estates Mobile Home Park	WA	0
Candy Cane Park	CA	1
Candy Cane Park	OR	1
Candy Mountain	CA	2
Candy Mountain	WA	2
Cane Peak	CA	2
Canebrake	CA	0
Canemah	OR	0
Canemah City Park	OR	1
Canfield Hill	OR	2
Cannell Meadow Trail	CA	1
Cannell Peak	CA	2
Cannery Hill	OR	2
Cannery Island	OR	2
Cannery Lake	WA	2
Cannery Mountain	OR	2
Cannery Park	CA	1
Cannery Point	CA	2
Cannery Point	OR	2
Cannery Row Park Plaza	CA	1
Cannibal Island	CA	2
Cannibal Mountain	OR	2
Cannon	CA	0
Cannon Beach	OR	0
Cannon Beach Trail	OR	1
Cannon Hill Park	WA	1
Cannon Mountain	WA	2
Cannon Playground	WA	1
Cannon Point Campground	CA	1
Cannon Quarry County Park	OR	1
Cannonball Beach	CA	1
Canoe	WA	2
Canoe Creek Loop Trail	CA	1
Canoe Island	WA	2
Canteen Trail	WA	1
Canterbury Mountain	CA	2
Canterbury Square Mobile Home Park	WA	0
Canterbury Tot Lot	CA	1
Canterwood	WA	0
Canthook Mountain	CA	2
Cantil	CA	0
Canton Canyon Devil Canyon Truck Trail	CA	1
Canton Canyon Trail	CA	1
Canton Creek Trail	OR	1
Canton Point	OR	2
Cantrall Buckley County Park	OR	1
Cantrall Mill	CA	0
Cantrell Hill	OR	2
Cantua Creek	CA	0
Canvasback Lake	WA	2
Canyon	CA	0
Canyon Camp	WA	1
Canyon Christian Camp	CA	1
Canyon City	CA	0
Canyon City	OR	0
Canyon Country Park	CA	1
Canyon Creek Campground	CA	1
Canyon Creek Campground	OR	1
Canyon Creek Campground	WA	1
Canyon Creek Forest State Park	OR	1
Canyon Creek Hoh Trail	WA	1
Canyon Creek Lakes	CA	2
Canyon Creek Park	CA	1
Canyon Creek Trail	CA	1
Canyon Creek Trail	OR	1
Canyon Creek Trail	WA	1
Canyon Drive Park	OR	1
Canyon Glen Mobile Home Park	WA	0
Canyon Lake	CA	0
Canyon Lake	WA	2
Canyon Meadows Church Camp	CA	1
Canyon Meadows Lake	OR	2
Canyon Mountain	CA	2
Canyon Mountain	OR	2
Canyon Mountain Trail	OR	1
Canyon Number Three Trail	OR	1
Canyon Park	CA	1
Canyon Park	WA	0
Canyon Peak	OR	2
Canyon Trail	CA	1
Canyon Trail Park	CA	1
Canyon View	CA	0
Canyon View Campground	CA	1
Canyon View Mobile Home Park	WA	0
Canyon View Park	CA	1
Canyon View Trail	CA	1
Canyondam	CA	0
Canyonside Community Park	CA	1
Canyonville	OR	0
Canyonville County Park	OR	1
Cap Rock	CA	2
Cap Sante	WA	0
Cap Sante Park	WA	1
Capay	CA	0
Cape Alava	WA	2
Cape Alava Camp	WA	1
Cape Arago	OR	2
Cape Arago State Park	OR	1
Cape Blanco	OR	2
Cape Blanco State Park	OR	1
Cape Cod	WA	2
Cape Cortes	CA	2
Cape Cove	OR	2
Cape Disappointment	WA	2
Cape Disappointment State Park	WA	1
Cape Elizabeth	WA	2
Cape Falcon	OR	2
Cape Ferrelo	OR	2
Cape Flattery	WA	2
Cape Foulweather	OR	2
Cape George	WA	2
Cape Horn	CA	0
Cape Horn	OR	2
Cape Horn	WA	2
Cape Horne	CA	2
Cape Johnson	WA	2
Cape Kiwanda	OR	2
Cape Kiwanda County Park	OR	1
Cape Kiwanda State Natural Area	OR	1
Cape Lake	CA	2
Cape Lookout	OR	2
Cape Lookout State Park	OR	1
Cape Meares	OR	0
Cape Meares Lake	OR	2
Cape Meares National Wildlife Refuge	OR	1
Cape Meares State Scenic Viewpoint	OR	1
Cape Mendocino	CA	2
Cape Mountain	OR	2
Cape Perpetua	OR	2
Cape Perpetua Special Interest Area	OR	1
Cape Saint Mary	WA	2
Cape San Martin	CA	2
Cape Sebastian	OR	2
Cape Sebastian State Park	OR	1
Cape Shoalwater	WA	2
Cape Vizcaino	CA	2
Capetown	CA	0
Capistrano Beach	CA	0
Capistrano Beach Park	CA	1
Capistrano Bight	CA	2
Capistrano Park	CA	1
Capital Hill	CA	0
Capitan	CA	0
Capitol Hill	OR	0
Capitol Lake Park	WA	1
Capitol Park	CA	1
Capitol Peak	WA	2
Capitol Point	WA	2
Capitol Rock	CA	2
Capitola	CA	0
Capitola Beach	CA	1
Capitola Bluffs	CA	2
Capitola Park	CA	1
Caples	WA	0
Caples Lake	CA	2
Caples Lake Campground	CA	1
Caples Landing	WA	0
Capps Crossing Campground	CA	1
Capps Mountain	OR	2
Cappy Mountain	OR	2
Captain Cook Point	OR	2
Captain J Mullan Historic Monument	WA	1
Captain J Mullen Historical Monument	WA	1
Captain Jack	OR	2
Captain Jack Lake	OR	2
Captain John Mountain	CA	2
Captain Point	WA	2
Captains Choice	WA	0
Captains Point Campground	CA	1
Car Country Park	CA	1
Caramba Camp	CA	1
Caravan Mobile Home Park	CA	0
Carberry Mountain	CA	2
Carbon Beach	CA	1
Carbon Canyon Regional Park	CA	1
Carbon Trail	WA	1
Carbona	CA	0
Carbonado	WA	0
Carbonate Peak	CA	2
Carbondale	CA	0
Card Place	CA	0
Cardai Hill	WA	2
Cardiac Hill	CA	2
Cardiac Lake	OR	2
Cardiff State Beach	CA	1
Cardinal Estates Mobile Home Park	WA	0
Cardinal Lake	CA	2
Cardinal Mountain	CA	2
Cardinal Oaks Park	CA	1
Cardinal Peak	WA	2
Cardoza Lake	CA	2
Cardwell Point	CA	2
Carefree Mobile Village	CA	0
Carey Lake	OR	2
Carey Tables	OR	2
Careys Lake	WA	2
Caribou	CA	0
Caribou Lake	CA	2
Caribou Mountain	CA	2
Caribou Peak	CA	2
Caribou Wilderness	CA	1
Cariso Truck Trail	CA	1
Carkeek Park	WA	1
Carkeet Community Park	CA	1
Carl A Anderson Redwoods Natural Preserve	CA	1
Carl E Nielsen Youth Park	CA	1
Carl G Washburne Memorial State Park	OR	1
Carl Hansen Park	CA	1
Carl Lake	CA	2
Carl Lake	OR	2
Carl Thornton Park	CA	1
Carlin Smith Playground	CA	1
Carlisle	WA	0
Carlisle Bog Natural Area Preserve	WA	1
Carlisle East	WA	0
Carlisle Lakes	WA	2
Carlisle West	WA	0
Carlmar	WA	0
Carlon Campground	CA	1
Carlon Park	WA	1
Carlos Bee Park	CA	1
Carlotta	CA	0
Carlsbad	CA	0
Carlsbad State Beach	CA	1
Carlsborg	WA	0
Carlson	WA	0
Carlson Arm	OR	2
Carlson Bay	WA	2
Carlson Camp	OR	1
Carlson Hill	WA	2
Carlson Landing	WA	0
Carlson Park	CA	1
Carlson Park (historical)	OR	1
Carlson Pond	WA	2
Carlton	CA	0
Carlton	OR	0
Carlton	WA	0
Carlton Lake Wildlife Refuge	OR	1
Carlton Peterson Park	CA	1
Carlyon Beach	WA	0
Carmel Bay	CA	2
Carmel Bay Ecological Reserve	CA	1
Carmel Beach	CA	1
Carmel Beach City Park	CA	1
Carmel Cove	CA	2
Carmel Creek Park	CA	1
Carmel Highlands	CA	0
Carmel Mountain	CA	2
Carmel Mountain Ranch Community Park	CA	1
Carmel Point	CA	2
Carmel River Bird Sanctuary	CA	1
Carmel River Camp	CA	1
Carmel River Lagoon and Wetland Natural Preserve	CA	1
Carmel River State Beach	CA	1
Carmel River Trail	CA	1
Carmel Valley	CA	0
Carmel Valley Manor	CA	0
Carmel Valley Racquet Club and Junior Tennis Camp	CA	1
Carmel Valley Village	CA	0
Carmel del Mar Park	CA	1
Carmel-by-the-Sea	CA	0
Carmelita Gardens	CA	1
Carmelo Meadow Trail	CA	1
Carmen City	CA	0
Carmen Lake	OR	2
Carmen Peak	CA	2
Carmenita	CA	0
Carmenita Park	CA	1
Carmet	CA	0
Carmichael	CA	0
Carmichael Park	CA	1
Carmill Station	WA	0
Carnadero	CA	0
Carnahan	OR	0
Carnahan County Park	OR	1
Carnahan Park	OR	1
Carnation	OR	0
Carnation	WA	0
Carnation Park	CA	1
Carnazzani Island (historical)	CA	2
Carne Mountain	WA	2
Carnegie Park	CA	1
Carnegie State Vehicular Recreation Area	CA	1
Carnelian Bay	CA	0
Carnelian Heights	CA	0
Carney Butte	OR	2
Carney Lake	WA	2
Carney Park	CA	1
Carnine State Wildlife Area	WA	1
Carobe Lake	CA	2
Carole Lake	WA	2
Caroline Park	CA	1
Carolwood Park	OR	1
Carolyn King Memorial Park	OR	1
Carolyn Rosas Park	CA	1
Carousel Park	CA	1
Carozza Park	CA	1
Carp Lake	WA	2
Carpenter Butte	OR	2
Carpenter Lake	WA	2
Carpenter Lake Natural Preserve	WA	1
Carpenter Mountain	OR	2
Carpenter Place	CA	0
Carpenter Pond	OR	2
Carpenters Island	OR	2
Carpenters Island Park	OR	1
Carpenters Lake	WA	2
Carpenterville	OR	0
Carpenterville Brookings Wayside (historical)	OR	1
Carpinteria	CA	0
Carpinteria City Beach	CA	1
Carpinteria Community Swimming Pool	CA	1
Carpinteria State Beach	CA	1
Carquinez Bay	CA	2
Carquinez Heights	CA	0
Carquinez Strait Regional Shoreline	CA	1
Carr	CA	0
Carr Butte	CA	2
Carr Hill	WA	2
Carr Inlet	WA	2
Carr Lake (historical)	CA	2
Carr Park	CA	1
Carr-Feeley Campground	CA	1
Carra Belle Park	CA	1
Carreon Park	CA	1
Carriage Club Estates Mobile Home Park	WA	0
Carriage Crest Park	CA	1
Carriage Estates Mobile Home Park	WA	0
Carrick	CA	0
Carricut Lake	CA	2
Carrie Lake	WA	2
Carrillo Ranch Park	CA	1
Carrington Mobile Home Park	WA	0
Carrington Point	CA	2
Carrizo Gorge Wilderness	CA	1
Carrizo Mountain	CA	2
Carrizo Springs Rustic Campsite	CA	1
Carrizo Wash Boat-in Camp	CA	1
Carrol Campground	OR	1
Carroll Butte	OR	2
Carroll Island	WA	2
Carroll Parks	CA	1
Carrolls	WA	0
Carrolls Bluff	WA	2
Carrolls Hill	WA	2
Carrolton	CA	0
Carrotwood Park	CA	1
Carrs Corner	WA	0
Carruthers Memorial Park	OR	1
Carson	CA	0
Carson	OR	0
Carson	WA	0
Carson Beach	WA	1
Carson Falls Trail	CA	1
Carson Hill	CA	0
Carson Hill	WA	2
Carson Lake	WA	2
Carson Mountain	WA	2
Carson National Fish Hatchery	WA	1
Carson Park	CA	1
Carson Peak	CA	2
Carson Point	OR	2
Carson Trail	OR	1
Carson-Iceberg Wilderness	CA	1
Cartago	CA	0
Cartan Athletic Fields	CA	1
Carter Creek Trail	CA	1
Carter Dunes Trail	OR	1
Carter Hill	WA	2
Carter Lake	OR	2
Carter Lake	WA	2
Carter Meadow Trail (historical)	CA	1
Carter Meadows Summit	CA	2
Carter Mountain	WA	2
Carter Mountain State Wildlife Area	WA	1
Carter Park	WA	1
Carter Point	WA	2
Carter Pond	WA	2
Carty Lake	WA	2
Carus	OR	0
Caruthers	CA	0
Caruthers-Raisin City	CA	0
Carver	OR	0
Carver Camp	CA	1
Carver County Boat Ramp	OR	1
Carver Lake	OR	2
Carver Park	CA	1
Carver Peak	CA	2
Carvin Campground	CA	1
Carvin Creek Homesites	CA	0
Cary Peak	CA	2
Casa Cerrito Park	CA	1
Casa Cerrito Recreation Center	CA	1
Casa De Tableta State Historic Landmark	CA	1
Casa Diablo	CA	2
Casa Diablo Mountain	CA	2
Casa Loma	CA	0
Casa Loma County Park	CA	1
Casa Mia Mobile Home Park	CA	0
Casa Verde Park	CA	1
Casa de Oro	CA	0
Casa de Oro-Mount Helix	CA	0
Casabonne Peak	CA	2
Casanova Park	CA	1
Cascade	CA	0
Cascade	WA	0
Cascade Bay	WA	2
Cascade Campground	CA	1
Cascade Canyon Preserve	CA	1
Cascade Cliffs	CA	2
Cascade Creek Trail	CA	1
Cascade Crest Trail	WA	1
Cascade Divide Trail	OR	1
Cascade Gorge	OR	0
Cascade Green Mobile Home Park	WA	0
Cascade Head	OR	2
Cascade Head Scenic Research Area	OR	1
Cascade Island Campground	WA	1
Cascade Islands Campground	WA	1
Cascade Junction	WA	0
Cascade Kamloops Trout Farm Mobile Home Park	WA	0
Cascade Lake	CA	2
Cascade Lake	WA	2
Cascade Locks	OR	0
Cascade Locks Treaty Fishing Access Site	OR	1
Cascade Meadows Church Camp	WA	1
Cascade Mobile Villa	WA	0
Cascade Mountain	WA	2
Cascade Park	CA	1
Cascade Park	WA	1
Cascade Peak	WA	2
Cascade Ranch State Park (historical)	CA	1
Cascade Shores	CA	0
Cascade Sun Mobile Home Estates	CA	0
Cascade Trail	WA	1
Cascade Valley	WA	0
Cascade Vista Mobile Estates	WA	0
Cascadel Point	CA	2
Cascadel Woods	CA	0
Cascades Gateway City Park	OR	1
Cascades Island	WA	2
Cascades Park	CA	1
Cascadia	OR	0
Cascadia State Park	OR	1
Cascajo Hill	CA	2
Cascara Campground Boat Ramp	OR	1
Case Inlet	WA	2
Case Mountain	CA	2
Case Park	CA	1
Case Pond	WA	2
Casey Corner	CA	0
Casey Field	CA	1
Casey Forebay	CA	2
Casey Island	WA	2
Casey Pond	WA	2
Casey State Park	OR	1
Cash Butte	WA	2
Cashmere	WA	0
Cashmere Avenue Park	WA	1
Cashmere Mountain	WA	2
Cashmere Pond State Wildlife Area	WA	1
Cashner Butte	OR	2
Cashup	WA	0
Casino Corner	WA	0
Casino Point	CA	2
Casitas Mobile Home Park	CA	0
Casitas Springs	CA	0
Casket Rock	CA	2
Caskey Lake	WA	2
Casmalia	CA	0
Caso Robles Park	CA	1
Caspar	CA	0
Caspar Anchorage	CA	2
Caspar Headlands State Beach	CA	1
Caspar Headlands State Natural Reserve	CA	1
Caspar Point	CA	2
Casper Lake	CA	2
Casper Regional Park	CA	1
Casperson Point	WA	2
Cass Pond	WA	2
Cassel	CA	0
Cassel Campground	CA	1
Cassiday Butte	OR	2
Cassidy Hill	WA	2
Cassnor Park	OR	2
Cast Creek Trail	OR	1
Cast Lake	OR	2
Castac Lake	CA	2
Castaic	CA	0
Castaic Junction	CA	0
Castaic Lake State Recreation Area	CA	1
Castella	CA	0
Castellammare Mesa	CA	2
Castille Park	CA	1
Castle Butte	CA	2
Castle Butte	WA	2
Castle Cliffs	CA	2
Castle Crag	CA	0
Castle Crags	CA	2
Castle Crags State Park	CA	1
Castle Crags Wilderness	CA	1
Castle Creek Campground	CA	1
Castle Creek Marsh (historical)	WA	2
Castle Creek Trail	OR	1
Castle Dome	CA	2
Castle Gardens	CA	0
Castle Hill	CA	2
Castle Island	WA	2
Castle Lake	CA	2
Castle Lake	WA	2
Castle Lake Campground	CA	1
Castle Lake Trail	CA	1
Castle Mountain	CA	2
Castle Mountain	WA	2
Castle Mountain Trail	WA	1
Castle Mountains National Monument	CA	1
Castle Park	WA	1
Castle Peak	CA	2
Castle Peak	WA	2
Castle Peak Park	CA	1
Castle Peaks	CA	2
Castle Point	CA	2
Castle Point	OR	2
Castle Rock	CA	2
Castle Rock	OR	2
Castle Rock	WA	0
Castle Rock Beach	CA	1
Castle Rock Lake	WA	2
Castle Rock National Wildlife Refuge	CA	1
Castle Rock Natural Area Preserve	WA	1
Castle Rock Park	CA	1
Castle Rock Springs	CA	0
Castle Rock State Park	CA	1
Castle Rock Truck Trail	WA	1
Castle Rocks	CA	2
Castle Rocks	OR	2
Castlebrite park	CA	1
Castleview Park	CA	1
Castlewood Park	CA	1
Castor Lake	OR	2
Castor Lake	WA	2
Castori Park	CA	1
Castro Park	CA	1
Castro Peak	CA	2
Castro Point	CA	2
Castro Valley	CA	0
Castro Valley Community Park	CA	1
Castroville	CA	0
Casuse Mountain	CA	2
Caswell	CA	0
Caswell Memorial State Park	CA	1
Cat Butte	OR	2
Cat Camp	CA	1
Cat Creek Campground	WA	1
Cat Hill	CA	2
Cat Hill	OR	2
Cat Hill Way	OR	1
Cat Island	WA	2
Cat Island Campground	WA	1
Cat Lake	WA	2
Cat Lakes	OR	2
Cat Lakes	WA	2
Cat Mountain	OR	2
Cat Peak	WA	2
Cat Rock	CA	2
Cat Rock	OR	2
Cat Trail	CA	1
Cat and Kittens Rock	OR	2
Cataldi Park	CA	1
Catalina Harbor	CA	2
Catalina Head	CA	2
Catalpa Lake	OR	2
Catamaran Park	CA	1
Cataract Trail	CA	1
Catavee Campground	CA	1
Catched Two Lake	OR	2
Caterpillar Island	WA	2
Caterpillar Park	CA	1
Catfish Bay	CA	2
Catfish Beach	CA	1
Catfish Camp	CA	1
Catfish Hole	OR	2
Catfish Lake	CA	2
Catfish Lake	WA	2
Catfish Pond	CA	2
Cathan	WA	0
Cathcart	WA	0
Cathedral City	CA	0
Cathedral City Park	OR	1
Cathedral City-Palm Desert	CA	0
Cathedral Cove	CA	2
Cathedral Crag	WA	2
Cathedral Driveway	WA	1
Cathedral Hills County Park	OR	1
Cathedral Lake	CA	2
Cathedral Lakes	WA	2
Cathedral Park	CA	1
Cathedral Peak	CA	2
Cathedral Peak	WA	2
Cathedral Rock	WA	2
Cathedral Rocks	CA	2
Cathedral Rocks	OR	2
Cathedral Rocks	WA	2
Cathedral Tree Trail	CA	1
Catherine Creek State Park	OR	1
Cathey Pond	CA	2
Catheys Mountain	CA	2
Catheys Peak	CA	2
Catheys Valley	CA	0
Catheys Valley Park	CA	1
Cathlacom Point	OR	2
Cathlamet	WA	0
Cathlamet Bay	OR	2
Cathlamet City Park	WA	1
Catholic Hill	CA	2
Cathrene Cecile Lake	WA	2
Cathy Lake	OR	2
Catlett	CA	0
Catlin Lake	OR	2
Catlin Lake	WA	2
Catlow Peak	OR	2
Catlow Rim	OR	2
Cator Field	CA	1
Cats Head Campground	CA	1
Cats Head Mountain	CA	2
Cattail Lake	WA	2
Cattle Hill	CA	2
Cattle Mountain	CA	2
Cattle Point	WA	2
Cattle Point Natural Resources Conservation Area	WA	1
Cattlemans Point	CA	2
Caufield Marsh	OR	2
Causland Park	WA	1
Cavalero Corner	WA	0
Cavalry Bluff	CA	2
Cavanaugh-Oso Truck Trail	WA	1
Cave Campground	CA	1
Cave City	CA	0
Cave Junction	OR	0
Cave Lake	CA	2
Cave Lake	WA	2
Cave Lake Campground	CA	1
Cave Mountain	CA	2
Cave Mountain	OR	2
Cave Mountain	WA	2
Cave Point	CA	2
Cave Rock	OR	2
Cave Rocks	CA	2
Cavern Point	CA	2
Caves Camp	OR	1
Cavin	CA	0
Cavin Swamp	OR	2
Cavitt Creek Falls Recreation Site	OR	1
Cavitt Lake	OR	2
Cavitt Mountain	OR	2
Cayada Mountain	WA	2
Caymus Park	CA	1
Cayou Island	WA	2
Cayton	CA	0
Cayucos	CA	0
Cayucos Beach	CA	1
Cayucos Point	CA	2
Cayucos State Beach	CA	1
Cayuga Playground	CA	1
Cayuse	OR	0
Cayuse Bay	WA	2
Cayuse Campground	WA	1
Cayuse Forest Camp	OR	1
Cayuse Lake	WA	2
Cayuse Mountain	WA	2
Cazadero	CA	0
Cazadero Performing Arts Camp	CA	1
Cecelia Lake	WA	2
Cecil	OR	0
Cecil Lake	CA	2
Cecil Lake	OR	2
Cecil Park	CA	1
Cecil Point	CA	2
Cecil Reservoir	OR	2
Cecile	CA	0
Cecile Lake	CA	2
Ceciliani Park	CA	1
Cecils Lake	WA	2
Cecilville	CA	0
Cedar Basin Camp	CA	1
Cedar Burn Camp	OR	1
Cedar Butte	OR	2
Cedar Butte	WA	2
Cedar Buttes	OR	2
Cedar Camp	CA	1
Cedar Camp	OR	1
Cedar Camp	WA	1
Cedar Campground	CA	1
Cedar Creek Campground	CA	1
Cedar Creek State Wildlife Recreation Area	WA	1
Cedar Creek Trail	WA	1
Cedar Creek Viewpoint	WA	1
Cedar Crest	CA	0
Cedar Crest Mobile Home Park	WA	0
Cedar Crossing	WA	0
Cedar Falls	WA	0
Cedar Flat	OR	0
Cedar Flats Natural Area	WA	1
Cedar Flats Nature Trail	WA	1
Cedar Forest Camp Ground	CA	1
Cedar Glen Camp	CA	1
Cedar Glen Mobile Home Park	WA	0
Cedar Glen Park	CA	1
Cedar Grove	CA	0
Cedar Grove	WA	0
Cedar Grove Botanical Area	OR	1
Cedar Grove Campground	CA	1
Cedar Grove Campground	WA	1
Cedar Grove Lake	OR	2
Cedar Grove Mobile Home Park	WA	0
Cedar Hill	CA	2
Cedar Hills	OR	0
Cedar Hills Mobile Home Park	WA	0
Cedar Hills Park	OR	1
Cedar Island	OR	2
Cedar Island Park	OR	1
Cedar Knob	CA	2
Cedar Lake	CA	2
Cedar Lake	OR	2
Cedar Lake	WA	2
Cedar Lake Trail	CA	1
Cedar Lane City Park	CA	1
Cedar Lane Mobile Estates	WA	0
Cedar Lane Mobile Home Park	WA	0
Cedar Lanes Park	WA	1
Cedar Mill	CA	0
Cedar Mill	OR	0
Cedar Mill Park	OR	1
Cedar Mill Woods Park	OR	1
Cedar Mountain	CA	2
Cedar Mountain	OR	2
Cedar Mountain	WA	0
Cedar Park	CA	1
Cedar Park	OR	1
Cedar Pass Campground	CA	1
Cedar Point	CA	2
Cedar Point	OR	0
Cedar Point	WA	2
Cedar Ponds Lake	WA	2
Cedar Ridge	CA	0
Cedar River Park	WA	1
Cedar Rock Lodge	CA	0
Cedar Roughs Wilderness	CA	1
Cedar Rustic Campground	CA	1
Cedar Slope	CA	0
Cedar Springs	CA	0
Cedar Springs Campground	WA	1
Cedar Springs Mountain	OR	2
Cedar Stock	CA	0
Cedar Swamp	OR	2
Cedar Swamp	WA	2
Cedar Trail	CA	1
Cedar Trough Camp	CA	1
Cedar Trough Camp Ground	CA	1
Cedar Valley	WA	0
Cedar Vista	CA	0
Cedarbrook	CA	0
Cedarbrook Mobile Home Park	WA	0
Cedardale	OR	0
Cedardale	WA	0
Cedarhurst	WA	0
Cedarhurst Park	OR	0
Cedaroak Boat Ramp	OR	1
Cedarville	CA	0
Cedarville	WA	0
Cedonia	WA	0
Cee Cee Ah Peak	WA	2
Celery Lake	CA	2
Celestine Park	CA	1
Celilo Park	OR	1
Celilo Treaty Fishing Access Site	OR	1
Celilo Village	OR	0
Cella	CA	0
Cement Bluff	CA	2
Cement Hill	CA	2
Cement Lake	WA	2
Cement Mountain	WA	2
Cemetery Butte	OR	2
Cemetery Hill	CA	2
Cemetery Hill	OR	2
Cemetery Island	WA	2
Cemetery Lake	OR	2
Cemetery Point	WA	2
Ceneda	CA	0
Centennial Bluff	CA	2
Centennial Butte	OR	2
Centennial Center Botany Grounds	CA	1
Centennial Island	OR	2
Centennial Mountain	CA	2
Centennial Park	CA	1
Centennial Park	OR	1
Centennial Park	WA	1
Centennial Park and Swimming Pool	CA	1
Centennial Peak	CA	2
Centennial Regional Park	CA	1
Center Island	WA	2
Center Lake	OR	2
Center Mobile Park	WA	0
Center Mountain	CA	2
Center Mountain	WA	2
Center Park	CA	1
Center Peak	CA	2
Center Peak	OR	2
Center Street Park	CA	1
Center Street Park	OR	1
Centerville	CA	0
Centerville	WA	0
Centerville Community Park	CA	1
Centerville Flat Campground	CA	1
Centinela Park	CA	1
Centinela Valley Camp	CA	1
Central	CA	0
Central Addition Park	CA	1
Central Beach	CA	1
Central Camp	CA	0
Central City Park	OR	1
Central Coast	CA	2
Central Contra Costa	CA	0
Central Ferry	WA	0
Central Ferry Canyon State Wildlife Area	WA	1
Central Ferry State Park (Closed)	WA	1
Central Hill	CA	2
Central Lake	CA	2
Central Park	CA	1
Central Park	OR	1
Central Park	WA	0
Central Park West	CA	1
Central Peak	WA	2
Central Plaza Park	CA	1
Central Point	OR	0
Central Pumice Cone	OR	2
Central Recreation Center	CA	1
Central Reservoir Recreation Area	CA	1
Central Valley	WA	0
Central Valley Mobile Home Park	WA	0
Centralia	CA	0
Centralia	WA	0
Century Oaks Park	CA	1
Century Park	CA	1
Century Park	OR	1
Ceres	CA	0
Ceres	WA	0
Ceres Hill	WA	2
Ceres-Whitmore Park	CA	1
Cerrito Vista Park	CA	1
Cerritos	CA	0
Cerritos Park East	CA	1
Cerritos Regional County Park	CA	1
Cerro Alto	CA	2
Cerro Alto Campground	CA	1
Cerro Cabrillo	CA	2
Cerro Colorado	CA	2
Cerro Gordo	OR	2
Cerro Gordo Peak	CA	2
Cerro Lodoso	CA	2
Cerro Noroeste	CA	2
Cerro Romualdo	CA	2
Cerro San Luis Obispo	CA	2
Cerro Ultimo	CA	2
Cerro Verde Park	CA	1
Cerro de la Calavera	CA	2
Cerro de la Silla	CA	2
Cerro de las Posas	CA	2
Cerro de las Posas Park	CA	1
Cerro del Sur	CA	2
Cervus Lake	OR	2
Cesar Chavez	CA	1
Cesar Chavez Park	CA	1
Cesar E Chavez National Monument	CA	1
Cha-Choo-Sen	WA	2
Chabolla Park	CA	1
Chabot Recreation Center	CA	1
Chabot Regional Park	CA	1
Chadbourne	CA	0
Chadwick Hill	WA	2
Chaffee	CA	0
Chaffee	WA	0
Chaffey-Garcia House Historic Site	CA	1
Chain Hill	WA	0
Chain Island	CA	2
Chain Lake	OR	2
Chain Lake	WA	2
Chain Lakes	CA	2
Chain Lakes	WA	2
Chain of Lakes	CA	2
Chain of Lakes	WA	2
Chain of Lakes Campground	WA	1
Chair Peak	WA	2
Chair Peak Lake	WA	2
Chaix Mountain	CA	2
Chalen Hill Park	CA	1
Chalfant Valley	CA	0
Chalk Bank Landing	CA	0
Chalk Bluff	CA	2
Chalk Butte	OR	2
Chalk Cliff	CA	2
Chalk Hill	CA	2
Chalk Hills	WA	2
Chalk Mountain	CA	2
Chalk Peak	CA	2
Chalk Peak Camp	CA	1
Chalk Point	CA	2
Chall Mountain	CA	2
Challenge	CA	0
Challenge-Brownsville	CA	0
Chalmers Playground	CA	1
Chalone Annex Campground	CA	1
Chalone Creek Campground	CA	1
Chalone Peak Trail	CA	1
Chamberlain Creek Conservation Camp	CA	1
Chamberlain Hill	OR	2
Chamberlain Lake	CA	2
Chamberlain Lake	OR	2
Chamberlain Lake	WA	2
Chamberlain Trail	CA	1
Chamberlains Camp	CA	1
Chamberlands Estates	CA	0
Chambers	WA	0
Chambers Bay	WA	2
Chambers Lake	WA	2
Chambers Lake Campground	WA	1
Chambers Lodge	CA	0
Chambers Peak	CA	2
Chambless	CA	0
Chamisal Mesa	CA	2
Chamisal Mountain	CA	2
Chamise Peak	CA	2
Chamna Natural Preserve	WA	1
Champagne Fountain	CA	0
Champaign Point	WA	2
Champion Park	OR	1
Champoeg	OR	0
Champoeg Monument	OR	1
Champoeg State Park	OR	1
Chance A La Mer State Park	WA	1
Chance Lake	WA	2
Chancellor Campground	WA	1
Chanchelulla Peak	CA	2
Chanchelulla Wilderness	CA	1
Chandler Butte	WA	2
Chandler Lake	OR	2
Chandler Mountain	OR	2
Chandler Nature Park	OR	1
Chandler Park	CA	1
Chandler State Park	OR	1
Chaney Hill	CA	2
Chaney Ranch	CA	0
Chango Lake	CA	2
Chanis Rock	OR	2
Channel Arm	CA	2
Channel Islands Beach	CA	0
Channel Islands National Park	CA	1
Channel Lake	CA	2
Channel Park	CA	1
Channel Trail	CA	1
Channel View Park	CA	1
Channing Heights Mini-Park	OR	1
Chantal Village Park	OR	1
Chanticleer Point	OR	2
Chaos Crags	CA	2
Chaos Crags Trail	CA	1
Chaparra Park	CA	1
Chaparral Campground	CA	1
Chaparral Heights	CA	0
Chaparral Hill	CA	2
Chaparral Mountain	CA	2
Chaparral Park	CA	1
Chaparral Peak	CA	2
Chaparrosa Peak	CA	2
Chapel Green	CA	1
Chapel Lake	CA	2
Chapel Peak	WA	2
Chapin City Park	OR	1
Chapman	CA	0
Chapman	OR	0
Chapman Bay	WA	2
Chapman Beach	OR	1
Chapman Butte	OR	2
Chapman Corner	OR	0
Chapman Cove	WA	2
Chapman Creek Campground	CA	1
Chapman Hill	OR	2
Chapman Lake	OR	2
Chapman Landing	OR	0
Chapman Park	CA	1
Chapman Plaza	CA	1
Chapman Point	OR	2
Chapman Sports Park	CA	1
Chapman Square	OR	1
Chapman and Linn Park	OR	1
Chapmantown	CA	0
Chappo	CA	0
Charbonneau	OR	0
Charbonneau Park	WA	1
Charbonneau Recreation Area	WA	1
Charcoal Point	OR	2
Chard	WA	0
Chardonay Park	CA	1
Chariot Mountain	CA	2
Charity Valley Trail	CA	1
Charles Ames Memorial City Park	OR	1
Charles And Mary Eder State Wildlife Area	WA	1
Charles F Kennedy Park	CA	1
Charles H Wilson Park	CA	1
Charles Howard Park	CA	1
Charles Island	WA	2
Charles Lathrop Pack Experimental and Demonstration Forest	WA	1
Charles Lee Tilden Regional Park	CA	1
Charles Metsker County Park	OR	1
Charles Mountain	CA	2
Charles Paddock Zoo	CA	1
Charles Point	WA	2
Charles S Gardiner Park	OR	1
Charles Sprague Memorial Wayside	OR	1
Charles V Stanton Park	OR	1
Charles White Park	CA	1
Charleston	OR	0
Charleston	WA	0
Charleston Fishing Pier Boat Ramp	OR	1
Charlestown	OR	0
Charley Creek Natural Area Preserve	WA	1
Charley Mountain	CA	2
Charlia Lakes	WA	2
Charlie Alley Peak	CA	2
Charlie Brown Lake	WA	2
Charlie Lakes	WA	2
Charlie Smith Butte	OR	2
Charlies Hump	WA	2
Charlotte Dome	CA	2
Charlotte Lake	CA	2
Charlotte Rauch Park	OR	1
Charlton Butte	OR	2
Charlton Lake	OR	2
Charlton Lake	WA	2
Charlton Peak	CA	2
Charmaine Lake	CA	2
Charmlee County Park	CA	1
Charnel Mulligan City Park	OR	1
Charter Oak	CA	0
Charter Oak	WA	0
Charter Oak Park	CA	1
Charter Point Park	CA	1
Charwood Mobile Home Park	WA	0
Charybdis	CA	2
Chase	CA	0
Chase Field	CA	1
Chase Lake	WA	2
Chase Mountain	OR	2
Chase Mountain	WA	2
Chase Park	CA	1
Chase Park	WA	1
Chase Pond	CA	2
Chaski Bay	OR	2
Chateau Camp	WA	1
Chatfield Hill	OR	2
Chatham Island	OR	2
Chatsworth Lake Manor	CA	0
Chatsworth Oaks Park	CA	1
Chatsworth Peak	CA	2
Chatsworth Reservoir Park	CA	1
Chattanooga Mountain	OR	2
Chattaroy	WA	0
Chatter Creek Campground	WA	1
Chautauqua	WA	0
Chaval Lake	WA	2
Cheadle Lake	OR	2
Cheatem Holler Camp	OR	1
Cheek Hill	WA	2
Cheeka Peak	WA	2
Cheeseville	CA	0
Chehalem	OR	0
Chehalis	WA	0
Chehalis River Surge Plain Natural Area Preserve	WA	1
Chehalis State Wildlife Area	WA	1
Chehalis Village	WA	0
Chekaka Campground	CA	1
Chelan	WA	0
Chelan Butte	WA	2
Chelan Butte State Wildlife Area	WA	1
Chelan County Park	WA	1
Chelan Falls	WA	0
Chelan Falls Powerhouse Park	WA	1
Chelan Hill	WA	2
Chelan Riverwalk Park	WA	1
Chelatchie	WA	0
Chelsea Park	WA	1
Chemawa	OR	0
Chemawa Hill	WA	2
Chemehuevi Mountains Wilderness	CA	1
Chemehuevi Peak	CA	2
Chemeketa Park	CA	0
Chemult	OR	0
Chemurgic	CA	0
Chenamus Lake	WA	2
Cheney	WA	0
Cheneys Point	CA	2
Chenoweth	OR	0
Chenuis Lakes	WA	2
Chenuis Mountain	WA	2
Cherokee	CA	0
Cherokee	WA	0
Cherokee Bay	WA	2
Cherokee Bay Park	WA	0
Cherokee Memorial Park	CA	1
Cherokee Strip	CA	0
Cherry Arm	OR	2
Cherry Avenue Park	CA	1
Cherry Blossom City Park	OR	1
Cherry Camp	CA	1
Cherry City Park	OR	1
Cherry Cove	CA	2
Cherry Cove Lake	WA	2
Cherry Cove Park	CA	1
Cherry Creek Acres	CA	0
Cherry Creek Campground	CA	1
Cherry Creek Campsite	CA	1
Cherry Creek Myrtle Preserve	OR	1
Cherry Creek Park	CA	1
Cherry Creek Recreation Site	OR	1
Cherry Crest Park	WA	1
Cherry Glade	OR	2
Cherry Grove	OR	0
Cherry Grove	WA	0
Cherry Grove Park	CA	1
Cherry Heights	OR	0
Cherry Hill	CA	2
Cherry Hill	WA	2
Cherry Hill Campground	CA	1
Cherry Hill Estates Mobile Home Park	WA	0
Cherry Island Soccer Complex	CA	1
Cherry Lake	CA	2
Cherry Lake	WA	2
Cherry Lane Park	OR	1
Cherry Mountain	CA	2
Cherry Mountain	OR	2
Cherry Peak	CA	2
Cherry Peak	OR	2
Cherry Point	CA	2
Cherry Point	OR	2
Cherry Point	WA	2
Cherry Point Aquatic Reserve	WA	1
Cherry Point Trail	CA	1
Cherry Valley	CA	0
Cherry Valley Campground	CA	1
Cherry Valley Park	CA	1
Cherry Valley State Wildlife Area	WA	1
Cherryland	CA	0
Cherryland Park	CA	1
Cherryville	OR	0
Cherrywood Mobile Home Manor Sewage Treatment Plant	WA	0
Cherrywood Mobile Manor	WA	0
Chesaw	WA	0
Chesaw State Wildlife Area	WA	1
Cheshire	OR	0
Chesnimnus Cow Camp	OR	1
Chester	CA	0
Chester Butte	WA	2
Chester Butte State Wildlife Area	WA	1
Chester Morse Monument	WA	1
Chester Park	CA	1
Chesterfield Park	WA	1
Chesterfield Square	CA	1
Chestnut Park	CA	1
Chet Hoffman Park	CA	1
Chet Holifield Park	CA	1
Chetco Cove	OR	2
Chetco Divide Trail	OR	1
Chetco Lake	OR	2
Chetco Peak	OR	2
Chetco Peak Trail	OR	1
Chetco Point	OR	2
Chetco Point Park	OR	1
Chetco River Estuary	OR	2
Chetlo Harbor	WA	2
Chetwoot Lake	WA	2
Chetzemolka Park	WA	1
Cheval Lake	OR	2
Chevaux Lake	CA	2
Cheviot	WA	0
Cheviot Hills Recreation Center	CA	1
Chevron Government Camp	OR	1
Chevy Chase Park	CA	1
Chew	WA	0
Chewaucan Crossing Trailhead	OR	1
Chewaucan Slough	OR	2
Chewelah	WA	0
Chewelah City Park	WA	1
Chewelah Mountain	WA	2
Chewing Gum Lake	CA	2
Chewuch Campground	WA	1
Chianti	CA	0
Chiawana Park	WA	1
Chicago Camp	CA	1
Chicago Camp	WA	1
Chicago Peak	CA	2
Chicago Trail	OR	1
Chicano Park	CA	1
Chichibu Park	CA	1
Chickabally Mountain	CA	2
Chickadee Nature Trail	CA	1
Chicken Coop Hill	CA	2
Chicken Hawk Campground	CA	1
Chicken Hawk Hill	CA	2
Chicken Hill	OR	2
Chicken Hills	OR	2
Chicken Peak	OR	2
Chicken Spring Lake	CA	2
Chickenfoot Lake	CA	2
Chico	CA	0
Chico	WA	0
Chico Bay	WA	2
Chico Camp	OR	1
Chico Trail	OR	1
Chief Garry Park	WA	1
Chief Joseph Monument	OR	1
Chief Joseph Mountain	OR	2
Chief Joseph State Park	WA	1
Chief Joseph State Wildlife Area	WA	1
Chief Lake	CA	2
Chief Looking Glass Park	WA	1
Chief Mountain	CA	2
Chief Paulina Horse Camp	OR	1
Chief Peak	CA	2
Chief Spokane Monument	WA	1
Chief Timothy State Park	WA	1
Chiefs Island	OR	2
Chikamin Lake	WA	2
Chikamin Peak	WA	2
Chilao Campground	CA	1
Chilcoot	CA	0
Chilcoot Campground	CA	1
Chilcoot Mountain	OR	2
Chilcoot Trail	OR	1
Chilcoot-Vinton	CA	0
Childers Peak	CA	2
Childrens Forest Trail	CA	1
Childrens Island	CA	2
Childrens Park	CA	1
Childrens Pool Beach	CA	1
Childs Hill	CA	2
Childs Meadows	CA	0
Childs Meadows Trail	CA	1
Chileno Camp	CA	1
Chili Hill	CA	2
Chiliwist	WA	1
Chiliwist Butte	WA	2
Chiliwist State Wildlife Area	WA	1
Chilkoot Campground	CA	1
Chilkoot Lake	CA	2
Chillowist	WA	0
Chilnualna Fall Trail	CA	1
Chilnualna Lakes	CA	2
Chiloquin	OR	0
Chilpancingo Park	CA	1
Chilson Mountain	WA	2
Chimacum	WA	0
Chimacum State Wildlife Area	WA	1
Chimney City Park	OR	1
Chimney Lake	CA	2
Chimney Lake	OR	2
Chimney Peak	CA	2
Chimney Peak	OR	2
Chimney Peak	WA	2
Chimney Peak Trail	OR	1
Chimney Peak Wilderness	CA	1
Chimney Peaks	WA	2
Chimney Rock	CA	2
Chimney Rock	OR	2
Chimney Rock	WA	2
Chimney Rock Butte	OR	2
Chimney Rock Campground	OR	1
Chimney Rock Historical Monument	CA	1
Chimney Rock Lake	CA	2
Chin-Chin-Tse-Tung	WA	1
China Bar Campground	CA	1
China Bay	WA	2
China Beach	CA	1
China Bluff	WA	2
China Camp	CA	1
China Camp Historic Area	CA	1
China Camp Point	CA	2
China Camp Point Picnic Area	CA	1
China Camp State Park	CA	1
China Cap	OR	2
China Cove	CA	2
China Cove Beach	CA	1
China Cove Trail	CA	1
China Creek Corral Pond	OR	2
China Creek Trail	OR	1
China Flat Campground	CA	1
China Flat Campground	OR	1
China Gardens Camp	CA	1
China Harbor	CA	2
China Hat	CA	2
China Hat	OR	2
China Hat Peak	OR	2
China Hill	OR	2
China Knoll	CA	2
China Ladder	CA	2
China Ladder Beach	CA	1
China Lake	CA	0
China Lake	OR	2
China Lake Acres	CA	0
China Mountain	CA	2
China Mountain	OR	2
China Peak	CA	2
China Peak	OR	2
China Point	CA	2
China Point	WA	2
China Rock	OR	2
China Town	OR	0
Chinaman Hat	OR	2
Chinaman Trail	OR	1
Chinamans Hat	WA	2
Chinese Camp	CA	0
Chinese Childrens Playground	CA	1
Chinese Cut	CA	2
Chinese Harbor	CA	2
Chinese Peak	CA	2
Chinese Recreation Center	CA	1
Chinidere Mountain	OR	2
Chino	CA	0
Chino Hills	CA	0
Chino Hills State Park	CA	1
Chinom Point	WA	2
Chinook	WA	0
Chinook County Park	OR	1
Chinook Landing Marine Park	OR	1
Chinook Mobile Home Park	WA	0
Chinook Point	WA	2
Chinook State Wildlife Area	WA	1
Chinquapin Butte	CA	2
Chinquapin Butte	OR	2
Chinquapin Lake	CA	2
Chinquapin Lakes	CA	2
Chinquapin Mountain	OR	2
Chinquapin Point	OR	2
Chintimini City Park	OR	1
Chip Butte	CA	2
Chip Ross City Park	OR	1
Chipmunk Bluff	CA	2
Chipmunk Lake	CA	2
Chipmunk Trail	CA	1
Chipps	CA	0
Chipps Island	CA	2
Chips Lake	CA	2
Chiquita	CA	0
Chiquito Lake	CA	2
Chiquito Lake	OR	2
Chiquito Peak	CA	2
Chiquito Trail	CA	1
Chiriaco Summit	CA	0
Chirpchatler Camp	CA	1
Chirpchatter Mountain	CA	2
Chismahoo Creek Arm	CA	2
Chismahoo Mountain	CA	2
Chismore Butte	OR	2
Chito Beach	WA	1
Chittenden	CA	0
Chittenden Lake	CA	2
Chittenden Peak	CA	2
Chittick Field Park	CA	1
Chitwood	OR	0
Chitwood Lake	WA	2
Chitwood Trail	OR	1
Chiwaukum	WA	0
Chiwaukum Lake	WA	2
Chiwawa Horse Camp	WA	1
Chiwawa Mountain	WA	2
Chloride Cliff	CA	2
Chocolate Drop	CA	2
Chocolate Mountain	CA	2
Chocolate Peak	CA	2
Chocwich Campground	WA	1
Cholame	CA	0
Cholla Garden Nature Trail	CA	1
Chollas Park	CA	1
Cholollo Campground	CA	1
Chopaka Lake	WA	2
Chopaka Lake Campground	WA	1
Chopaka Mountain	WA	2
Chopaka Mountain Natural Area Preserve	WA	1
Chopaka Mountain Trail	WA	1
Choptie Prairie	OR	2
Choral Lake	WA	2
Chorley Park	CA	1
Chorro	CA	0
Chorro Grande Trail	CA	1
Chorro Springs Campground	CA	1
Chorro Willows Camp Ground	CA	1
Chowchilla	CA	0
Chowchilla Mountain	CA	2
Chris Flat Campground	CA	1
Chris Rock Island	CA	2
Chris Wicht Camp	CA	1
Chrisman	CA	0
Christensen	CA	0
Christensen Cove	WA	2
Christensen Landing Park	OR	1
Christensen Park	CA	1
Christi Beach	CA	1
Christian Camp	WA	1
Christian Valley Park	CA	1
Christiansen Park	CA	1
Christie	CA	0
Christie Beach Campground	CA	1
Christie Day Use Area Campground	CA	1
Christie Hill	CA	2
Christine Lake	WA	2
Christmas Circle	CA	1
Christmas Creek Camp	OR	1
Christmas Hill	CA	2
Christmas Hills Park	CA	1
Christmas Lake	OR	2
Christmas Lake	WA	2
Christmas Rock	CA	2
Christmas Tree Cove	CA	2
Christmas Tree Island Park	CA	1
Christmas Valley	OR	0
Christmas Valley Lake	OR	2
Christo and Jeanne-Claude Running Fence Park	CA	1
Christoff Trail	WA	1
Christopher	WA	0
Christopher Columbus Park	OR	1
Christopher Park	CA	1
Chrome	CA	0
Chrome Camp	OR	1
Chrome Mountain	CA	2
Chrysler Park	CA	1
Chualar	CA	0
Chubb Lake	CA	2
Chubbuck	CA	0
Chuchudas Campground	CA	1
Chuchupate Campground	CA	1
Chuckanut	WA	0
Chuckanut Bay	WA	2
Chuckanut Island	WA	2
Chuckanut Junction	WA	0
Chuckanut Mountain	WA	2
Chuckanut Point	WA	2
Chuckanut Village	WA	0
Chucksney Mountain	OR	2
Chuckwagon Park	CA	1
Chuckwalla Mountain	CA	2
Chuckwalla Mountains Wilderness	CA	1
Chuckwalla Valley	CA	0
Chukar Lake	WA	2
Chukar Park	OR	1
Chula Vista	CA	0
Chula Vista Campground	CA	1
Chula Vista Recreation Center	CA	1
Chumash Bay	CA	2
Chumash County Park	CA	1
Chumash Island	CA	2
Chumash Painted Cave State Historic Park	CA	1
Chumash Park	CA	1
Chumash Peak	CA	2
Chumash Wilderness	CA	1
Chumstick	WA	0
Chumstick Mountain	WA	2
Church Bell Hill	CA	2
Church Camp	CA	1
Church Creek Trail	CA	1
Church Dome	CA	2
Church Hill	CA	2
Church Lake	WA	2
Church Mountain	WA	2
Church Point	WA	2
Church Rock	CA	2
Church Street Park	CA	1
Churchhill Downs Community Park	CA	1
Churchill Mountain	WA	2
Churchill Park	CA	1
Churchill Sports Park	OR	1
Churchs Camp	CA	1
Chute Hill Campground	CA	1
Chutla Peak	WA	2
Cibbets Flat Campground	CA	1
Cibo Peak	CA	2
Cibola National Wildlife Refuge	CA	1
Cicero	WA	0
Cienaga Campground	CA	1
Cienaga Grande	CA	2
Cienega Camp	CA	1
Cienega Larga	CA	2
Cienega Seabreeze Mobile Home Park	CA	0
Cigar Lake	OR	2
Cigarette Hills	CA	2
Cima	CA	0
Cima Dome	CA	2
Cima Hill	CA	2
Cimarron Park	CA	1
Cincha Lake	OR	2
Cinco	CA	0
Cinco Poses Trail	CA	1
Cinder Butte	CA	2
Cinder Butte	OR	2
Cinder Cone	CA	2
Cinder Cone	OR	2
Cinder Flats State Wildlife Area	CA	1
Cinder Hill	CA	2
Cinder Hill	OR	2
Cinder Hill Campground Boat Ramp	OR	1
Cinder Prairie Way	OR	1
Cinebar	WA	0
Cinko Lake	CA	2
Cinnabar Camp	CA	1
Cinnabar Mountain	OR	2
Cinnamon Butte	OR	2
Cinnamon Hills City Park	OR	1
Cinnamon Peak	OR	2
Cinnamon Peak	WA	2
Cirby Creek Park	CA	1
Circle Butte	OR	2
Circle Canyon Campground	CA	1
Circle Group Camp	CA	1
Circle H Mobile Home Park	WA	0
Circle Island	CA	2
Circle K Mobile Home Park	WA	0
Circle Lake	OR	2
Circle Lake	WA	2
Circle Park	CA	1
Circle Park	WA	1
Circle Peak	WA	2
Circle Point	CA	2
Circle View Park	CA	1
Circle X Ranch	CA	1
Cirque Lake	CA	2
Cirque Lake	WA	2
Cirque Mountain	CA	2
Cirque Peak	CA	2
Cisco	CA	0
Cisco Butte	CA	2
Cisco Grove	CA	0
Cispus	WA	0
Citro	CA	0
Citrona	CA	0
Citrus	CA	0
Citrus Fair Park	CA	1
Citrus Gardens Mobile Home Park	CA	0
Citrus Grove Park	CA	1
Citrus Heights	CA	0
Citrus Park	CA	1
Citrus View	CA	0
City Center Mobile Home Park	WA	0
City Creek Truck Trail	CA	1
City Hall Park	CA	1
City Hall Plaza	CA	1
City Heights	CA	2
City Heights Community Park	CA	1
City Heights Community Recreation Center	CA	1
City Park	CA	1
City Park	OR	1
City Pocket Park	OR	1
City Terrace Park	CA	1
City Waterway	WA	2
City of Sammamish	WA	0
Civic Arts Plaza	CA	1
Civic Center Park	CA	1
Civic Center Plaza	CA	1
Civic Park	CA	1
Civic Pride Park	OR	1
Civilian Conservation Corps Cultural Preserve	CA	1
Clackamas	OR	0
Clackamas Heights	OR	0
Clackamas Lake	OR	2
Clackamas River Scenic Waterway	OR	1
Clackamas Wilderness	OR	1
Clackamette Cove	OR	2
Clackamette Park	OR	1
Clackmas Mountain	WA	2
Claggett Creek Park	OR	1
Claggett Lake	OR	2
Clahan Park	CA	1
Claiborne Cove	CA	2
Claiborne Peak	CA	2
Clair	CA	0
Clair Camp	CA	1
Clairmont Park	CA	1
Clairmont Park Recreation Center	CA	1
Clallam Bay	WA	0
Clallam Honor Camp	WA	1
Clallam River Campground	WA	1
Clam Bay	WA	2
Clam Beach	CA	1
Clam Beach County Park	CA	1
Clam Beach Ponds	CA	2
Clam Camp	CA	1
Clam Lake	WA	2
Clam Mountain	WA	2
Clamshell Peak	CA	2
Claquato	WA	0
Clara Bieber Memorial Park	CA	1
Clara Lake	WA	2
Clara Park	CA	1
Claraville	CA	0
Clare Mill	CA	0
Claremont	CA	0
Claremont Canyon Regional Preserve	CA	1
Claremont Canyon Regional Reserve	CA	1
Claremont Trail	CA	1
Clarenback Point	CA	2
Clarence King Lake	CA	2
Claribel	CA	0
Clarice Lake	CA	2
Clarington Park	CA	1
Clark Butte	OR	2
Clark Creek Camp	CA	1
Clark Creek City Park	OR	1
Clark Creek Group Camp	OR	1
Clark Field	CA	1
Clark Fork Campground	CA	1
Clark Hill	CA	2
Clark Island	WA	2
Clark Island State Park	WA	1
Clark Lake	OR	2
Clark Lake	WA	2
Clark Mountain	CA	2
Clark Mountain	OR	2
Clark Mountain	WA	2
Clark Park	WA	1
Clark Peak	CA	2
Clark Peak	WA	2
Clark Playfield	WA	1
Clark Point	WA	2
Clark Pond	WA	2
Clark R Bavin National Fish and Wildlife Forensics Laboratory	OR	1
Clark Ridge Trail	WA	1
Clark Spring Campground	CA	1
Clark Trail	CA	1
Clark's Mountain	OR	2
Clarkdale Park	CA	1
Clarke	OR	0
Clarke Beach Park	WA	1
Clarkes	OR	0
Clarkfork Horse Camp	CA	1
Clarkia Trail	CA	1
Clarks Butte	CA	2
Clarks Butte	OR	2
Clarks Peak	CA	2
Clarks Point (historical)	CA	2
Clarks Pond	OR	2
Clarksburg	CA	0
Clarkston	WA	0
Clarkston Heights	WA	0
Clarkston Heights-Vineland	WA	0
Clarksville	OR	0
Clarmont Manor Park	CA	1
Clarmount Park	OR	1
Clarno	OR	0
Clarsona	CA	0
Clasen Cove Estates Mobile Home Park	WA	0
Classet	WA	0
Classick Bicentennial Park	OR	1
Clatskanie	OR	0
Clatskanie City Park	OR	1
Clatskanie Heights	OR	0
Clatskanie Mountain	OR	2
Clatsop Butte City Park	OR	1
Clatsop Spit	OR	2
Claussenius	CA	0
Claw Lake	CA	2
Clay	CA	0
Clay City	WA	0
Clay Creek Recreation Site	OR	1
Clay Hill	OR	2
Clay Myers State Natural Area at Whalen Island	OR	1
Clay Park	CA	1
Clay Pit State Vehicular Recreation Area	CA	1
Clay Point	CA	2
Clay Point	OR	2
Clay Street Park	OR	1
Claypool Butte	OR	2
Clays One Thousand Ranch Park	CA	1
Clayton	CA	0
Clayton	WA	0
Clayton Community Ballfields	CA	1
Clayton Hill	WA	2
Clayton Park	CA	1
Clayton Playground	WA	1
Clayton Point	OR	2
Clayton Valley Center Park	CA	1
Claywood Lake	WA	2
Cle Elum	WA	0
Cle Elum Point	WA	2
Cle Elum River Campground	WA	1
Clear Bay	CA	2
Clear Creek	CA	0
Clear Creek	OR	0
Clear Creek Camp	OR	1
Clear Creek Camp Ground	CA	1
Clear Creek Campground	WA	1
Clear Creek Campground (historical)	OR	1
Clear Creek Gold Discovery Historical Marker	CA	1
Clear Creek Mobile Home Park	WA	0
Clear Creek National Recreation Trail	CA	1
Clear Creek Park	CA	1
Clear Creek Sa'qad Interpretive Center	WA	1
Clear Creek School Camp	CA	1
Clear Creek Trail	CA	1
Clear Creek Way Trail	OR	1
Clear Fork Butte	OR	2
Clear Fork Trail	WA	1
Clear Lake	CA	2
Clear Lake	OR	0
Clear Lake	WA	0
Clear Lake Butte	OR	2
Clear Lake Campground	WA	1
Clear Lake Campground Boat Launch	OR	1
Clear Lake Keys	CA	0
Clear Lake National Wildlife Refuge	CA	1
Clear Lake North Campground	WA	1
Clear Lake Riviera	CA	0
Clear Lake South Campground	WA	1
Clear Lake State Park	CA	1
Clear Lost Trail	WA	1
Clear Point	OR	2
Clear West Peak	WA	2
Clearbrook	WA	0
Clearing House	CA	0
Clearlake	CA	0
Clearlake Highlands	CA	0
Clearlake Oaks	CA	0
Clearlake Park	CA	0
Clearview	WA	0
Clearwater	CA	0
Clearwater	OR	0
Clearwater	WA	0
Clearwater Bogs Natural Area Preserve	WA	1
Clearwater Corridor Natural Resources Conservation Area	WA	1
Clearwater Honor Camp	WA	1
Clearwater Park and Landing	OR	1
Clearwater State Park	WA	1
Clearwater Trail	WA	1
Clearwater Wilderness	WA	1
Cleator Community Park	CA	1
Cleawox Lake	OR	2
Cleetwood Cove	OR	2
Clegg-Stacy Park	CA	1
Cleghorn Bar Campground	CA	1
Cleghorn Bar Trail	CA	1
Cleghorn Lakes Wilderness	CA	1
Cleghorn Mountain	CA	2
Cleland Avenue Bicentennial Park	CA	1
Cleland Mountain	CA	2
Clem	OR	0
Clem Nelson Peak	CA	2
Clemens County Park	OR	1
Clement Junction	CA	0
Clements	CA	0
Clements Lake	WA	2
Clems Camp	CA	1
Cleo Lake	OR	2
Cleone	CA	0
Cleone Campground	CA	1
Cleveland	OR	0
Cleveland	WA	0
Cleveland Hill	OR	2
Cleveland Lake	WA	2
Cleveland Mountain	WA	2
Cleveland Rock	CA	2
Cleveland Shrub Steppe Natural Area Preserve	WA	1
Clevenger Butte	OR	2
Cleves Cove	OR	2
Cliff Camp	CA	1
Cliff Camp	WA	1
Cliff Campground	CA	1
Cliff Clemens Park	OR	1
Cliff Drive Park	CA	1
Cliff House Fishing Access Area	CA	1
Cliff Island	WA	2
Cliff Lake	CA	2
Cliff Lake	OR	2
Cliff Lake	WA	2
Cliff Lake Campground	OR	1
Cliff Lake Campground (historical)	OR	1
Cliff Nature Trail	OR	1
Cliff Park	WA	1
Cliff Peak	CA	2
Cliff Point	WA	2
Cliffdell	WA	0
Cliffridge Park	CA	1
Cliffs Camp	OR	1
Clifton	CA	0
Clifton	OR	0
Cliftwood Mobile Home Park	CA	0
Clima	CA	0
Clima Mesa	CA	2
Climax	OR	0
Climax	WA	0
Climbing	OR	2
Cline	WA	0
Cline Buttes	OR	2
Cline Falls State Park	OR	1
Cline Hill	OR	2
Cline Park	CA	1
Clinger Campground	OR	1
Clink Trail (historical)	WA	1
Clint	CA	0
Clinton	CA	0
Clinton	WA	0
Clinton City Park	OR	1
Clinton Knob	WA	2
Clinton Peak	CA	2
Clinton Square	CA	1
Clio	CA	0
Clipper	WA	0
Clipper Gap	CA	0
Clipper Mills	CA	0
Clipper Mountain Wilderness	CA	1
Cloak Lake	CA	2
Cloquallum Truck Trail	WA	1
Close Butte	CA	2
Closter Park	CA	1
Clotho	CA	0
Cloud Lake Group	OR	2
Cloud Splitter	CA	2
Cloudcap	OR	2
Cloudcap Bay	OR	2
Cloudripper	CA	2
Clouds Rest	CA	2
Clouds Rest Trail	CA	1
Cloudy Lake	WA	2
Cloudy Peak	WA	2
Clough Park	CA	1
Clover Basin Camp	CA	1
Clover Butte	CA	2
Clover Butte	OR	2
Clover Camp	OR	1
Clover Creek Trailer Court	WA	0
Clover Flat	CA	0
Clover Hill	WA	2
Clover Island	WA	2
Clover Lake	OR	2
Clover Lake	WA	2
Clover Meadow Campground	CA	1
Clover Mountain	CA	2
Clover Park	CA	1
Clover Rock	CA	2
Clover Valley Park	CA	1
Cloverdale	CA	0
Cloverdale	OR	0
Cloverdale Peak	CA	2
Cloverdale-Geyserville	CA	0
Cloverland	WA	0
Cloverland City Park	OR	1
Cloverleaf Beach Campground	WA	1
Cloverleaf Canyon	CA	0
Cloverleaf Lake	CA	2
Cloverpatch Butte	OR	2
Cloverpatch Trail	OR	1
Clovis	CA	0
Clovis Rodeo Park	CA	1
Clow Mountain	CA	2
Club Peak	CA	2
Cluster	OR	2
Cluster Cone Rocks	CA	2
Cluster Islands	WA	2
Cluster Point	CA	2
Clutch Trail	WA	1
Clyde	CA	0
Clyde	WA	0
Clyde Beach Park	WA	1
Clyde Hill	WA	0
Clyde Holliday State Park	OR	1
Clyde Lake	CA	2
Clyde Mountain	CA	2
Clyde Spires	CA	2
Clydesdale Trail	CA	1
Coach Country Corral Mobile Home Park	WA	0
Coachella	CA	0
Coachella Valley	CA	0
Coachella Valley Fringe-Toed Lizard Preserve	CA	1
Coachella Valley National Wildlife Refuge	CA	1
Coal Chute Point	CA	2
Coal Creek	WA	0
Coal Creek Bluff	WA	2
Coal Creek Camp	OR	1
Coal Creek Camp	WA	1
Coal Creek Campground	OR	1
Coal Creek Forest Camp	WA	1
Coal Creek Mountain	WA	2
Coal Creek Open Space	CA	1
Coal Creek Park	WA	1
Coal Lake	WA	2
Coal Mine Trail	CA	1
Coal Mountain	WA	2
Coal Oil Point	CA	2
Coal Oil Point Reserve	CA	1
Coal Pit Mountain	OR	2
Coal Point	OR	2
Coaledo	OR	0
Coalfield	WA	0
Coalinga	CA	0
Coalinga Memorial Bowl	CA	1
Coalinga Nose	CA	2
Coalmine Hill	OR	2
Coalpit Hill	CA	2
Coarsegold	CA	0
Coast Boulevard Park	CA	1
Coast Campground	CA	1
Coast Creek Park	OR	1
Coast Guard Island	CA	2
Coast Royale Beach	CA	1
Coast Trail	CA	1
Coast to Crest Trail	CA	1
Coati Point	CA	2
Cob Park	CA	1
Cobb	CA	0
Cobb	OR	0
Cobb Mountain	CA	2
Cobblestone Mountain	CA	2
Cobblestone Trail	CA	1
Cobbs Island	CA	2
Cobey Trail (historical)	WA	1
Coble Mountain	CA	2
Coburg	OR	0
Coburn	CA	0
Coburn Hill	WA	2
Coburn Lake	CA	2
Coche Campground	CA	1
Coche Point	CA	2
Coches Prietos Anchorage	CA	2
Cochran Hill	CA	2
Cochran Islands	OR	2
Cochrane	CA	0
Cock Robin Island	CA	2
Cock Robin Point	CA	2
Cocklebur Beach	CA	1
Cockleburr Lake	WA	2
Cockrin Trail	CA	1
Cockscomb	CA	2
Cockscomb Lakes	CA	2
Cockscomb Mountain	WA	2
Coco Mountain	WA	2
Codora	CA	0
Codornices Park	CA	1
Cody Butte	WA	2
Cody Lake	CA	2
Cody Lake	WA	2
Cody Ponds	OR	2
Coe Circle	OR	1
Coe Park	OR	1
Coe Street Park	OR	1
Coeur D'Alene Park	WA	1
Coey	WA	0
Coffee	CA	0
Coffee Butte	OR	2
Coffee Camp Campground	CA	1
Coffee Camp Picnic Area	CA	1
Coffee Creek	CA	0
Coffee Island	OR	2
Coffee Lake	OR	2
Coffee Lake	WA	2
Coffee Lake Park	OR	1
Coffee Lane Park	CA	1
Coffee Park	CA	1
Coffee Pot	CA	2
Coffee Pot Island	OR	2
Coffee Pot Island	WA	2
Coffee Pot Trail	OR	1
Coffeepot Butte	WA	2
Coffeepot Lake	WA	2
Coffeepot Trail	OR	1
Coffenbury Lake	OR	2
Coffey Park	CA	1
Coffils Park	CA	1
Coffin Butte	OR	2
Coffin Lake	WA	2
Coffin Mountain	OR	2
Coffin Mountain Trail	OR	1
Coffin Peak	CA	2
Coffin Rock	OR	2
Coffing	CA	0
Coffman Camp Trail	OR	1
Coggins Park	CA	1
Coglan Buttes	OR	2
Cogswell Marsh	CA	2
Cogswell Plaza	CA	1
Cohasset	CA	0
Cohassett	WA	0
Cohassett Beach	WA	0
Cohassett Lake	WA	2
Cohn Hill	WA	2
Coho Campground	WA	1
Cokedale	WA	0
Coker Butte	OR	2
Col Summers Park	OR	1
Colbert	WA	0
Colburn Hill	WA	2
Colby	WA	0
Colby Lake	CA	2
Colby Mountain	CA	2
Colby Park	CA	1
Colchester	WA	0
Colchuck Peak	WA	2
Colchuck Trail	WA	1
Cold Boiling Lake	CA	2
Cold Camp	OR	1
Cold Creek Butte	CA	2
Cold Creek Camp	WA	1
Cold Creek Campground	CA	1
Cold Creek Campground	WA	1
Cold Creek Canyon Preserve	CA	1
Cold Fork	CA	0
Cold Mountain	CA	2
Cold Point	OR	2
Cold Spring Camp	CA	1
Cold Spring Camp	OR	1
Cold Spring Campground	CA	1
Cold Spring Campground	WA	1
Cold Spring Cow Camp	OR	1
Cold Spring Hill	CA	2
Cold Spring Lake	WA	2
Cold Spring Mountain	CA	2
Cold Spring Trail	CA	1
Cold Spring Trail	OR	1
Cold Springs	CA	0
Cold Springs	OR	0
Cold Springs Butte	WA	2
Cold Springs Camp	OR	1
Cold Springs Campground	CA	1
Cold Springs Campground	OR	1
Cold Springs Campground	WA	1
Cold Springs Junction	OR	0
Cold Springs National Wildlife Refuge	OR	1
Cold Springs Peak	CA	2
Cold Stream Trail	CA	1
Cold Water Campground	CA	1
Coldbrook Campground	CA	1
Coldiron Camp	OR	1
Coldwater Campground	CA	1
Coldwater Canyon Park	CA	1
Coldwater Canyon Truck Trail	CA	1
Coldwater Lake	WA	2
Coldwater Peak	WA	2
Coldwater Trail	CA	1
Coldwater Trail	WA	1
Cole	CA	0
Cole Butte	WA	2
Cole Creek Campground	CA	1
Cole Creek Lakes	CA	2
Cole Hill	CA	2
Cole Island	OR	2
Cole Mountain	OR	2
Cole Park	WA	1
Cole Peak	CA	2
Cole Point	WA	2
Cole Spring Campground	CA	1
Colebrook Butte	OR	2
Colegio Vista Park	CA	1
Colegrove Butte	OR	2
Coleman	CA	0
Coleman Arm	OR	2
Coleman Beach	CA	1
Coleman Butte	WA	2
Coleman Hill	CA	2
Coleman Lake	OR	2
Coleman Mountain	OR	2
Coleman National Fish Hatchery	CA	1
Coleman Peak	WA	2
Coleman Point	OR	2
Coleman Point	WA	2
Coleman Rim	OR	2
Coles Corner	WA	0
Coles Road Natural Area	WA	1
Coles Valley	OR	0
Colestin	OR	0
Coleville	CA	0
Colfax	CA	0
Colfax	WA	0
Colfax Hill	CA	2
Colfax Little League Park	WA	1
Colfax Peak	WA	2
Colfax Spring	CA	0
Colfax-Monumental Ridge	CA	0
Colier Spring Trail	CA	1
Colina del Sol Park	CA	1
Coliseum Gardens	CA	1
Collard Lake	OR	2
Collawash Mountain	OR	2
College Camp	CA	1
College Campground	CA	1
College City	CA	0
College Cove	CA	2
College Estates Park	CA	1
College Heights	CA	0
College Heights City Park	OR	1
College Heights Park	CA	1
College Hill	OR	0
College Lake	CA	2
College Park	CA	1
College Park	OR	1
College Place	WA	0
College Place Mobile Home Park	WA	0
College View Park	CA	1
Collegeville	CA	0
Colliding Rivers Park	OR	1
Collier Butte	OR	2
Collier Cone	OR	2
Collier H Buffington Memorial Park	OR	1
Collier Memorial State Park	OR	1
Collier Park	CA	1
Collierville	CA	0
Collings Mountain	OR	2
Collins Butte	OR	2
Collins Camp	OR	1
Collins Creek State Park	OR	1
Collins Eddy	CA	2
Collins Island	CA	2
Collins Lake	OR	2
Collins Lake	WA	2
Collins Lake Recreation Area	CA	1
Collins Point	CA	2
Collins Point	WA	2
Collins Rim	OR	2
Collinsville	CA	0
Collis Mayflower County Park	CA	1
Collords Peak	CA	2
Collusion Point	OR	2
Collver Point	OR	2
Colma	CA	0
Colman Lake	CA	2
Colman Park	WA	1
Colockum State Wildlife Area	WA	1
Coloma	CA	0
Coloma Park	CA	1
Coloma Road State Historic Landmark 747	CA	1
Colonel Allensworth State Historic Park	CA	1
Colonel Bob	WA	2
Colonel Bob Wilderness	WA	1
Colonel Leo H Washington Park	CA	1
Colonia Juarez	CA	0
Colonia Manzanilla	CA	0
Colonia Park	CA	1
Colonial Creek Campground	WA	1
Colonial Mobile Home Park	WA	0
Colonial Peak	WA	2
Colonial Playground	CA	1
Colonnade	WA	2
Colony Park	CA	1
Colony Peak	CA	2
Colorado Camp	CA	1
Colorado Hill	CA	2
Colorado Lagoon	CA	2
Colorado Lake	OR	2
Colosseum Mountain	CA	2
Colpitts Butte	OR	2
Colquhoun Peak	WA	2
Colson Canyon Campgrounds	CA	1
Colt Lake	CA	2
Colt Lake	OR	2
Colton	CA	0
Colton	OR	0
Colton	WA	0
Colton Park	CA	1
Colton Plunge Park	CA	1
Colton Recreation Lake	CA	2
Coltrell Flat Camp	CA	1
Columbia	CA	0
Columbia	WA	0
Columbia Beach	WA	0
Columbia Botanical Gardens	OR	1
Columbia Children's Aboretum	OR	1
Columbia City	OR	0
Columbia City	WA	0
Columbia City Park	OR	1
Columbia Falls Natural Area Preserve	WA	1
Columbia Finger	CA	2
Columbia Gorge Recreation Area	OR	1
Columbia Heights	OR	0
Columbia Heights	WA	0
Columbia Hill	CA	2
Columbia Hill	OR	2
Columbia Hills Historical State Park	WA	1
Columbia Hills Natural Area Preserve	WA	1
Columbia Historic District	CA	1
Columbia Mountain	CA	2
Columbia Mountain	WA	2
Columbia National Wildlife Refuge	WA	1
Columbia Park	CA	1
Columbia Park	OR	1
Columbia Park	WA	1
Columbia Park (historical)	WA	1
Columbia Peak	WA	2
Columbia Plateau Trail State Park	WA	1
Columbia Point	WA	2
Columbia Point Marina Park	WA	1
Columbia State Historic Park	CA	1
Columbia Valley Gardens	WA	0
Columbia View Park	OR	1
Columbia Village	CA	0
Columbian Gardens	CA	1
Columbian White-Tailed Deer National Wildlife Refuge	WA	1
Columbine Lake	CA	2
Columbine Peak	CA	2
Columbus Park	CA	1
Columbus Square	CA	1
Columbus Tustin Park	CA	1
Colusa	CA	0
Colusa County Fairgrounds	CA	1
Colusa Junction	CA	0
Colusa Levee Scenic Park	CA	1
Colusa National Wildlife Refuge	CA	1
Colusa Rancheria	CA	0
Colusa Weir Recreation Area	CA	1
Colusa-Sacramento River State Recreation Area	CA	1
Colville	WA	0
Colville Island	WA	2
Colville Mountain	WA	2
Colvos	WA	0
Comanche Park	CA	1
Comanche Point	CA	2
Comar	WA	0
Comb Rocks	CA	2
Combs Peak	CA	2
Comegys Lake	OR	2
Cometa	CA	0
Comings Rustic Campsite	CA	1
Comma Lake	OR	2
Commanche Camp	CA	1
Command Point	WA	2
Commencement Bay	WA	2
Commerce	CA	0
Commercial City Park	OR	1
Commercial Street Park	OR	1
Commodore Jones Point	CA	2
Commodore Lake	OR	2
Commodore Park	CA	1
Commodore Trail	CA	1
Commons Park	OR	1
Commonwealth Campground	WA	1
Commonwealth Lake	OR	2
Commonwealth Lake Park	OR	1
Community Campus Park	OR	1
Community Center Park	CA	1
Community Park	CA	1
Community Park	OR	1
Community Park	WA	1
Community Park Number 2	CA	1
Company Butte	OR	2
Comptche	CA	0
Compton	CA	0
Compton Park	CA	1
Comstock	OR	0
Comstock	WA	0
Comstock Acres	CA	0
Comstock Ranch	CA	0
Conant	CA	0
Conard Lake	CA	2
Conaway	CA	0
Conboy Lake	WA	2
Conboy Lake National Wildlife Refuge	WA	1
Concepcion	CA	0
Conconully	WA	0
Conconully National Wildlife Refuge	WA	1
Conconully State Park	WA	1
Concord	CA	0
Concord	OR	0
Concord Boulevard Park	CA	1
Concord Community Park	CA	1
Concordia Park	CA	1
Concow	CA	0
Concrete	WA	0
Conde B McCullough State Recreation Site	OR	1
Condenser Peak	OR	2
Condon	OR	0
Condon Butte	OR	2
Condon City Park	OR	1
Condon Mountain	WA	2
Condon Park	CA	1
Condon Peak	CA	2
Condor Gulch Trail	CA	1
Condor Peak	CA	2
Condor Peak Ridign and hiking Trail	CA	1
Condor Point	CA	2
Condrey Mountain	CA	2
Cone Hill	CA	2
Cone Islands	WA	2
Cone Islands State Park	WA	1
Cone Lake	CA	2
Cone Mountain	CA	2
Cone Mountain	WA	2
Cone Peak	CA	2
Cone Peak	OR	2
Cone Point	CA	2
Cone Point Trail	CA	1
Cone Rock	CA	2
Conejo	CA	0
Conejo Community Park	CA	1
Conejo Creek Equestrian Park	CA	1
Conejo Creek North Park	CA	1
Conejo Creek Park	CA	1
Conejo Mountain	CA	2
Conejo Ridge Open Space	CA	1
Conestoga Recreation and Aquatic Center	OR	1
Coney Hill	CA	2
Coney Island	CA	2
Coney Lake	WA	2
Confederate Corners	CA	0
Confidence	CA	0
Confluence Park	CA	1
Conger Heights Park	OR	1
Conger Mountain	OR	2
Conger School Park	OR	1
Conglomerate Mesa	CA	2
Conglomerate Point	WA	2
Congress Group	CA	2
Congress Springs Park	CA	1
Congress Trail	CA	1
Conical Rock	CA	2
Conical Rock	OR	2
Conical White Rock	OR	2
Conifer Mobile Home Park	WA	0
Conim Lake	OR	2
Coniston	CA	0
Conklin Lake	WA	2
Conklin Park Campground	CA	1
Conley Lake	OR	2
Connecting Slough	CA	2
Connell	WA	0
Connells Cow Camp	CA	1
Conner	CA	0
Conners Lake	WA	2
Connor Lake	OR	2
Connor Lake	WA	2
Connors Camp Recreation Site	OR	1
Conrad Lake	WA	2
Conradi Lake	WA	2
Conservation Camp Thirtyseven	CA	1
Constance Lake	CA	2
Constance Peak	CA	2
Constantia	CA	0
Constitution Park	CA	1
Consultation Lake	CA	2
Contact Mountain	WA	2
Contempo Park	CA	1
Contention Hill	WA	2
Contorta Point	OR	2
Contra Costa Centre	CA	0
Contra Costa County Fairgrounds	CA	1
Contra Loma Park	CA	1
Contract Point	CA	2
Contractors Point	WA	2
Contreras Park	CA	1
Converse Mountain	CA	2
Convict Lake	CA	2
Convict Lake Campground	CA	1
Convict lake loop trail	CA	1
Conway	WA	0
Conway City Park	CA	1
Conway Lake	CA	2
Cony Lake	CA	2
Cook	OR	0
Cook	WA	0
Cook Creek Trail	OR	1
Cook Hill	WA	2
Cook Lake	WA	2
Cook Mountain	WA	2
Cook Park	OR	1
Cook Peak	CA	2
Cook Slough	OR	2
Cook Springs Camp	CA	1
Cook and Green Butte	CA	2
Cook and Green Campground	CA	1
Cooke Mountain	WA	2
Cookes Camp	OR	1
Cooks Beach	CA	1
Cooks Butte	OR	2
Cooks Butte City Park	OR	1
Cooks Chasm	OR	2
Cooks Cove	WA	2
Cooks Island	WA	2
Cooks Island (historical)	WA	2
Cooks Lake	WA	2
Cooks Mountain	CA	2
Cooks Mountain	OR	2
Cooks Mountain	WA	2
Cooks Peak	CA	2
Cooks Treaty Fishing Access Site	WA	1
Cooks Valley	CA	0
Cool	CA	0
Cool Camp	OR	1
Cool Camp Trail	OR	1
Cool Creek Trail	OR	1
Cool Springs Campground	CA	1
Cooledge Park	CA	1
Coolgardie Camp	CA	1
Coolidge Park	CA	1
Coolidge Springs	CA	0
Coombs Park	CA	1
Coon Bay	WA	2
Coon Camp	CA	1
Coon Creek Trail	CA	1
Coon Hollow	WA	2
Coon Hollow Campground	CA	1
Coon Island	CA	2
Coon Island	OR	2
Coon Island	WA	2
Coon Lake	CA	2
Coon Lake	OR	2
Coon Lake	WA	2
Coon Peak	CA	2
Coon Point	OR	2
Cooney Lake	CA	2
Cooney Lake	WA	2
Cooney Mountain	WA	2
Cooney Point	WA	2
Coonrad Hill	WA	2
Cooper	CA	0
Cooper Canyon Trail Camp	CA	1
Cooper Cienega	CA	2
Cooper Cienega Truck Trail	CA	1
Cooper Creek Reservoir Park	OR	1
Cooper Field	CA	1
Cooper Gulch Campground	CA	1
Cooper Gulch Park	CA	1
Cooper Island	WA	2
Cooper Lake	WA	2
Cooper Loop Trail	CA	1
Cooper Mountain	OR	2
Cooper Mountain	WA	2
Cooper Park	CA	1
Cooper Park	OR	1
Cooper Pass Trail	WA	1
Cooper Peak	CA	2
Cooper Point	CA	2
Cooper Point	WA	2
Cooper Spur Ski Trail	OR	1
Cooper Swamp	CA	2
Cooperstown	CA	0
Coos Bay	OR	0
Coos Bay Estuary	OR	2
Coos County Youth Camp	OR	1
Coos Head	OR	2
Coos Mountain	OR	2
Coos River	OR	0
Cooskie Mountain	CA	2
Cooston	OR	0
Copalis Beach	WA	0
Copalis Crossing	WA	0
Copalis Head	WA	2
Copalis National Wildlife Refuge	WA	1
Copalis Rock National Wildlife Refuge	WA	1
Copco	CA	0
Copeland	CA	0
Copeland Butte	OR	2
Copeland Creek Trail	OR	1
Copello Park	CA	1
Copepod Lake	OR	2
Copernicus Peak	CA	2
Copic	CA	0
Coplay Lake	WA	2
Copley Mountain	CA	2
Coppei	WA	0
Copper	OR	0
Copper Butte	CA	2
Copper Butte	WA	2
Copper Buttes	OR	2
Copper City	CA	0
Copper Cove Subdivision	CA	0
Copper Cove Village	CA	0
Copper Creek Trail	OR	1
Copper Glance Lake	WA	2
Copper Hill	CA	2
Copper Lake	OR	2
Copper Lake	WA	2
Copper Lakes	WA	2
Copper Mine Botton Campground	WA	1
Copper Mountain	CA	2
Copper Mountain	OR	2
Copper Mountain	WA	2
Copper Peak	WA	2
Copper Salmon Wilderness	OR	1
Copper Trail	CA	1
Copperfield Campground	OR	1
Copperopolis	CA	0
Copperopolis Mountain	CA	2
Coppervale	CA	0
Copple Butte	OR	2
Copple Butte Trail	OR	1
Copple Place	CA	0
Copsey Camp	OR	1
Coquille	OR	0
Coquille Boat Ramp	OR	1
Coquille Myrtle Grove State Park	OR	1
Coquille Point	OR	2
Coquille River Estuary	OR	2
Coquille Rock	OR	2
Cora	WA	0
Cora Lake	CA	2
Cora Lake	WA	2
Corallina Cove	CA	2
Coralwood Park	CA	1
Coram	CA	0
Corbell Butte	OR	2
Corbett	OR	0
Corbett Lake	CA	2
Corbia Lake	OR	2
Corbin Park	WA	1
Corcoran	CA	0
Corcoran City Swimming Pool	CA	1
Corcoran Lagoon	CA	2
Cordata Park	CA	1
Cordelia	CA	0
Cordell	WA	0
Cordell Bank National Marine Sanctuary	CA	1
Cordella Rim	OR	2
Cordero Junction	CA	0
Cordova Park	CA	1
Corey Hill	OR	0
Corfu	WA	0
Corinthian Island	CA	2
Corkindale	WA	0
Corkscrew Peak	CA	2
Corlew Mountain	CA	2
Cormack Park	CA	1
Cormana Lake	WA	2
Corn Camp	CA	1
Corn Jack Peak	CA	2
Cornaz Lake	CA	2
Cornaz Peak	CA	2
Cornehl Lake	WA	2
Cornelius	OR	0
Cornelius City Park	OR	1
Cornelius Ranch Truck Trail	CA	1
Cornell	CA	0
Cornell Butte	WA	2
Cornell Natural Area	OR	1
Cornell Peak	CA	2
Corner Butte	WA	2
Corner Lake	OR	2
Cornet	WA	0
Cornet Bay	WA	2
Cornett Lake	OR	2
Corning	CA	0
Cornish House Campsite	CA	1
Cornpatch Meadow	OR	2
Cornucopia	OR	0
Cornucopia Peak	OR	2
Cornwall	CA	0
Cornwall Historical Marker	OR	1
Cornwall Park	WA	1
Cornwall Point	OR	2
Cornwell Lake	WA	2
Corona	CA	0
Corona Heights Playground	CA	1
Corona Park	CA	1
Corona del Mar State Beach	CA	1
Coronado	CA	0
Coronado Cays	CA	2
Coronado City Beach	CA	1
Coronado Park	CA	1
Coronado Shores	OR	0
Coronado Shores Beach	CA	1
Coronel Plaza	CA	1
Coronet Lake	CA	2
Coronet Park	CA	1
Corporal	CA	0
Corral Beach	CA	1
Corral Butte	OR	2
Corral Butte	WA	2
Corral Camp	OR	1
Corral Canyon Campground	CA	1
Corral Creek Campground	CA	1
Corral Creek Campground	WA	1
Corral Creek Trail	OR	1
Corral Harbor	CA	2
Corral Hill	CA	2
Corral Lake	OR	2
Corral Lake	WA	2
Corral Lake (historical)	CA	2
Corral Mountain	CA	2
Corral Mountain	OR	2
Corral Point	CA	2
Corral Springs Trail	OR	1
Corral Swamp	OR	2
Corral Swamp Trail	OR	1
Corral Valley Trail (historical)	CA	1
Corral de Tierra	CA	0
Corralitos	CA	0
Corralitos Lagoon	CA	2
Corrie Lochan	CA	2
Corrigal Spring Campground	OR	1
Corrigan Lake	OR	2
Cors Island	WA	2
Corson Natural State Wildlife Area	WA	1
Corte Madera	CA	0
Corte Madera Mountain	CA	2
Corte Madera State Ecological Reserve	CA	1
Corte Madera Town Park	CA	1
Corte Madera Trail	CA	1
Cortena	CA	0
Corteo Peak	WA	2
Cortez	CA	0
Cortez Park	CA	1
Cortright Creek Trail	WA	1
Cortright Point	WA	2
Corvallis	OR	0
Corvallis Park	CA	1
Corvallis Watershed Wild Animal Refuge	OR	1
Corvina Beach Campground	CA	1
Corwin Road Park	CA	1
Cory	CA	0
Cory Peak	CA	2
Cosgrave Hill	WA	2
Cosho Peak	WA	2
Cosio Knob	CA	2
Cosmit Peak	CA	2
Cosmopolis	WA	0
Cosmos Playground	CA	1
Coso	CA	0
Coso Junction	CA	0
Coso Peak	CA	2
Coso Range Wilderness	CA	1
Coso Rock Art District	CA	1
Coso Square	CA	1
Cossalman Lake	WA	2
Costa Mesa	CA	0
Costeau Park	CA	1
Costello Recreation Center	CA	1
Cosumne	CA	0
Cosumnes School Park	CA	1
Cosy Dell	CA	0
Cotati	CA	0
Cote Lake	OR	2
Coto De Caza	CA	0
Coto Sports and Recreation Park	CA	1
Cotta Way Park	CA	1
Cottage Corners	CA	0
Cottage Grove	CA	0
Cottage Grove	OR	0
Cottage Hill	CA	2
Cottage Home Hill	CA	2
Cottage Lake	WA	0
Cottage Park	CA	1
Cottage Spring Campground	CA	1
Cottage Springs	CA	0
Cottam Campground	CA	1
Cottaneva Needle	CA	2
Cottaneva Rock	CA	2
Cottlers Rock	WA	2
Cotton Arm	CA	2
Cotton Butte	OR	2
Cotton Center	CA	0
Cotton Lake	CA	2
Cottonball Marsh	CA	2
Cottonwood	CA	0
Cottonwood Bay	CA	2
Cottonwood Bay City Park	OR	1
Cottonwood Beach	OR	1
Cottonwood Beach	WA	0
Cottonwood Botanical Trail	CA	1
Cottonwood Buttes	OR	2
Cottonwood Camp	CA	1
Cottonwood Camp	OR	1
Cottonwood Camp	WA	1
Cottonwood Campground	CA	1
Cottonwood Campground	WA	1
Cottonwood City Park	OR	1
Cottonwood Complex Campground	OR	1
Cottonwood Creek Trail	OR	1
Cottonwood Estates	CA	0
Cottonwood Fisherman Trail	CA	1
Cottonwood Flat Campground	CA	1
Cottonwood Historic District	CA	1
Cottonwood Island	WA	2
Cottonwood Island State Wildlife Area	WA	1
Cottonwood Lake	CA	2
Cottonwood Lake	OR	2
Cottonwood Lake	WA	2
Cottonwood Lake Number Five	CA	2
Cottonwood Lake Number Four	CA	2
Cottonwood Lake Number One	CA	2
Cottonwood Lake Number Six	CA	2
Cottonwood Lake Number Three	CA	2
Cottonwood Lake Number Two	CA	2
Cottonwood Loop Campground	CA	1
Cottonwood Meadow Campground Boat Ramp	OR	1
Cottonwood Meadows Trail	OR	1
Cottonwood Mobile Home Park	WA	0
Cottonwood Mountain	CA	2
Cottonwood One County Park	CA	1
Cottonwood Overlook Trail	CA	1
Cottonwood Park	CA	1
Cottonwood Peak	CA	2
Cottonwood Point	WA	2
Cottonwood Reservoir County Park	OR	1
Cottonwood Rustic Campsite	CA	1
Cottonwood Spring Campground	CA	1
Cottonwood Three County Park	CA	1
Cottonwood Trail	CA	1
Cottonwood Two County Park	CA	1
Cottrell	OR	0
Couch City Park	OR	1
Couch Lake (historical)	OR	2
Cougar	CA	0
Cougar	WA	0
Cougar Bluffs	OR	2
Cougar Butte	CA	2
Cougar Butte	OR	2
Cougar Camp	CA	1
Cougar Camp	OR	1
Cougar Camp	WA	1
Cougar Creek Trail	OR	1
Cougar Flat Campground	WA	1
Cougar Forest Camp	OR	1
Cougar Hills	WA	0
Cougar Island	WA	2
Cougar Island Campground	WA	1
Cougar Lake	OR	2
Cougar Lake	WA	2
Cougar Mall	CA	1
Cougar Mountain	OR	2
Cougar Mountain	WA	2
Cougar Peak	OR	2
Cougar Point	WA	2
Cougar Pond	OR	2
Cougar Ridge Trail	CA	1
Cougar Ridge Trail	OR	1
Cougar Rock	OR	2
Cougar Rock	WA	2
Cougar Rock Campground	WA	1
Cougar Rocks	WA	2
Cougar Sports Center	CA	1
Cougar Trail	OR	1
Cougar Valley	WA	0
Cougar Valley Trail	WA	1
Cougar Way	WA	1
Coulee City	WA	0
Coulee Dam	WA	0
Coulee Lake	WA	2
Coulee Playfield	WA	1
Coulterville	CA	0
Coulterville Main Street Historic District	CA	1
Coulterville Park	CA	1
Council Bluff	WA	2
Council Butte	OR	2
Council Campground	CA	1
Council Crest	OR	2
Council Crest City Park	OR	1
Council Lake	CA	2
Council Lake	WA	2
Council Lake Campground	WA	1
Coundly Lake	WA	2
Counsman	CA	0
Counterfeit Hill	CA	2
Country Aire Manor Mobile Home Park	WA	0
Country Carriage Estates Mobile Home Park	WA	0
Country Club Senior Mobile Park	WA	0
Country Dale Mobile Home Park	WA	0
Country Estates Mobile Home Park	WA	0
Country Green Estates Mobile Home Park	WA	0
Country Hills Mobile Home Park	WA	0
Country Hills Park	CA	1
Country Homes	WA	0
Country Lane City Park	OR	1
Country Lane Mobile Home Park	WA	0
Country Manor Mobile Home Park	WA	0
Country Mobile Estates	CA	0
Country Mobile Estates	WA	0
Country Mobile Home Court	WA	0
Country Place Mobile Home Park	WA	0
Country Road Estates	CA	0
Country Road Estates Mobile Home Park	WA	0
Country Side Mobile Home Park	CA	0
Country Villa Estates	CA	0
Country Villa Estates Mobile Home Park	CA	0
Country Villa Mobile Estates	WA	0
Country West Mobile Home Park	WA	0
Country Wood Park	CA	1
Countryside Beach	WA	1
Countryside Community Park	CA	1
Countryside Mobile Home Park	WA	0
Countryside Park	CA	1
Counts Butte	WA	2
County Camp Fifteen	CA	1
County Camp Number 16	CA	1
County Detention Camp Number One	CA	1
County Line Hill	CA	2
County Line Pond	WA	2
County Line Trail	CA	1
County Line Trail	WA	1
County Square Linear Park	CA	1
Coupeville	WA	0
Couplets	OR	2
Courreges Park	CA	1
Courson Park	CA	1
Court House Square Park	CA	1
Courthouse Park	CA	1
Courthouse Rock	OR	2
Courthouse Square Park	OR	1
Courtland	CA	0
Courtland Playground	WA	1
Courtney Butte	OR	2
Courtney Peak	WA	2
Courtright Intrusive Contact Zone Geological Area	CA	1
Courtrock	OR	0
Courtside City Park	OR	1
Courtyard Mobile Home Park	WA	0
Cousins	OR	2
Covada	WA	0
Cove	OR	0
Cove	WA	0
Cove Beach	CA	1
Cove Beach	OR	1
Cove Camp	OR	1
Cove Camp Campground	CA	1
Cove Campground	CA	1
Cove Creek Campground Boat Ramp	OR	1
Cove Mobile Villa	CA	0
Cove Orchard	OR	0
Cove Point	CA	2
Cove Point	OR	2
Cove Rock	CA	2
Coveland	WA	0
Covell Park	CA	1
Covello	WA	0
Covelo	CA	0
Covered Wagon Peak	CA	2
Coville	WA	0
Covina	CA	0
Covina Park	CA	1
Covington	WA	0
Covington Cove	WA	2
Covington Lake	CA	2
Covington Mini Park	CA	1
Covington Mountain	CA	2
Covington Park	CA	1
Covington Point	OR	2
Cow Camp	CA	1
Cow Camp	OR	1
Cow Camp	WA	1
Cow Camp Cabin	OR	1
Cow Camp Corral	WA	1
Cow Creek	CA	0
Cow Creek	OR	0
Cow Creek Forebay	CA	2
Cow Creek Game Refuge	OR	1
Cow Creek Meadows	WA	2
Cow Head Lake	CA	2
Cow Hill	CA	2
Cow Lake	CA	2
Cow Lake	WA	2
Cow Lakes Recreation Area	OR	1
Cow Meadow Lake	CA	2
Cow Mountain	CA	2
Cow Point	WA	2
Cow Springs Campground	CA	1
Cow Swamp	OR	2
Cow Valley Butte	OR	2
Cow and Calf Mountain	CA	2
Cowan Heights	CA	0
Cowan Meadow Trail	CA	1
Cowan Park	OR	1
Cowap Peak	WA	2
Cowbell Mountain	OR	2
Cowboy Lake	CA	2
Cowboy Mountain	WA	2
Cowboy Rock Trail	CA	1
Cowden Park	OR	1
Coweeman Lake	WA	2
Cowell Beach	CA	1
Cowen Park	WA	1
Cowhole Mountain	CA	2
Cowhorn Mountain	OR	2
Cowhorn Trail	OR	1
Cowiche	WA	0
Cowiche Mountain	WA	2
Cowiche State Wildlife Area	WA	1
Cowles Mountain	CA	2
Cowley	WA	0
Cowley Park	WA	1
Cowlitz	WA	0
Cowlitz Bay	WA	2
Cowlitz Rocks	WA	2
Cowlitz Trail	WA	1
Cowlitz Trout Hatchery State Wildlife Area	WA	1
Cowslip Campground	CA	1
Cowtrack Mountain	CA	2
Cox	CA	0
Cox Butte	OR	2
Cox Island	OR	2
Cox Lake	WA	2
Cox Rock	OR	2
Coxcomb Hill	OR	2
Coxey Hill	CA	2
Coxey Meadow Swamp	CA	2
Coxit Creek Trail (historical)	WA	1
Coxit Mountain	WA	2
Coy Flat Campground	CA	1
Coyle	WA	0
Coyle Butte	OR	2
Coyote Bluff	CA	2
Coyote Bluff	OR	2
Coyote Butte	CA	2
Coyote Butte	OR	2
Coyote Butte	WA	2
Coyote Buttes	OR	2
Coyote Camp	WA	1
Coyote Canyon Cultural Preserve	CA	1
Coyote Evans Wayside	OR	1
Coyote Group Campground	CA	1
Coyote Hill	CA	2
Coyote Hill	OR	2
Coyote Hill	WA	2
Coyote Hills	OR	2
Coyote Hills Park	CA	1
Coyote Hills Regional Park	CA	1
Coyote Hole	CA	2
Coyote Holes	CA	2
Coyote Island	OR	2
Coyote Island (historical)	OR	2
Coyote Islands (historical)	WA	2
Coyote Knoll	CA	2
Coyote Lake	CA	2
Coyote Lake	OR	2
Coyote Lake	WA	2
Coyote Lakes	CA	2
Coyote Mountain	CA	2
Coyote Mountain	OR	2
Coyote Mountain	WA	2
Coyote Mountains Wilderness	CA	1
Coyote Park	CA	1
Coyote Peak	CA	2
Coyote Peak	OR	2
Coyote Peak Trail	CA	1
Coyote Peaks	CA	2
Coyote Point	CA	2
Coyote Point	OR	2
Coyote Point County Park	CA	1
Coyote Point Yacht Harbor	CA	2
Coyote Ridge Trail	CA	1
Coyote Rim	OR	2
Coyote Rock	CA	2
Coyote Rock	OR	2
Coyote Rocks	CA	2
Coyote Springs Area Campground	CA	1
Coyote Town	WA	2
Coyote Trail	CA	1
Coyote Trail	WA	1
Coyote Waterhole	OR	2
Coyote Wells	CA	0
Coyoteville	CA	0
Cozy Cove	WA	2
Cozy Dell Trail	CA	1
Cozy Nook	WA	0
Cozzens Corner	CA	0
Crab Creek Habitat Management Area	WA	1
Crab Flats	CA	2
Crab Harbor	OR	2
Crab Island	CA	2
Crab Island	WA	2
Crab Island (historical)	CA	2
Crab Park	CA	1
Crab Rock	OR	2
Crabapple Lake	OR	2
Crabapple Lake	WA	2
Crabtree	CA	0
Crabtree	OR	0
Crabtree	WA	0
Crabtree Campsite	CA	1
Crabtree Hill	OR	2
Crabtree Lake	CA	2
Crabtree Lake	OR	2
Crabtree Lake Trail	OR	1
Crabtree Mountain	OR	2
Crabtree Park	CA	1
Crabtree Park	OR	1
Crabtree Place	CA	0
Crabtree Point	OR	2
Cracked Crag	CA	2
Cracker Camp	OR	1
Cradle Lake	WA	2
Craft Island	WA	2
Craft Point	OR	2
Crafton	CA	0
Crafton Park	CA	1
Crafts Peak	CA	2
Crag Lake	CA	2
Crag Lake	WA	2
Crag Mountain	WA	2
Crag Peak	CA	2
Crag View	WA	2
Craggy Mountain	CA	2
Craggy Mountain	OR	2
Craggy Peak	CA	2
Craggy Peak	WA	2
Cragmont Park	CA	1
Crags Campground	CA	1
Crags Lake	CA	2
Crags Trail	CA	1
Craig	CA	0
Craig Lake	OR	2
Craig Mountain	OR	2
Craig Peak	CA	2
Craig Recreation Area	CA	1
Craig Regional Park	CA	1
Craige	WA	0
Craigs Creek Mountain	CA	2
Craigs Hill	WA	2
Crain Memorial Park	CA	1
Crain Prairie Trail	OR	1
Craine Prairie Campground Boat Ramp	OR	1
Cram Peak	CA	2
Cramer Lake	WA	2
Cramer Lake Trail	WA	1
Cramer Mountain	WA	2
Cranberry Corners	OR	0
Cranberry Lake	WA	2
Cranberry Lake Park	WA	1
Cranberry Marsh	WA	2
Crandall Peak	CA	2
Crandall Spit	WA	2
Crane	OR	0
Crane	WA	0
Crane Butte	OR	2
Crane Creek Campground	OR	1
Crane Creek Forest Camp	OR	1
Crane Creek Regional Park	CA	1
Crane Island	WA	2
Crane Lake	OR	2
Crane Lake	WA	2
Crane Meadow Camp	CA	1
Crane Mountain	CA	2
Crane Mountain	OR	2
Crane Mountain National Recreation Trail	CA	1
Crane Park	CA	1
Crane Peak	CA	2
Crane Point	WA	2
Crane Slough	OR	2
Crane Valley Campground	CA	1
Cranes Peak	CA	2
Craney Hill	WA	2
Crank Mountain	CA	2
Cranmore	CA	0
Crannell	CA	0
Cranston Knob	CA	2
Crapo Mountain	CA	2
Crater	CA	0
Crater	WA	0
Crater Butte	CA	2
Crater Butte	OR	2
Crater Butte Trail	OR	1
Crater Buttes	OR	2
Crater Camp	CA	1
Crater Creek Campground	WA	1
Crater Crest	CA	2
Crater Lake	CA	2
Crater Lake	OR	2
Crater Lake	WA	2
Crater Lake Camp	OR	1
Crater Lake Campground	CA	1
Crater Lake National Park	OR	1
Crater Lakes	WA	2
Crater Mountain	CA	2
Crater Mountain	OR	2
Crater Mountain	WA	2
Crater Peak	CA	2
Crater Peak	OR	2
Crater Peak	WA	2
Crater Peak Trail	OR	1
Crater Pool	CA	2
Crater Trail	OR	1
Crates Point	OR	2
Craven Penninsula (historical)	WA	2
Craven Rock	WA	2
Crawfish Lake	OR	2
Crawfish Lake	WA	2
Crawfish Lake Campground	WA	1
Crawford	WA	0
Crawford Butte	OR	2
Crawford Camp	CA	1
Crawford Lake	WA	2
Crawford Marsh	WA	2
Crawford Mountain	WA	2
Crawford Park	CA	1
Crawford Point	OR	2
Crawford State Park	WA	1
Crawford W Clarke Memorial Park	CA	1
Crawfords Mobile Home Court	WA	0
Crawfordsville	OR	0
Crazy Lake	CA	2
Crazy Man Mountain	WA	2
Crazy Peak	CA	2
Crea Trail	CA	1
Cream Lake	OR	2
Cream Lake	WA	2
Creamery Bay	CA	2
Cree Camp	CA	1
Cree Lake	WA	2
Creed	CA	0
Creek Campground	CA	1
Creek Trail	CA	1
Creekside	CA	0
Creekside City Park	OR	1
Creekside Mobile Home Park	WA	0
Creekside Nature Trail	CA	1
Creekside Oaks Park	CA	1
Creekside Park	CA	1
Creel Hill	OR	2
Creep and Crawl Lake	OR	2
Creeping Forest Trail	CA	1
Crego Hill	WA	2
Crenshaw Hill	OR	2
Creosote	WA	0
Cresap Bay	WA	0
Crescent	OR	0
Crescent	WA	0
Crescent Bar Recreational Area	WA	1
Crescent Bay	CA	2
Crescent Bay	WA	2
Crescent Bay Park	CA	1
Crescent Bay Point Park	CA	1
Crescent Beach	CA	1
Crescent Beach	OR	1
Crescent Beach	WA	1
Crescent Butte	CA	2
Crescent Butte	OR	2
Crescent City	CA	0
Crescent City North	CA	0
Crescent City Park	OR	1
Crescent Cliff	CA	2
Crescent Cove Campground	CA	1
Crescent Harbor	WA	2
Crescent Hill	CA	2
Crescent Hill	OR	2
Crescent Hill	WA	2
Crescent Island	WA	2
Crescent Lake	CA	2
Crescent Lake	OR	0
Crescent Lake	WA	2
Crescent Lake Campground	WA	1
Crescent Lake State Wildlife Area	WA	1
Crescent Lakes	WA	2
Crescent Mills	CA	0
Crescent Mountain	OR	2
Crescent Mountain	WA	2
Crescent Mountain Trail	OR	1
Crescent Park	CA	1
Crescent Ridge Park	CA	1
Crescenta Valley Park	CA	1
Crespi Pond	CA	2
Cress Camp	WA	1
Cressey	CA	0
Crest	CA	0
Crest Camp	WA	1
Crest Heights City Park	OR	1
Crest Island	WA	2
Crest Line Park	CA	1
Crest Park	OR	1
Crest Ranch Park	CA	1
Crest Summit	CA	2
Cresta	CA	0
Cresta Park	CA	1
Crested Buttes	WA	2
Cresthaven Mobile Home Park	WA	0
Cresthaven Park	CA	1
Crestline	CA	0
Crestline Camp	CA	1
Crestmont Park	CA	1
Crestmore	CA	0
Creston	CA	0
Creston	OR	0
Creston	WA	0
Creston Butte	WA	2
Creston City Park	OR	1
Creston Waterhole	OR	2
Crestview	CA	0
Crestview Park	CA	1
Crestwood Hills Park	CA	1
Crestwood Mobile Home Park	WA	0
Crestwood Park	CA	1
Crestwood Park (historical)	OR	1
Crestwoods Park	WA	1
Creswell	OR	0
Creswell Butte	OR	2
Creswell Heights	WA	0
Crevison Peak	CA	2
Crib Point	OR	2
Cribbins Hill	OR	2
Cricket Hollow Park	CA	1
Crider Pond	OR	2
Crims Island	OR	2
Crinella Park	CA	1
Cripple Creek Forest Camp	OR	1
Cripple Creek Trail	OR	1
Crisman Hill	OR	2
Crissey Field State Park	OR	1
Crissy Field	CA	1
Cristo Que Viento Trail	CA	1
Criterion Summit	OR	2
Crittenden Marsh	CA	2
Crittenden School Park	CA	1
Crocker	WA	0
Crocker Amazon Playground	CA	1
Crocker Lake	CA	2
Crocker Lake	WA	2
Crocker Mountain	CA	2
Crocker Park	CA	1
Crocker Place	CA	0
Crocker Plaza	CA	1
Crocker Point	CA	2
Crockett	CA	0
Crockett	OR	0
Crockett Knob	OR	2
Crockett Lake	WA	2
Crockett Peak	CA	2
Crockett and Gambogy Labor Camp	CA	1
Croft	CA	0
Croft Lake	OR	2
Crofton Butte	WA	2
Croker	WA	0
Crolona Heights	CA	0
Cromberg	CA	0
Crome	CA	0
Cromir	CA	0
Cromwell	WA	0
Cronese Valley	CA	0
Croneys Camp	CA	1
Crook Hill	WA	2
Crook Mountain	CA	2
Crook Mountain	WA	2
Crook Peak	OR	2
Crook Point	CA	2
Crook Point	OR	2
Crooked Creek State Park	OR	1
Crooked Creek Trail	WA	1
Crooked Knee Lake	WA	2
Crooked Lakes	CA	2
Crooked Lakes Trail	CA	1
Crooked Meadows Camping Area	CA	1
Crooked River Campground Boat Ramp	OR	1
Crooked River Park	OR	1
Crooked River Ranch	OR	0
Crooked Thumb Peak	WA	2
Crooked Trail	OR	1
Crooked Tree Trail	CA	1
Crooks Mountain	CA	2
Crooks Peak	CA	2
Crosby	WA	0
Crosby Camp	WA	1
Crosby Lake	WA	2
Crosby Mountain	WA	2
Crosby Street Park	CA	1
Croskey	WA	0
Crosley Truck Trail	CA	1
Cross Campground	CA	1
Cross Canyon Trail	OR	1
Cross Hill	OR	2
Cross Kirkland Corridor	WA	1
Cross Memorial City Park	OR	1
Cross Mountain	CA	2
Cross Roads	CA	0
Crossbar Oaks Campground	CA	1
Crossing Way	OR	1
Crossland Hill	WA	2
Crossroads	WA	0
Crossroads City Park	OR	1
Crosswhite Butte	OR	2
Crosswoods Park	CA	1
Crow	OR	0
Crow Butte	WA	2
Crow Butte State Park	WA	1
Crow Butte Treaty Fishing Access Site	WA	1
Crow Creek Lake	WA	2
Crow Hill	CA	2
Crow Hill	OR	2
Crow Hill	WA	2
Crow Lake	OR	2
Crow Lake	WA	2
Crow Lake Trail	WA	1
Crow Peak	CA	2
Crowberry Bog Natural Area Preserve	WA	1
Crowcamp Mountain	OR	2
Crowder Mountain	CA	2
Crowder Pond	WA	2
Crowell Court Park	OR	1
Crowell Mountain	WA	2
Crowfoot	OR	0
Crowfoot Lake	WA	2
Crowfoot Park	CA	1
Crowfoot Point	CA	2
Crowley	CA	0
Crowley	OR	0
Crowley Lake	CA	0
Crowley Lake Campground	CA	1
Crown Cove	CA	2
Crown Island	CA	2
Crown Lake	CA	2
Crown Lake	OR	2
Crown Park	WA	1
Crown Point	CA	2
Crown Point	OR	0
Crown Point	WA	2
Crown Point Shores	CA	1
Crown Point State Park	OR	1
Crown Point State Park	WA	1
Crown Point Vista	WA	0
Crown Rock	OR	2
Crown Valley Community Park	CA	1
Crown Z Lake	OR	2
Crown Zellerback Campground	OR	1
Crows Landing	CA	0
Crows Nest	CA	2
Crowsfoot Campground	CA	1
Croxton Pioneer Memorial Park	OR	1
Crucero Hill	CA	2
Crucero Park	CA	1
Cruickshank Campground	CA	1
Cruikshank Butte	OR	2
Cruiser Butte	OR	2
Crumbacker Lake	WA	2
Crumbaugh Lake	CA	2
Crumes Lake	CA	2
Crummett Park	CA	1
Crump Lake	OR	2
Cruzan Mesa	CA	2
Cruzatt	WA	0
Cryder Butte	OR	2
Crystal Cliffs	CA	2
Crystal Cove	CA	2
Crystal Cove Historic District	CA	1
Crystal Cove State Park	CA	1
Crystal Crag	CA	2
Crystal Creek Campground	WA	1
Crystal Creek Conservation Camp	CA	1
Crystal Creek County Park	OR	1
Crystal Creek Park	OR	1
Crystal Falls	CA	0
Crystal Hill	CA	2
Crystal Knob	CA	2
Crystal Lake	CA	0
Crystal Lake	OR	2
Crystal Lake	WA	2
Crystal Lake Recreation Area	CA	1
Crystal Mountain	WA	2
Crystal Peak	CA	2
Crystal Peak	WA	2
Crystal Peak Campground	CA	1
Crystal Spring Mobile Home Estates	WA	0
Crystal Springs	WA	0
Crystal Springs Campground	CA	1
Crystal Springs Campground	WA	1
Crystal Springs Organization Camp	OR	1
Crystal Springs Rhododendron Garden	OR	1
Crystal Springs Trail	CA	1
Crystal Swim Center	CA	1
Crystal Trail	CA	1
Crystal Tree Village Mobile Home Park	WA	0
Crystal Waterhole	CA	2
Crystalaire Mobile Home Park	WA	0
Cub Cliff	OR	2
Cub Creek Trail	OR	1
Cub Hill	CA	2
Cub Lake	CA	2
Cub Lake	WA	2
Cub Lake Campsite	WA	1
Cub Peak	WA	2
Cub Point	OR	2
Cubberley Playground	CA	1
Cubberly Playground	CA	1
Cubbler Place	CA	0
Cucamonga Peak	CA	2
Cucamonga Peak Trail	CA	1
Cucamonga Wilderness	CA	1
Cucamonga Winery Historical Landmark	CA	1
Cucamonga-Gusti Regional Park	CA	1
Cuchillo Peak	CA	2
Cudahy	CA	0
Cudahy Camp	CA	1
Cudahy Park	CA	1
Cuddihy Lakes	CA	2
Cuernavaca Park	CA	1
Cuesta Canyon County Park	CA	1
Cuesta County Park	CA	1
Cuesta Oaks	CA	0
Cuesta Park	CA	1
Cuesta Serena	CA	0
Cuesta-by-the-Sea	CA	0
Cuffeys Cove	CA	2
Cuffeys Inlet	CA	2
Cuffeys Point	CA	2
Cuish-Cuish East Mesa Cultural Preserve	CA	1
Cull Canyon Regional Recreation Area	CA	1
Cullaby Lake	OR	2
Cullaby Lake County Park	OR	1
Culp Creek	OR	0
Culp Valley Cultural Preserve	CA	1
Cultus Bay	WA	2
Cultus Corral Horse Camp	OR	1
Cultus Creek Campground	WA	1
Cultus Creek Trail	WA	1
Cultus Lake	OR	2
Cultus Lake	WA	2
Cultus Lake Trail	OR	1
Cultus Mountain	OR	2
Cultus Mountain	WA	2
Culver	OR	0
Culver City Park	CA	1
Culver City Park	OR	1
Culver Lake	OR	2
Culver Slauson Park	CA	1
Culver West Park	CA	1
Culverdale Wilderness Park	CA	1
Culverwood Wilderness Park	CA	1
Cumberland	WA	0
Cumberland Mountain	WA	2
Cummings	CA	0
Cummings Creek Camp	CA	1
Cummings Lake	WA	2
Cummings Mountain	CA	2
Cummings Point	WA	2
Cummins Creek Wilderness	OR	1
Cummins Lake	CA	2
Cummins Peak	OR	2
Cuna Vista Mobile Home Park	CA	0
Cunard	CA	0
Cuneo Camp	CA	1
Cuneo Campground	CA	1
Cunningham	CA	0
Cunningham	WA	0
Cunningham Lake	CA	2
Cunningham Lake	OR	2
Cup Lake	CA	2
Cup Lake	WA	2
Cupertino	CA	0
Cupids Knoll	OR	2
Cupit Mary Meadow Trail	OR	1
Cupit Mary Mountain	OR	2
Cupit Mary Trail	OR	1
Cuppy Butte	CA	2
Curl Ridge Jeep Trail	CA	1
Curlew	CA	0
Curlew	WA	0
Curlew Lake Campground	WA	1
Curlew Lake State Park	WA	1
Curlew Pond	WA	2
Curley Jack Campground	CA	1
Curly Creek Campground	WA	1
Curran Plaza	CA	1
Currant Peak	OR	2
Currinsville	OR	0
Curry	WA	0
Curry Lake	OR	2
Curry Village	CA	0
Curtin	OR	0
Curtis	CA	0
Curtis	WA	0
Curtis Creek Ranch	CA	0
Curtis Forest Camp	WA	1
Curtis Lake	CA	2
Curtis Lake	OR	2
Curtis Lake	WA	2
Curtis Mountain	CA	2
Curtis Park	CA	1
Curtis Waterhole	CA	2
Curtz Lake	CA	2
Cusacks Trail	CA	1
Cushenbury	CA	0
Cushing	CA	0
Cushing Mountain	CA	2
Cushman	OR	0
Cushman Camp	CA	1
Cushman Hill	CA	2
Cushman Hill	WA	2
Cushman Lake	CA	2
Cusick	WA	0
Cusick Mountain	OR	2
Custer	WA	0
Custer City Park	OR	1
Custom House Plaza	CA	1
Cutca Trail	CA	1
Cutca Valley Truck Trail	CA	1
Cutfinger Trail	CA	1
Cutler	CA	0
Cutler Field	CA	1
Cutler Park	CA	1
Cutsforth County Park	OR	1
Cutsforth Pond	OR	2
Cutten	CA	0
Cutter Butte	CA	2
Cutter Cove	CA	2
Cutter Place Campground	CA	1
Cutter Scout Reservation	CA	1
Cutthroat Lake	WA	2
Cutthroat Lakes	WA	2
Cuttings Wharf	CA	0
Cuttock Butte	OR	2
Cutts Island	WA	2
Cutts Island State Park	WA	1
Cuyama	CA	0
Cuyama Peak	CA	2
Cuyamaca Meadow Natural Preserve	CA	1
Cuyamaca Mountain State Wilderness	CA	1
Cuyamaca Peak	CA	2
Cuyamaca Rancho State Park	CA	1
Cuyler Harbor	CA	2
CyberPark	CA	1
Cyclamen Lake	CA	2
Cyclone Lake	WA	2
Cygnus	CA	0
Cypave	CA	0
Cypress	CA	0
Cypress Camp Trail	CA	1
Cypress Campground	CA	1
Cypress Canyon Park	CA	1
Cypress Cove	CA	2
Cypress Dunes Campground	CA	1
Cypress Grove	CA	0
Cypress Grove Trail	CA	1
Cypress Head	WA	2
Cypress Highlands Natural Area Preserve	WA	1
Cypress Island	WA	2
Cypress Island Natural Resources Conservation Area	WA	1
Cypress Lake	CA	2
Cypress Mountain	CA	2
Cypress Park	CA	1
Cypress Point	CA	2
Cypress Point Rock	CA	2
Cypress and Pine Playlot	CA	1
Cyrus Hill	OR	2
Cyrus Hill Pond	OR	2
Cyrus Horse Camp	OR	1
Cúuy’em Butte	OR	2
D C Latourette City Park	OR	1
D Camp	CA	1
D Flourney	CA	0
D Hill	CA	2
D Lake	WA	2
D River State Park	OR	1
D Street Park	CA	1
D and Winter Park	OR	1
D.L. Bliss State Park	CA	1
DOT City Park	WA	1
Da Vinci School Park	CA	1
Dabney Point	WA	2
Dabney State Park	OR	1
Dabob	WA	0
Dabob Bay	WA	2
Dabob Bay Natural Area	WA	1
Daby Island	CA	2
Dade Lake	CA	2
Dads Creek	OR	0
Dagger Flat Trail	CA	1
Dagger Lake	WA	2
Daggett	CA	0
Daggett Mountain	CA	2
Daggett Point	OR	2
Dagon	CA	0
Daguerre Point	CA	2
Dagus Lake	OR	2
Daha Park	CA	1
Dahdayla	WA	2
Dahl Beach City Park	OR	1
Dahl Park	WA	1
Dahlberg Mountain	WA	2
Dahlbero Ponds	WA	2
Dahlgren Rim	OR	2
Dahlia	WA	0
Dahlin Arm	OR	2
Dailard Park	CA	1
Dailey Lake	WA	2
Dailey Prairie Natural Area Preserve	WA	1
Dailman Lake	WA	2
Dairy	OR	0
Dairy Creek Campground (historical)	OR	1
Dairy Creek Park	OR	1
Dairy Point	OR	2
Dairyland	CA	0
Dairyville	CA	0
Daisie	CA	0
Daisy	WA	0
Daisy Campground	WA	1
Daisy Lake	WA	2
Daisy Trail	WA	1
Dale	OR	0
Dale Lake	CA	2
Dale Page Park	CA	1
Dales	CA	0
Dales Lake	CA	2
Daley Road Truck Trail	CA	1
Dali-Dona	CA	2
Dalkena	WA	0
Dallas	OR	0
Dallas City Park	OR	1
Dalles Lakes	WA	2
Dalles Ridge Trail	WA	1
Dallesport	WA	0
Dalreed Butte	OR	2
Dalton	CA	0
Dalton City Park	OR	1
Dalton Mountain	CA	2
Dalton Point	OR	2
Dalton Point State Recreation Site	OR	1
Daly City	CA	0
Daly Lake	OR	2
Daly Park	CA	1
Daly Ranch Park	CA	1
Damascus	OR	0
Damascus Heights	OR	0
Damfino Lakes	WA	2
Damnation Peak	CA	2
Damnation Peak	WA	2
Damon Lake	WA	2
Damon Lane County Park	CA	1
Damon Marsh	CA	2
Damon Point	WA	2
Damons Butte	CA	2
Damsite Campground	CA	1
Damsite Trail	OR	1
Dan Beebe Campground	CA	1
Dan Blocker Beach	CA	1
Dan Blough Cove	CA	2
Dan Covey Butte	CA	2
Dan East Trail	CA	1
Dan Foley Park	CA	1
Dan Hunt Mountain	CA	2
Dan Russell Rodeo Arena	CA	1
Dan Ryan Place	CA	0
Dana	CA	0
Dana Cove	CA	2
Dana Cove Park	CA	1
Dana Lake	CA	2
Dana Park	CA	1
Dana Point	CA	0
Dana Point Marina Mobile Home Estates	CA	0
Dana Point Marine Life Refuge	CA	1
Danburg Beach	CA	1
Danby	CA	0
Danby Lake	CA	2
Dancing Lady Lake	WA	2
Danebo	OR	0
Dangberg Camp	CA	1
Danger Bay	OR	2
Danger Point	CA	2
Danger Point	OR	2
Danger Point	WA	2
Daniel Zink Campground	CA	1
Danielson	CA	0
Danner	OR	0
Dans Lake	OR	2
Dant	OR	0
Dantes View	CA	2
Dantoni	CA	0
Dantuma Place	CA	0
Danville	CA	0
Danville	WA	0
Daphnedale Park	CA	0
Dapplegray Park	CA	1
Darby Knob	CA	2
Darby Knob Firebreak	CA	1
Darby Memorial Park	CA	1
Dardanelle	CA	0
Dardanelles	OR	0
Dardanelles Campground	CA	1
Dardanelles Cone	CA	2
Dardanelles Lake	CA	2
Darden Pond	WA	2
Dark Canyon Camp	CA	1
Dark Canyon Campground	CA	1
Dark Canyon Trail	CA	1
Dark Canyon Trail	OR	1
Dark Lake	CA	2
Dark Lake	OR	2
Dark Meadows Trail	WA	1
Dark Mountain	WA	2
Dark Peak	WA	2
Dark Range Peak	CA	2
Darknell	WA	0
Darland Mountain	WA	2
Darlene Lake	OR	2
Darlene Lake	WA	2
Darlin Creek Peserve	WA	1
Darling Lake	WA	2
Darling Mountain	OR	2
Darlington	CA	0
Darlington	WA	0
Darlingtonia	CA	0
Darlingtonia State Natural Site	OR	1
Darnell Wright Softball Complex	OR	1
Daroga State Park	WA	1
Darrah	CA	0
Darrah Park	CA	1
Darrell Essex Park	CA	1
Darrington	WA	0
Darrows Islands	OR	2
Dart Hill	WA	2
Dartford	WA	0
Darwell Park	CA	1
Darwin	CA	0
Darwin Falls Wilderness	CA	1
Dash Point	WA	0
Dash Point State Park	WA	1
Date City	CA	0
Dateland Park	CA	1
Datis City Park	OR	1
Daugherty Hill	CA	2
Daulton	CA	0
Dave Beeger Park	CA	1
Dave Busenbark County Park	OR	1
Dave Mackie County Park	WA	1
Davenport	CA	0
Davenport	WA	0
Davenport Landing	CA	0
Daves Slough	OR	2
Davey Lake	OR	2
David Burcham Field	CA	1
David Cutino Park	CA	1
David Douglas County Park	OR	1
Davids Windsor Park	OR	1
Davidson Hill	OR	2
Davidson Park	OR	1
Davies Creek Campground	CA	1
Davin	WA	0
Davis	CA	0
Davis	WA	0
Davis Bay	WA	2
Davis Campground	CA	1
Davis Canyon Natural Area Preserve	WA	1
Davis Community Park	CA	1
Davis Creek	CA	0
Davis Creek State Wildlife Area	WA	1
Davis Creek Trail	OR	1
Davis Estates Park	CA	1
Davis Flat	OR	2
Davis Hill	OR	2
Davis Hill	WA	2
Davis Lake	CA	2
Davis Lake	OR	2
Davis Lake	WA	2
Davis Lake Campground	WA	1
Davis Lake State Wildlife Area	WA	1
Davis Mobile Estates	CA	0
Davis Mountain	CA	2
Davis Mountain	OR	2
Davis Mountain	WA	2
Davis Mountain Trail	WA	1
Davis Park	OR	1
Davis Peak	WA	2
Davis Peak Lookout Trail	WA	1
Davis Point	CA	2
Davis Point	OR	2
Davis Point	WA	2
Davis Terrace	WA	0
Davis Trail	WA	1
Davis Trail (historical)	OR	1
Davison Butte	OR	2
Davison Head	WA	2
Davy Brown Campground	CA	1
Dawes	CA	0
Dawn Lee Mobile Home Court	WA	0
Dawson City Park	OR	1
Dawson Park	CA	1
Dawson Peak	CA	2
Dawson Peak Trail	CA	1
Dawson Place	CA	0
Dawson Playfield	WA	1
Dawson Saddle Trail	CA	1
Day	CA	0
Day	OR	2
Day Creek	WA	0
Day Inlet	OR	2
Day Island	CA	2
Day Lake	WA	2
Day Memorial Park	OR	1
Day Mountain	WA	2
Day Valley	CA	0
DayBreak	WA	0
Dayor Sports Field	CA	1
Days Creek	OR	0
Days Island	WA	2
Dayton	CA	0
Dayton	OR	0
Dayton	WA	0
Dayton Boat Landing	OR	1
Dayton Landing County Park	OR	1
Dayton Peak	WA	2
Dayton Playground	CA	1
Dayville	OR	0
De Anza Cove	CA	2
De Anza Cycle Park	CA	1
De Anza Park	CA	1
De Anza Village	CA	0
De Armond Mountain	OR	2
De Bord	OR	2
De Fremery Park	CA	1
De Hart Lake	WA	2
De Laveaga Park	CA	1
De Longpre Park	CA	1
De Luz	CA	0
De Luz Heights	CA	0
De Meo Park	CA	1
De Moss County Park	OR	1
De Moss Springs	OR	0
De Neve Square	CA	1
De Oro Park	CA	1
De Portola Park	CA	1
De Roux Campground	WA	1
De Sabla	CA	0
De Stazo Hill	CA	2
De Vos Pond	OR	2
De Wolf Bight	WA	2
De la Guerra Camp	CA	1
DeAnza Historical Park	CA	1
DeAnza Park	CA	1
DeArmond Park	OR	1
DeCamp	CA	0
DeHaven	CA	0
DeLaura Beach	OR	1
DeLuz	CA	0
DeNorval Unthank City Park	OR	1
DeRoux Forest Camp	WA	1
DeVaul Lake	OR	2
DeVore Mountain	OR	2
Deacon Lee Place	CA	0
Deacon Lee Trail	CA	1
Dead Cow Lake	CA	2
Dead Cow Lake	OR	2
Dead End Trail	OR	1
Dead Horse Butte	OR	2
Dead Horse Canyon Arm	CA	2
Dead Horse Island	CA	2
Dead Horse Lake	OR	2
Dead Horse Lake	WA	2
Dead Horse Mountain	OR	2
Dead Horse Rim	OR	2
Dead Horse Summit	CA	2
Dead Indian Hill	OR	2
Dead Indian Mountain	OR	2
Dead Indian Rim	OR	2
Dead Lake	CA	2
Dead Lake	WA	2
Dead Mans Camp	WA	1
Dead Mans Cove	WA	2
Dead Mans Lake	WA	2
Dead Mans Point	CA	2
Dead Mountain	OR	2
Dead Mountain Trail	OR	1
Dead Mountains Wilderness	CA	1
Dead Mouse Marsh	CA	2
Dead Mule Camp	CA	1
Dead Pine	OR	2
Dead Point	OR	2
Dead Rabbit	CA	2
Dead Soldier Camp	OR	1
Dead Soldier Trail	OR	1
Deadbull Waterhole	OR	2
Deadfall Lakes	CA	2
Deadfall Trail	WA	1
Deadhead Lake	WA	2
Deadhorse Butte	OR	2
Deadhorse Hill	WA	2
Deadhorse Lake	CA	2
Deadhorse Lake Campground Boat Ramp	OR	1
Deadhorse Mountain	OR	2
Deadhorse Point	WA	2
Deadlog Butte	OR	2
Deadlun Campground	CA	1
Deadman Bay	WA	2
Deadman Butte	OR	2
Deadman Campground	CA	1
Deadman Cliff	CA	2
Deadman Hill	WA	2
Deadman Island	CA	2
Deadman Island	WA	2
Deadman Lake	CA	2
Deadman Lake	OR	2
Deadman Mountain	OR	2
Deadman Peak	CA	2
Deadman Peak	WA	2
Deadman Point	CA	2
Deadman Point	OR	2
Deadman Water Hole	OR	2
Deadmans Eddy	WA	2
Deadmans Hill	WA	2
Deadmans Hollow	WA	2
Deadmans Island (historical)	CA	2
Deadmans Lake	CA	2
Deadmans Lake	WA	2
Deadmans Lake (historical)	CA	2
Deadmans Point	CA	2
Deadmans Point	OR	2
Deadwood	CA	0
Deadwood	OR	0
Deadwood Baldy Peak	CA	2
Deadwood Camp	OR	1
Deadwood Conservation Camp	CA	1
Deadwood Lake	CA	2
Deadwood Lakes	WA	2
Deadwood Landing County Park	OR	1
Deadwood Peak	CA	2
Deal Campground	CA	1
Deal Junction Campsite	CA	1
Deal Trail	CA	1
Dealy Meadows	OR	2
Dealy Way	OR	1
Dean	CA	0
Dean Bartlett Cromwell Field	CA	1
Dean Manor	WA	0
Dean Place	CA	0
Dean Point	OR	2
Dean Richard D. Ford Memorial Grove	CA	1
Dean Trail	CA	1
Deanes Valley Campground	CA	1
Dear Mountain	OR	2
Dear Park Trail	CA	1
Dearborn Island	OR	2
Dearborn Park	CA	0
Dearborn Park	WA	1
Deardorf Ponds	OR	2
Deardorff Mountain	OR	2
Dearinger Campground	WA	1
Death Valley	CA	0
Death Valley Buttes	CA	2
Death Valley Junction	CA	0
Death Valley Junction Historic District	CA	1
Death Valley National Park	CA	1
Death Valley Wilderness	CA	1
Deathball Mountain	OR	2
Debay's Slough State Wildlife Area	WA	1
Debra Jane Lake	WA	2
Decatur	WA	0
Decatur Head	WA	2
Decatur Island	WA	2
Deception Butte	OR	2
Deception Creek Campground	WA	1
Deception Falls Campground	WA	1
Deception Island	WA	2
Deception Lake	WA	2
Deception Lakes	WA	2
Deception Pass State Park	WA	1
Deception Rock	OR	2
Deception Way	OR	1
Decker Canyon Youth Camp	CA	1
Decker Island	CA	2
Deckerville	WA	0
Deckerville Swamp	WA	2
Declez Ranch-Pagliuso Winery Historic Site	CA	1
Dedeaux Field	CA	1
Dedication Island	CA	2
Dedrick	CA	0
Dedrick Point	CA	2
Deduck Forest Camp	OR	1
Dee	OR	0
Dee Field	CA	1
Dee Lake	OR	2
Dee Lake	WA	2
Deep Bay	WA	2
Deep Cove	CA	2
Deep Creek	WA	0
Deep Creek Campground	CA	1
Deep Creek Campground	WA	1
Deep Creek County Park	OR	1
Deep Creek Lake	CA	2
Deep Creek Trail	CA	1
Deep Harbor	WA	2
Deep Hole	OR	2
Deep Hole Camp	CA	1
Deep Lake	CA	2
Deep Lake	OR	2
Deep Lake	WA	2
Deep Ravine Cove	CA	2
Deep River	WA	0
Deep River Hill	WA	2
Deep Springs	CA	0
Deep Springs Cow Camp	CA	1
Deep Springs Lake	CA	2
Deep Waterhole	CA	2
Deepwater Bay	WA	2
Deepwater Lake	WA	2
Deepwater Point	WA	2
Deepwood Estate	OR	1
Deer Arm	OR	2
Deer Bay	WA	2
Deer Butte	OR	2
Deer Butte	WA	2
Deer Butte Trail	OR	1
Deer Camp	CA	1
Deer Camp	OR	1
Deer Camp Campsite	WA	1
Deer Camp Lake	OR	2
Deer Campsite	CA	1
Deer Creek	CA	0
Deer Creek Camp	CA	1
Deer Creek Campground	CA	1
Deer Creek Colony	CA	0
Deer Creek County Park	OR	1
Deer Creek Flat Trail	CA	1
Deer Creek Park	CA	0
Deer Creek Park	OR	1
Deer Creek Summit Campground	WA	1
Deer Creek Truck Trail	WA	1
Deer Crossing	CA	0
Deer Flat Campground	CA	1
Deer Fly Camp	WA	1
Deer Harbor	WA	0
Deer Harbor Bay	WA	2
Deer Haven	CA	0
Deer Head	OR	2
Deer Head Point	OR	2
Deer Hill	CA	2
Deer Island	CA	2
Deer Island	OR	0
Deer Island	WA	2
Deer Island Point	OR	2
Deer Island Preserve	CA	1
Deer Island Slough	OR	2
Deer Knob	CA	2
Deer Knoll	CA	2
Deer Lagoon	WA	2
Deer Lake	CA	2
Deer Lake	OR	2
Deer Lake	WA	2
Deer Lake Cutoff	WA	1
Deer Lake Highlands	CA	0
Deer Lake Mountain	WA	2
Deer Lake Trail	CA	1
Deer Lake Trail	WA	1
Deer Lakes	CA	2
Deer Lakes	WA	2
Deer Lick Lake	CA	2
Deer Lodge Park	CA	1
Deer Meadow	WA	2
Deer Meadows	OR	2
Deer Mountain	CA	2
Deer Mountain	OR	2
Deer Mountain	WA	2
Deer Mountain Snowmobile Park	CA	1
Deer Park	CA	0
Deer Park	WA	0
Deer Park Camp	WA	1
Deer Park Campground	WA	1
Deer Park Trail	WA	1
Deer Peak	CA	2
Deer Point	CA	2
Deer Point	OR	2
Deer Point	WA	2
Deer Point Campground	WA	1
Deer Ridge Camp	CA	1
Deer Run Mobile Home Park	WA	0
Deer Spring Campground	CA	1
Deer Springs Camp	CA	1
Deer Trail	WA	0
Deer Valley	WA	0
Deer Valley Campground	CA	1
Deer View	CA	0
Deerfield Community Park	CA	1
Deerfield II Park	OR	1
Deerfield Park	OR	1
Deerhead Lake	WA	2
Deerheart Lake	CA	2
Deerhorn	OR	0
Deerhorn Camp	CA	1
Deerhorn Campground	OR	1
Deerhorn County Park	OR	1
Deerhorn Mountain	CA	2
Dees Peak	CA	2
Deetz	CA	0
Defeat Butte	OR	2
Defenders Parkway	CA	1
Dege Peak	WA	2
Dehesa	CA	0
Dehy Park	CA	1
Dekkas Rock Campground	CA	1
Del Aire	CA	0
Del Aire Park	CA	1
Del Amo Park	CA	1
Del Campo Park	CA	1
Del Campo Peak	WA	2
Del Cerro Park	CA	1
Del Dios	CA	0
Del Dios Community Park	CA	1
Del Francia Mobile Estates	CA	0
Del Harleson Camp	CA	1
Del Loma	CA	0
Del Mar	CA	0
Del Mar Heights	CA	0
Del Mar Horse Park	CA	1
Del Mar Landing Ecological Reserve	CA	1
Del Mar Mesa	CA	2
Del Mar Park	CA	1
Del Mar Point	CA	2
Del Mar Trails Park	CA	1
Del Mesa Park	CA	1
Del Monte	CA	0
Del Monte Beach	CA	1
Del Monte Forest	CA	0
Del Monte Heights	CA	0
Del Monte Lake	CA	2
Del Monte Park	CA	1
Del Monte Recreation Center	CA	1
Del Norte Coast Redwoods State Park	CA	1
Del Norte County Fairgrounds	CA	1
Del Norte Park	CA	1
Del Obispo Community Park	CA	1
Del Oro Park	CA	1
Del Orto Camp	CA	1
Del Parque County Park	CA	1
Del Paso Heights Park	CA	1
Del Paso Manor Park	CA	1
Del Paso Park	CA	1
Del Playa Park	CA	1
Del Prado Mobile Park Club	CA	0
Del Prado Park	CA	1
Del Rancho Park	CA	1
Del Rey	CA	0
Del Rey Beach State Park	OR	1
Del Rey Lagoon	CA	2
Del Rey Lagoon Park	CA	1
Del Rey Oaks	CA	0
Del Rey Park	CA	1
Del Rio	CA	0
Del Rio Camp GSA	CA	1
Del Rio Woods	CA	0
Del Sol Park	CA	1
Del Sol Vernal Pool Preserve	CA	1
Del Sur	CA	0
Del Valle	CA	0
Del Vallejo Park	CA	1
Delacombe Point	WA	2
Delahunty Lake	CA	2
Delamar Mountain	CA	2
Delaney	WA	0
Delano	CA	0
Delano Heights	WA	0
Delano Park	CA	1
Delano-McFarland	CA	0
Delanty Lake	WA	2
Delay Camp	CA	1
Delena	OR	0
Delevan	CA	0
Delevan National Wildlife Refuge	CA	1
Delft Colony	CA	0
Delhi	CA	0
Delhi Park	CA	1
Deline Park	OR	1
Delintment Lake	OR	2
Delkena	WA	0
Dellamont	CA	2
Dellar Trail	CA	1
Delleker	CA	0
Delles Creek Camp	OR	1
Dellman Heights Park	CA	1
Dellwood	OR	0
Delmar	OR	0
Delmonico Place	CA	0
Delphi	WA	0
Delphos	CA	0
Delray Mobile Home Park	WA	0
Delta	CA	0
Delta	WA	0
Delta Island	OR	2
Delta Junction	WA	0
Delta Lake	CA	2
Delta Lake	WA	2
Delta Park East	OR	1
Delta Park West	OR	1
Delta Point	CA	2
Delta Ponds City Park	OR	1
Delthorne Park	CA	1
Delunga Peak	CA	2
Deluxe Mobile Park	CA	0
Demaris Lake	OR	2
Dement Park	OR	1
Deming	WA	0
Democrat Hot Springs	CA	0
Democrat Mountain	CA	2
Democrat Peak	CA	2
Demoley Wilson County Park	OR	1
Demuth	CA	0
Demuth Park	CA	1
Den Lake	CA	2
Denair	CA	0
Denison	WA	0
Denker Recreation Center	CA	1
Denman Peak	WA	2
Denmark	OR	0
Denney Trail	WA	1
Dennie Ahl Hill	WA	2
Dennis	OR	0
Dennis Lake	OR	2
Dennis V Allen Park	CA	1
Dennis the Menace Park	CA	1
Dennis the Menace Playground	CA	1
Dennison Mountain	CA	2
Dennison Park	CA	1
Dennison Peak	CA	2
Denny	CA	0
Denny Campground	CA	1
Denny County Park	OR	1
Denny Creek	WA	0
Denny Creek Historic Monument	OR	1
Denny Hill	WA	2
Denny Lake	WA	2
Denny Mountain	WA	2
Denny Park	WA	1
Denny Point	CA	2
Denny Pond	OR	2
Denny Regrade	WA	0
Denny Yard	WA	1
Dent Mountain	WA	2
Denton Marsh	WA	2
Dentoni Park	CA	1
Denude Lake	OR	2
Denver Church Campground	CA	1
Denver Point	OR	2
Denverton	CA	0
Depaoli Lake	OR	2
Depoe Bay	OR	0
Depoe Bay City Park	OR	1
Depot City Park	OR	1
Depot Park	CA	1
Depot Park	WA	1
Depot Park Recreation Site	OR	1
Depressed Lake	CA	2
Depression Lake Campground	WA	1
Deputy Lonnie G Brewer County Park	CA	1
Derby Acres	CA	0
Derby Park	CA	1
Derner	CA	0
Derr Camp	OR	1
Derr Meadows	OR	2
Derrick Lake	OR	2
Derrick Lake	WA	2
Derry Lake	CA	2
Derry Lake	WA	2
Des Moines	CA	0
Des Moines	WA	0
Des Moines Beach	WA	1
Des Moines Beach Camp	WA	1
Des Moines Estates Mobile Home Park	WA	0
Des Moines Park	WA	1
Des Park	CA	1
Desane Lake	OR	2
Descanso	CA	0
Descanso Bay	CA	2
Descanso Campground	CA	1
Descanso Creek East Trail	CA	1
Descanso Creek West Trail	CA	1
Descanso Gardens	CA	1
Descanso Junction	CA	0
Descanso Park	CA	1
Deschutes	OR	0
Deschutes River Scenic Waterway	OR	1
Deschutes River State Park	OR	1
Deschutes River Trail	OR	1
Deschutes River Woods	OR	0
Desert Aire	WA	0
Desert Angel	CA	2
Desert Beach	CA	0
Desert Butte	CA	2
Desert Camp	CA	0
Desert Center	CA	0
Desert Christ Park	CA	1
Desert Cone	OR	2
Desert Divide Trail	CA	1
Desert Edge	CA	0
Desert Gardens Campground	CA	1
Desert Gardens Park	CA	1
Desert Heights	CA	0
Desert Highland Park	CA	1
Desert Hills Trailer Park	CA	0
Desert Hot Springs	CA	0
Desert Hound Peak	CA	2
Desert Lake	CA	0
Desert Lake	OR	2
Desert Lodge	CA	0
Desert Memorial Park	CA	1
Desert Park	CA	1
Desert Sands Mobile Home Park	CA	0
Desert Shores	CA	0
Desert State Wildlife Area	WA	1
Desert Tortoise Preserve	CA	1
Desert View	CA	0
Desert View Highlands	CA	0
Desert View Interpretive Trail	CA	1
Desolation Butte	OR	2
Desolation Lake	CA	2
Desolation Peak	CA	2
Desolation Peak	WA	2
Desolation Swamp	OR	2
Desolation Wilderness	CA	1
Destroyer Rock	CA	2
Destruction Island	WA	2
Detention Camp	CA	1
Deter Camp	CA	1
Deterding Park	CA	1
Detert Park	CA	1
Detillion Campground	WA	1
Detroit	OR	0
Detroit Lake State Park	OR	1
Devendorf Park	CA	1
Devereaux Lake	WA	2
Devereux Lagoon	CA	2
Devers Hill	CA	2
Devil Camp	CA	1
Devil Canyon Trail	CA	1
Devil Hill	CA	2
Devil Lake	WA	2
Devil Peak	CA	2
Devil Point	WA	2
Devils Anvil Peak	CA	2
Devils Backbone Trailbike Loop Trail	WA	1
Devils Bathtub	CA	2
Devils Butte	OR	2
Devils Butte	WA	2
Devils Canyon Trail	OR	1
Devils Cauldron	OR	2
Devils Chair	CA	2
Devils Churn	OR	2
Devils Crags	CA	2
Devils Dance Floor	CA	2
Devils Dome	WA	2
Devils Elbow	CA	0
Devils Elbow	OR	2
Devils Garden	OR	2
Devils Gate	CA	2
Devils Gate Rock	CA	2
Devils Gulch Horse Camp	CA	1
Devils Gulch Trail	WA	1
Devils Half Acre	OR	2
Devils Halfacre	OR	2
Devils Head	WA	2
Devils Head Peak	CA	2
Devils Heart Peak	CA	2
Devils Hill	OR	2
Devils Hole Lake	CA	2
Devils Hole Ridge Trail	CA	1
Devils Horn	OR	2
Devils Horn	WA	2
Devils Isle	CA	2
Devils Kitchen	CA	2
Devils Kitchen	WA	2
Devils Knob	OR	2
Devils Knob Camp	OR	1
Devils Lake	CA	2
Devils Lake	OR	2
Devils Lake	WA	2
Devils Lake Natural Resources Conservation Area	WA	1
Devils Lake State Park	OR	1
Devils Meadow Campground	OR	1
Devils Mountain	CA	2
Devils Mountain	WA	2
Devils Nose	CA	2
Devils Oven Lake	CA	2
Devils Peak	CA	2
Devils Peak	OR	2
Devils Peak	WA	2
Devils Peak Trail	OR	1
Devils Pit	CA	2
Devils Post Pile	CA	2
Devils Postpile	CA	2
Devils Postpile National Monument	CA	1
Devils Pulpit	OR	2
Devils Punch Bowl	WA	2
Devils Punchbowl	CA	2
Devils Punchbowl County Park	CA	1
Devils Punchbowl State Park	OR	1
Devils Rest	OR	2
Devils Ribs	CA	2
Devils Rockpile	CA	2
Devils Slide	OR	2
Devils Slide	WA	2
Devils Slide Beach	CA	1
Devils Slide Lake	WA	2
Devils Smoke Stack	WA	2
Devils Stairway	OR	2
Devils Stairway	WA	2
Devils Table	CA	2
Devils Table	WA	2
Devils Thumb	WA	2
Devils Top	CA	2
Devine Monument	OR	1
Devine Rock	OR	2
Devon	CA	0
Devonshire	CA	0
Devonshire Arleta Park	CA	1
Devonwood Park	CA	1
Devore	CA	0
Devore Arm	OR	2
Devore Campground	CA	1
Devore Heights	CA	0
Devore Peak	WA	2
Dew Drop	CA	0
Dew Lake	OR	2
Dew Valley	OR	0
Dewar Park	CA	1
Dewatto	WA	0
Dewatto Bay	WA	2
Dewell Lake	CA	2
Dewey	WA	0
Dewey Halden Field	CA	1
Dewey Lake	WA	2
Dewey Lake Trail	WA	1
Dewey Point	CA	2
Dewitt City Park	OR	1
Dewitt Peak	CA	2
Dexter	OR	0
Dexter Park	CA	1
Dexter Peak	CA	2
Dexter Ridge Trail	WA	1
Dexter State Park	OR	1
Dexter by the Sea	WA	0
Deyarmie Lake	CA	2
Dezellem Lake	WA	2
Di Giorgio	CA	0
Di Giorgio County Park	CA	1
Di Hill	CA	2
Diablo	CA	0
Diablo	WA	0
Diablo Anchorage	CA	2
Diablo Campground	CA	1
Diablo Grande	CA	0
Diablo Peak	OR	2
Diablo Point	CA	2
Diablo Range	CA	0
Diablo Rim	OR	2
Diablo Shadows Park	CA	1
Diamond	CA	0
Diamond	OR	0
Diamond	WA	0
Diamond A Ranch Estates	CA	0
Diamond Bar	CA	0
Diamond Bar B Ranch	CA	0
Diamond Butte	OR	2
Diamond Butte	WA	2
Diamond Camp	OR	1
Diamond Campground	CA	1
Diamond City	WA	0
Diamond Head	OR	2
Diamond Hill	OR	2
Diamond Hill	WA	2
Diamond Jack Campground	CA	1
Diamond Lake	CA	2
Diamond Lake	OR	0
Diamond Lake	WA	0
Diamond Lake Campground Boat Ramp	OR	1
Diamond Lake Trailer Camp Area	OR	1
Diamond Mill OHV Staging Area	OR	1
Diamond Mountain	CA	2
Diamond Mountain	WA	2
Diamond O Boy Scout Camp	CA	1
Diamond Oaks Park	CA	1
Diamond Park	CA	1
Diamond Peak	CA	2
Diamond Peak	OR	2
Diamond Peak	WA	2
Diamond Peak Trail	OR	1
Diamond Peak Wilderness	OR	1
Diamond Point	WA	2
Diamond Rock	OR	2
Diamond Rockpile	OR	2
Diamond Spring State Historic Landmark	CA	1
Diamond Springs	CA	0
Diamond Springs Hill	CA	2
Diamond Swamp	OR	2
Diamond View Lake	OR	2
Diamond-X Lake	CA	2
Diana Peak	CA	2
Diatomite Reservoir	OR	2
Diaz Lake Campground	CA	1
Diaz Lake Recreation Area	CA	1
Dibble Lake	WA	2
Dibble Place	CA	0
Dibblee Hill	CA	2
Dibblee Point	OR	2
Dibblees Beach	OR	1
Dick Bluff	OR	2
Dick Mesa	WA	2
Dick Point	OR	2
Dick Price Lake	WA	2
Dick Smith Wilderness	CA	1
Dick Sperry Campground	WA	1
Dickenson Cove	WA	2
Dickenson Point	WA	2
Dickerson Rocks	OR	2
Dickey Camp	WA	1
Dickey Creek Campground	WA	1
Dickey Creek Trail	WA	1
Dickey Hoko Summit	WA	2
Dickey Lake	OR	2
Dickey Lake	WA	2
Dickinson City Park	OR	1
Dickinson Mountain	OR	2
Dickinson Woods	OR	1
Dicks Butte	CA	2
Dicks Lake	CA	2
Dicks Peak	CA	2
Dicks Pond	OR	2
Dickson Butte	CA	2
Dickson Plaza	CA	1
Dicky Playground	CA	1
Dictionary Hill	CA	2
Didion School Park	CA	1
Dierickx Field	OR	1
Dieringer	WA	0
Digger Bay	CA	2
Digger Butte	CA	2
Digger Indian Spring Campground	CA	1
Digger Mountain	OR	2
Digger Pine Campground	CA	1
Digger Pine Hill	CA	2
Diggins Loop Trail	CA	1
Digit Point Campground Boat Ramp	OR	1
Dike Eight Picnic Area	CA	1
Dill Butte	CA	2
Dillacort Canyon State Wildlife Area	WA	1
Dillard	CA	0
Dillard	OR	0
Dillard Skyline City Park	OR	1
Dilley	OR	0
Dillion Creek Campground	CA	1
Dillion Lake	CA	2
Dillion Lake	OR	2
Dillon Beach	CA	0
Dillon Butte	OR	2
Dillon Camp	CA	1
Dillon Cove	CA	2
Dillon Mountain	CA	2
Dillon Point	CA	2
Dilly Lake	WA	2
Dilman Meadows	OR	2
Dilworth	WA	0
Dimmick Memorial Grove State Park (historical)	CA	1
Dimond Canyon Park	CA	1
Dimple Hill	OR	2
Dinah-mo Peak	OR	2
Dines Point	WA	2
Dinger Creek Trail	OR	1
Dinger Lake	OR	2
Dingleberry Lake	CA	2
Dinkey Creek	CA	0
Dinkey Dome	CA	2
Dinkey Lakes Wilderness	CA	1
Dinkey Mountain	CA	2
Dinner Island	WA	2
Dinner Ridge Way	OR	1
Dinosaur Hill Park	CA	1
Dinosaur Point Boat Launch Area	CA	1
Dinsmore	CA	0
Dinsmores	CA	0
Dinsomore Campground	CA	1
Dinuba	CA	0
Dinwiddie Preserve	CA	1
Diobsud Buttes	WA	2
Dipsea Trail	CA	1
Dirigo	CA	0
Dirty Face Trail (historical)	WA	1
Dirty Shirt	WA	2
Dirtyface Campground	WA	1
Dirtyface Lake	WA	2
Dirtyface Mountain	WA	2
Dirtyface Peak	WA	2
Disappointment	WA	2
Disappointment Lake	CA	2
Disappointment Peak	CA	2
Disappointment Peak	WA	2
Disaster Peak	CA	2
Disautel	WA	0
Discovery Bay	CA	0
Discovery Bay	WA	0
Discovery Bay Camp Meeting	WA	1
Discovery Bay State Wildlife Area	WA	1
Discovery Community Park	CA	1
Discovery Junction	WA	0
Discovery Lake	WA	2
Discovery Meadows Community Park	OR	1
Discovery Park	CA	1
Discovery Park	WA	1
Discovery Peak	CA	2
Discovery Peak	WA	2
Discovery Pinnacle	CA	2
Discovery Point	OR	2
Discovery Trail	CA	1
Dishman Hills Natural Area	WA	1
Dismal Swamp	CA	2
Dismal Swamp	OR	2
Disque	WA	0
Disston	OR	0
Ditch Camp	CA	1
Ditch Camp Five	CA	0
Ditch Camp Four	CA	1
Ditch Camp One	CA	1
Ditch Camp Three	CA	1
Ditch Camp Two	CA	1
Ditch Trail	CA	1
Diver Rock	OR	2
Divers Cove	CA	2
Diversion Dam Campground	CA	1
Diversion Dam Trail	CA	1
Divide Butte	OR	2
Divide Camp	CA	1
Divide Camp	WA	1
Divide Camp Trail	WA	1
Divide Cow Camp	OR	1
Divide Forest Camp	CA	1
Divide Lake	CA	2
Divide Lake	WA	2
Divide Peak	CA	2
Divide Peak	WA	2
Divide Pond	OR	2
Divide Trail	CA	1
Divide Trail	WA	1
Diving Board	CA	2
Division Knoll	CA	2
Division Lake	CA	2
Division-Powell Park	OR	1
Dixie	CA	0
Dixie	WA	0
Dixie Butte	OR	2
Dixie Crossing	WA	0
Dixie Lake	WA	2
Dixie Mountain	CA	2
Dixie Mountain	OR	2
Dixie Peak	CA	2
Dixieland	CA	0
Dixieland Park	CA	1
Dixon	CA	0
Dixon Dam and Lake City Park	CA	1
Dixon Hill	CA	2
Dixon Lane-Meadow Creek	CA	0
Dixon May Fairgrounds	CA	1
Dixon Mountain	WA	2
Dixons Pond	WA	2
Dixonville	OR	0
Dizdar Park	CA	1
Doak Mountain	OR	2
Doaks Marsh	OR	2
Doane Lake	OR	2
Doane Point	OR	2
Doane Valley Campground	CA	1
Doane Valley Natural Preserve	CA	1
Doane Valley Nature Trail	CA	1
Dobbes Lake	OR	2
Dobbins	CA	0
Dobbs Mountain	WA	2
Dobbs Peak	CA	2
Dobe Swale	CA	2
Dobkins Lake	CA	2
Doble	CA	0
Doble Trail Campground	CA	1
Dobry Point	OR	2
Dobyns Lake	OR	2
Doc Edgar Park	CA	1
Doc Peak	CA	2
Dock Butte	WA	2
Docker Hill	CA	2
Dockton	WA	0
Dockweiler State Beach	CA	1
Docs Spring Campground	CA	1
Doctor Carlson Memorial Park	CA	1
Doctor E E Johnson Park	CA	1
Doctor Jose Rizal Park	WA	1
Doctor Martin Luther King Junior Memorial Park	CA	1
Doctor Robert C Saint Clair Parkway	CA	1
Doctor Thomas G Mills Park	CA	1
Doctor Walter R Tucker Park	CA	1
Dodd Ponds	OR	2
Dodge	OR	0
Dodge	WA	0
Dodge Bridge County Park	OR	1
Dodge Hill	CA	2
Dodge Hill	WA	2
Dodge Island	OR	2
Dodge Park	OR	1
Dodge Place	CA	0
Dodge Point	WA	2
Dodgeland	CA	0
Dodger Point	WA	2
Dodson	OR	0
Dodson Butte	OR	2
Dodson Mobile Home Park	WA	0
Doe Bay	WA	0
Doe Butte	OR	2
Doe Camp	OR	1
Doe Creek Campground	OR	1
Doe Island	OR	2
Doe Island	WA	2
Doe Island Marine State Park	WA	1
Doe Lake	CA	2
Doe Lake	WA	2
Doe Mountain	CA	2
Doe Mountain	OR	2
Doe Mountain	WA	2
Doe Peak	CA	2
Doe Peak	OR	2
Doe Point	OR	2
Doe Ridge Trail	CA	1
Doe Rock	CA	2
Doe Swamp	OR	2
Doehead Mountain	OR	2
Doelle Lakes	WA	2
Doerr Park	CA	1
Doeskin Butte	OR	2
Dofflemyer Point	WA	2
Dog Beach	CA	1
Dog Butte	OR	2
Dog Creek Mountain	CA	2
Dog Lake	CA	2
Dog Lake	OR	2
Dog Lake	WA	2
Dog Lake Campground Boat Ramp	OR	1
Dog Mountain	OR	2
Dog Mountain	WA	2
Dog Prairie Trail	OR	1
Dog River Trail	OR	1
Dog Rock	OR	2
Dog Thief Point	OR	2
Dog Town	CA	0
Dog Valley Campground	CA	1
Dogfish Bight	WA	2
Dogfish Point	WA	2
Doghead Peak	CA	2
Doghouse Junction	CA	0
Dogs Head	WA	2
Dogtooth Peak	CA	2
Dogtown	CA	0
Dogwood Butte	CA	2
Dogwood Campground	CA	1
Dogwood City Park	OR	1
Dogwood Lake	CA	2
Dogwood Park	OR	1
Dogwood Peak	CA	2
Dogwood Recreation Site	OR	1
Dohema Canoe Access	OR	1
Doheney Lake	WA	2
Doheny Marine Life Refuge	CA	1
Doheny State Beach	CA	1
Dolan Park	CA	1
Dolan Rock	CA	2
Dole	WA	0
Dole Lakes	WA	2
Doll Camp	CA	1
Dollar Corner	WA	0
Dollar Lake	CA	2
Dollar Lake	OR	2
Dollar Lake Trail	CA	1
Dollar Mountain	OR	2
Dollar Mountain	WA	2
Dollar Mountain Burn Game Preserve	WA	1
Dollar Nine Lake	OR	2
Dollar Point	CA	0
Dollar Watch Mountain	WA	2
Dolley	CA	0
Dolliver Park	CA	1
Dolly Lake	WA	2
Dolly Varden Campgound	WA	1
Dolomite	CA	0
Dolomite Mountain	WA	2
Dolphin	WA	0
Dolphin Bay	WA	2
Dolphin Cove	CA	2
Dolphin Isle	CA	2
Dolphin Park	CA	1
Dolphin Point	WA	2
Dombo	CA	2
Dome Camp	WA	1
Dome Hill	CA	2
Dome Mountain	CA	2
Dome Peak	WA	2
Dome Rock	CA	2
Dome Rock	OR	2
Dome Spring Campground	CA	1
Dome Trail	CA	1
Dome Two	CA	2
Domeland Wilderness	CA	1
Domerie Peak	WA	2
Domerie Peak Trail	WA	1
Domeyer Lake	OR	2
Domingo Lake	CA	2
Domingo Peak	CA	2
Domingo Spring Campground	CA	1
Dominguez Campground	CA	1
Dominguez Junction	CA	0
Dominguez Park	CA	1
Domke Falls Campground	WA	1
Domke Lake	WA	2
Domke Lake Campground	WA	1
Domke Lake Resort	WA	0
Domke Mountain	WA	2
Don Castro Regional Recreation Area	CA	1
Don Cecil Trail	CA	1
Don Dahvee Park	CA	1
Don Edwards San Francisco Bay National Wildlife Refuge	CA	1
Don Juan Mobile Home Park	WA	0
Don Juan Point	CA	2
Don Lake	OR	2
Don Lake	WA	2
Don Lorenzi Park	CA	1
Don Lorenzi Sports Center	CA	1
Don Tiburcio Tapia Park	CA	1
Don Victor Campground	CA	1
Don Victor Valley Fire Trail	CA	1
Donaca Lake	OR	2
Donahue	WA	0
Donald	OR	0
Donald	WA	0
Donald L Robertson City Park	OR	1
Donaldson Rock	OR	2
Doney Hill	CA	2
Donica Mountain	CA	2
Donivan Mountain	OR	2
Donkey Lake	CA	2
Donkey Point	CA	2
Donlan Point	CA	2
Donlon Island	CA	2
Donlon Lake	CA	2
Donna Lake	OR	2
Donnell Hill	CA	2
Donnelly Butte	OR	2
Donnelly Camp	OR	1
Donnely Park	CA	1
Donner	CA	0
Donner Camp Picnic Area	CA	1
Donner Lake	CA	2
Donner Memorial State Park	CA	1
Donner Monument	CA	1
Donner Peak	CA	2
Donner Trail	CA	1
Donnybrook Viewpoint	WA	1
Donohoe Mountain	CA	2
Donohue Peak	CA	2
Donomore Peak	OR	2
Donovan Hill	CA	2
Donovan Hill	WA	2
Donovan State Park	WA	1
Dons Butte	OR	2
Donut Rock	CA	2
Dool Trail	CA	1
Doolan Park	CA	1
Dooley Gulch Pond	OR	2
Dooley Mountain	OR	2
Doolittle Butte	OR	2
Doolittle Camp	OR	1
Doon Camp	CA	1
Dora	OR	0
Dora Belle	CA	0
Dorabelle Campground	CA	1
Dorada Park	CA	1
Doran	WA	0
Doran Beach	CA	1
Doran Campground	CA	1
Doran Regional Park	CA	1
Dore Cliff	CA	2
Dorena	OR	0
Doria Park	CA	1
Dorion Historical Marker	OR	1
Doris	WA	0
Doris Lake	CA	2
Doris Lake	OR	2
Doris Place Boat Ramp	OR	1
Dormaier State Wildlife Area	WA	1
Dorn Bay	CA	2
Dorn Nature Trail	CA	1
Dorn Peak	OR	2
Dorners Camp	CA	1
Dorotea Park	CA	1
Dorothy Erskine Park	CA	1
Dorothy Lake	CA	2
Dorr Place	CA	0
Dorrance Cow Camp	OR	1
Dorre Don	WA	0
Dorrington	CA	0
Dorris	CA	0
Dorris Hill	CA	2
Dorris Ranch Living History Farm	OR	1
Dorschied Butte	OR	2
Dorsey Butte	CA	2
Dorst Campground	CA	1
Dos Amigos Management Area	CA	1
Dos Cabezas	CA	0
Dos Calles Padan Park	CA	1
Dos Caminos Park	CA	1
Dos Palmas Corners	CA	0
Dos Palos	CA	0
Dos Palos Y	CA	0
Dos Picos County Park	CA	1
Dos Piedras	CA	2
Dos Reis County Park	CA	1
Dos Rios	CA	0
Dos Rios School Park	CA	1
Dose Forks Camp	WA	1
Dose Meadow Camp	WA	1
Dosewallips Campground	WA	1
Dosewallips State Park	WA	1
Dosewallips State Park Campground	WA	1
Dot	WA	0
Dot Island	WA	2
Dot Lake	WA	2
Dot Lakes	WA	2
Dot Mountain	WA	2
Dot Rock State Park	WA	1
Dotons Point	CA	2
Dotta Neck	CA	2
Doty	WA	0
Doty Hill	OR	2
Dotys Camp	CA	1
Double A Mobile Manor	WA	0
Double Bluff	WA	2
Double Butte	CA	2
Double Butte County	CA	1
Double Cabin Pond	OR	2
Double Camp Shelter	WA	1
Double Cone Rock	CA	2
Double Cove Point	OR	2
Double Dome Rock	CA	2
Double Head Lake	CA	2
Double Head Mountain	CA	2
Double Hill	WA	2
Double Island	WA	2
Double Mountain	CA	2
Double Mountain	OR	2
Double Peak	CA	2
Double Peak	OR	2
Double Peak	WA	2
Double Peaks	OR	2
Double Peaks Lake	OR	2
Double Point	CA	2
Double Rock	CA	2
Double Rock	OR	2
Doubtful Lake	WA	2
Doud Hill	CA	2
Douds Landing	CA	0
Dougall Point	WA	2
Dougan Creek Campground	WA	1
Dougherty	CA	0
Dougherty Bluff	CA	2
Dougherty Hills Park	CA	1
Dougherty Peak	CA	2
Doughgob Camp	WA	1
Doughnut Mountain	OR	2
Douglas	WA	0
Douglas City	CA	0
Douglas City Campground	CA	1
Douglas Fir Campground	WA	1
Douglas Flat	CA	0
Douglas Gardens Park	OR	1
Douglas Horse Pasture	OR	2
Douglas Lake	OR	2
Douglas MacArthur Park	CA	1
Douglas Mountain	WA	2
Douglas Park	CA	0
Douglas Park	WA	1
Douglas Playground	CA	1
Douglass Falls Grange Park	WA	1
Douglass Lake	WA	2
Dove Creek Campground	OR	1
Dove Mountain	OR	2
Dover	OR	0
Dover Park	CA	1
Dover Point	WA	2
Dovre Campground	OR	1
Dovre Peak	OR	2
Dovre Peak Wayside	OR	1
Dow Butte	CA	2
Dow Lake	WA	2
Dow Mountain	WA	2
Dow Wetlands Preserve	CA	1
Dowell Arm	OR	2
Dowell Butte	OR	2
Dowells Peninsula	OR	2
Dower Wayside Park	CA	1
Dowest Slough	CA	2
Downer Field	WA	1
Downey	CA	0
Downey Bridge Monument	WA	1
Downey Creek Campground	WA	1
Downey Lake	CA	2
Downey Lake	OR	2
Downey Lake	WA	2
Downey Mountain	WA	2
Downey Park	CA	1
Downey Playground	CA	1
Downey Recreation Center	CA	1
Downie Lake	OR	2
Downie River Trail	CA	1
Downieville	CA	0
Downieville Scout Camp	CA	1
Downing	WA	0
Downing Bike Path	OR	1
Downing Pond	OR	2
Downriver Park	WA	1
Downs	OR	0
Downs	WA	0
Downs Lake	WA	2
Downs Playground	CA	1
Downtown Bellevue Park	WA	1
Downtown City Park	CA	1
Downtown Hollister Historic District	CA	1
Downtown Santa Ana Historic District	CA	1
Doxey Park	CA	1
Doyle	CA	0
Doyle Butte	CA	2
Doyle Community Park	CA	1
Doyle Park	CA	1
Doyle Point	OR	2
Doyle Pond	WA	2
Doyle State Wildlife Area	CA	1
Doyles Corner	CA	0
Dozier	CA	0
Dracena Park	CA	1
Dragon Lake	CA	2
Dragon Lake	WA	2
Dragon Peak	CA	2
Dragon Rock	OR	2
Dragontail Peak	WA	2
Dragoon Creek State Park	WA	1
Drain	OR	0
Drain Hill	OR	2
Drake	CA	0
Drake Butte	OR	2
Drake Crossing	OR	0
Drake Dune	OR	2
Drake Lake	CA	2
Drake Park	CA	1
Drake Park	OR	1
Drake Peak	OR	2
Drake Point	OR	2
Drakes Bay	CA	2
Drakes Beach	CA	1
Drakes Beach Trail	CA	1
Drakes Estero	CA	2
Drakes Head	CA	2
Drakes Head Trail	CA	1
Drakes Monument	CA	1
Drakes Point	CA	2
Drakes View Trail	CA	1
Drakesbad	CA	0
Drano Lake	WA	2
Draper Lake	CA	2
Draper Lake	WA	2
Draper Park	OR	1
Draper Springs Camp	WA	1
Draperville	OR	0
Drays Mound	WA	2
Drayton Harbor	WA	2
Dreadnought Island	OR	2
Dream Lake	WA	2
Dream Lake (historical)	CA	2
Drennan Camp	CA	1
Dresser Camp	CA	1
Drew	OR	0
Drew Lake	CA	2
Drew Lake	OR	2
Drew Park	CA	1
Drews Reservoir County Park	OR	1
Drewsey	OR	0
Drewsey Table	OR	2
Drift Campground	OR	1
Drift Creek	OR	0
Drift Creek Camp	OR	1
Drift Creek County Park	OR	1
Drift Creek Trail	OR	1
Drift Creek Wilderness	OR	1
Driftwood Acres	WA	0
Driftwood Beach	CA	1
Driftwood Beach State Recreation Site	OR	1
Driftwood Cove	WA	2
Driftwood Mobile Home Park	WA	0
Driftwood Point	WA	2
Driftwood Shores	WA	0
Dripping Springs Campground	CA	1
Dripping Springs Trail	CA	1
Driscoll Island	WA	2
Driscoll Island State Wildlife Area	WA	1
Driveway Butte	WA	2
Driveway Butte Trail	WA	1
Driveway Trail	OR	1
Drop Creek Spur Trail	WA	1
Drop Rock	CA	2
Drum Circle Beach	CA	1
Drum Hill	OR	2
Drum Peak	CA	2
Drumheller Fountain	WA	1
Drummer Mountain	WA	2
Drunken Charlie Lake	WA	2
Drury Butte	OR	2
Drury Lake	OR	2
Drury Peak	CA	2
Dry Bed Lakes	WA	2
Dry Bridge Mountain	CA	2
Dry Butte	OR	2
Dry Buttes	OR	2
Dry Cabin Creek Trail	OR	1
Dry Camp	WA	1
Dry Creek	OR	0
Dry Creek Arm	OR	2
Dry Creek Buttes	OR	2
Dry Creek Camp	OR	1
Dry Creek Camp	WA	1
Dry Creek Campground	CA	1
Dry Creek Campground	WA	1
Dry Creek Hill	CA	2
Dry Creek Horse Camp	OR	1
Dry Creek Island	OR	2
Dry Creek Knoll	CA	2
Dry Creek Peak	CA	2
Dry Creek Regional Park	CA	1
Dry Creek Rim	CA	2
Dry Creek Rim	OR	2
Dry Creek Trail	CA	1
Dry Creek Trail	OR	1
Dry Creek Trail	WA	1
Dry Duncan Creek Trail	OR	1
Dry Falls	WA	2
Dry Falls Heritage Area	WA	1
Dry Falls Junction	WA	0
Dry Flat Trail	CA	1
Dry Gulch Pond	OR	2
Dry Lagoon	CA	2
Dry Lake	CA	2
Dry Lake	OR	2
Dry Lake	WA	2
Dry Lake (historical)	OR	2
Dry Lake Camp	WA	1
Dry Lake Campground	CA	1
Dry Lake Horse Camp	OR	1
Dry Lake Mountain	CA	2
Dry Lake Trail	CA	1
Dry Lake Waterhole	OR	2
Dry Lakes	CA	2
Dry Lakes	OR	2
Dry Lakes Trail	CA	1
Dry Meadow	OR	2
Dry Mountain	CA	2
Dry Mountain	OR	2
Dry Mountain	WA	2
Dry Pond	WA	2
Dry Prairie Number One Pond	OR	2
Dry Prairie Reservoir	OR	2
Dry Ridge Trail	OR	1
Dry Stocking Island	OR	2
Dry Valley Rim	OR	2
Dryad	WA	0
Dryden	OR	0
Dryden	WA	0
Drytown	CA	0
Dtokoah Point	WA	2
DuPont	WA	0
Duarte	CA	0
Duarte Park	CA	1
Duarte Sports Park	CA	1
Dubach Park	CA	1
Dubakella Mountain	CA	2
Dublin	CA	0
Dublin Lake	OR	2
Dublin Public Park	CA	1
Dublin Sports Grounds	CA	1
Dublin Swim Center	CA	1
Duboce Park	CA	1
Duck Bay	OR	2
Duck Bay	WA	2
Duck Cove	CA	2
Duck Creek Butte	OR	2
Duck Hole	CA	2
Duck Island	CA	2
Duck Island	WA	2
Duck Lake	CA	2
Duck Lake	OR	2
Duck Lake	WA	2
Duck Lake Wildlife Area	WA	1
Duck Pond	CA	2
Duck Pond	WA	2
Duck Slough	CA	2
Duck Soup Pond	CA	2
Duckabush	WA	0
Duckabush State Wildlife Area	WA	1
Duckbill Mountain	WA	2
Ducket Peak	CA	2
Duckett Bluff	CA	2
Duckett Lake	WA	2
Duckwall Mountain	CA	2
Ducor	CA	0
Dudgen Butte	CA	2
Dudlee Hill	OR	2
Dudley Hill	CA	2
Dudley Mountain	OR	2
Dufer Point	CA	2
Duff Creek Campground	CA	1
Duffey Dome	CA	2
Duffy Butte	OR	2
Duffy Lake	OR	2
Duffy Lake	WA	2
Duffy Lake Trail	OR	1
Duffys Mountain	WA	2
Dufour	CA	0
Dufrene Camp	CA	1
Dufur	OR	0
Dugan	CA	0
Dugan Pond	CA	2
Dugans Pond	CA	2
Duggor Park	OR	1
Dugout Butte	OR	2
Dugout Lake	OR	2
Dugout Lookout Trail (historical)	WA	1
Dugout Mountain	WA	2
Dugualla Bay	WA	2
Duke Watkins Park	CA	1
Dukes Hill	WA	2
Dukes Mobile Home Park	WA	0
Dulah	CA	0
Duley Lake	WA	2
Dulwich	WA	0
Dulzura	CA	0
Dulzura Lake	CA	2
Dumas	WA	0
Dumas Bay	WA	2
Dumas Hill	WA	2
Dumbarton Point	CA	2
Dumbbell Lake	OR	2
Dumbbell Lake	WA	2
Dumbell Mountain	WA	2
Dume Cove	CA	2
Dumna Cove	CA	2
Dumna Island	CA	2
Dumna Strand Campground	CA	1
Dumont Butte	OR	2
Dumont Dunes	CA	2
Duncan	OR	0
Duncan	WA	0
Duncan Butte	OR	2
Duncan Graham Park	CA	1
Duncan Hill	CA	2
Duncan Hill	WA	2
Duncan Hill Trail	WA	1
Duncan Island	OR	2
Duncan Peak	CA	2
Duncan Pre-emption	CA	2
Duncan Springs	CA	0
Duncans Cove	CA	2
Duncans Mills	CA	0
Duncans Mobile Home Park	WA	0
Duncans Point	CA	2
Dundee	OR	0
Dundee Scenic Overlook	OR	1
Dunderberg Mill	CA	0
Dunderberg Peak	CA	2
Dune Lake	OR	2
Dune Lake Park	OR	1
Dune Lakes	CA	2
Dunegan Mountain	WA	2
Dunes	CA	0
Dunes Beach	CA	1
Dunes City	OR	0
Dunes Street Park	CA	1
Dungeness	WA	0
Dungeness Bay	WA	2
Dungeness Forks Campground	WA	1
Dungeness National Wildlife Refuge	WA	1
Dungeness Recreation Area	WA	1
Dungeness Recreation Area Campground	WA	1
Dungeness Spit	WA	2
Dungeness State Wildlife Area	WA	1
Duniway City Park	OR	1
Dunkle Park	CA	1
Dunlap	CA	0
Dunlap Acres	CA	0
Dunlap Lake	OR	2
Dunlap Place	CA	0
Dunmovin	CA	0
Dunn	CA	0
Dunn Butte	OR	2
Dunn Mountain	WA	2
Dunne Memorial Park	CA	1
Dunnean	OR	0
Dunneville	CA	0
Dunnigan	CA	0
Dunnigan Hill	CA	2
Dunnigan Mobile Home Park	CA	0
Dunning Lake	WA	2
Dunns Bluff	OR	2
Dunns Mountain	WA	2
Dunns Peak	CA	2
Dunphy Park	CA	1
Dunsmore Park	CA	1
Dunsmuir	CA	0
Dunthorpe	OR	0
Duntze Rock	WA	2
Durbin Lake	CA	2
Durbin Waterhole	OR	2
Durham	CA	0
Durham	OR	0
Durham	WA	0
Durham City Park	OR	1
Durk Lake	WA	2
Durkee	OR	0
Durley Park	CA	1
Durmid	CA	0
Durney Lake	CA	2
Durphy Creek Trail	CA	1
Durrwood Camp	CA	1
Dusenberry Lake	OR	2
Dusenbury Peak	CA	2
Dusk Point	WA	2
Dustin Acres	CA	0
Dustin Point	OR	2
Dusty	WA	0
Dusty Campground	CA	1
Dusty Lake	WA	2
Dusty Spring Forest Camp	OR	1
Dustys Waterhole	CA	2
Dutch Butte	CA	2
Dutch Flat	CA	0
Dutch Flat Lake	OR	2
Dutch Harbor	CA	2
Dutch Harbor	WA	2
Dutch Henry Trail (historical)	OR	1
Dutch Lake	CA	2
Dutch Louie Campground	CA	1
Dutch Oven Campground	CA	1
Dutch Oven Forest Camp	OR	1
Dutch Point	OR	2
Dutch Settlement	WA	0
Dutch Village	CA	0
Dutch Waterhole	OR	2
Dutcher Cove	WA	2
Dutchman Butte	OR	2
Dutchman Camp	CA	1
Dutchman Campground	CA	1
Dutchman Campsite	CA	1
Dutchman Lake	CA	2
Dutchman Peak	CA	2
Dutchman Peak	OR	2
Dutchmans Knoll	CA	2
Dutchy Lake	OR	2
Dutra Flat Campground	CA	1
Dutschke Hill	CA	2
Dutton	CA	0
Dutton Cliff	OR	2
Dutton Creek Trail	OR	1
Dutton Island	CA	2
Dutton Lakes	WA	2
Duvall	WA	0
Duvall Park	WA	1
Duwamish Head	WA	2
Duxbury Point	CA	2
Dwight Murphy Park	CA	1
Dwight Parr Park	OR	1
Dyar Springs Trail	CA	1
Dye Mountain	CA	2
Dyer	CA	0
Dyer	WA	0
Dyer Hill	WA	2
Dyer Lake	WA	2
Dyer Mountain	CA	2
Dyer State Park	OR	1
Dyes Inlet	WA	2
Dykstra Park	WA	1
Dynamite	WA	0
Dynamo Pond	CA	2
E A French Park	CA	1
E E Wilson Game Management Area	OR	1
E J Roberts Park	WA	1
E L Walters Park	CA	1
E Norway Hill Park	WA	1
E R Burton Park	CA	1
EL Prado Group Camp	CA	1
Eachus Lake	CA	2
Eads Hill Trail	OR	1
Eagle Bird Trail	CA	1
Eagle Butte	OR	2
Eagle Camp	OR	1
Eagle Campground	CA	1
Eagle Cap	OR	2
Eagle Cap Wilderness	OR	1
Eagle Cliff	WA	0
Eagle Cliffs	WA	2
Eagle Cove	OR	2
Eagle Cove	WA	2
Eagle Crage	CA	2
Eagle Crags	CA	2
Eagle Crags	OR	2
Eagle Creek	OR	0
Eagle Creek Camp	CA	1
Eagle Creek Campground	CA	1
Eagle Creek Cutoff	OR	1
Eagle Creek Forest Camp	OR	1
Eagle Creek National Fish Hatchery	OR	1
Eagle Creek Overlook Group Camp	OR	1
Eagle Creek Trail	CA	1
Eagle Creek Trail	OR	1
Eagle Dell Peak	CA	2
Eagle Falls Campground	CA	1
Eagle Falls Trail	CA	1
Eagle Fern Park	OR	1
Eagle Fern Youth Camp	OR	1
Eagle Harbor	WA	2
Eagle Hill	CA	2
Eagle Island	OR	2
Eagle Island	WA	2
Eagle Island (historical)	CA	2
Eagle Island State Marine Park	WA	1
Eagle Island State Wildlife Area	WA	1
Eagle Lake	CA	2
Eagle Lake	OR	2
Eagle Lake	WA	2
Eagle Lakes	CA	2
Eagle Lakes	WA	2
Eagle Mobile Home Park	WA	0
Eagle Mountain	CA	0
Eagle Mountain	OR	2
Eagle Mountain	WA	2
Eagle Nest Butte	CA	2
Eagle Park	CA	1
Eagle Peak	CA	2
Eagle Peak	OR	2
Eagle Peak	WA	2
Eagle Peak Trail	CA	1
Eagle Point	CA	2
Eagle Point	OR	0
Eagle Point	WA	2
Eagle Point County Park	WA	1
Eagle Point Mobile Home Park	WA	0
Eagle Rest Peak	CA	2
Eagle Ridge County Park	OR	1
Eagle Rock	CA	2
Eagle Rock	OR	2
Eagle Rock	WA	2
Eagle Rock Camp	CA	1
Eagle Rock Campground	CA	1
Eagle Rock Hillside Park	CA	1
Eagle Rock Recreation Center	CA	1
Eagle Rocks	CA	2
Eagle Scout Peak	CA	2
Eagle Spring Camp	CA	1
Eagle Spring Lake	WA	2
Eagle Tanner Trail	OR	1
Eagle Trail	CA	1
Eagle Tree	CA	0
Eagle View Park	CA	1
Eagledale	WA	0
Eaglemount	WA	0
Eagles Nest	CA	0
Eagles Park	OR	1
Eagles Peak Ski Area	CA	1
Eagles Rest	OR	2
Eagles Rest Trail	OR	1
Eagleville	CA	0
Earl	WA	0
Earl Boyles Park	OR	1
Earl Johnson Park	CA	1
Earl Peak	WA	2
Earl Ruth Park	CA	1
Earl Snell Birthplace Historical Monument	OR	1
Earl Snell Memorial Park	OR	1
Earl Walker County Park	CA	1
Earl Warren Park	CA	1
Earl Warren Show Grounds	CA	1
Earle Lake	WA	2
Earlimart	CA	0
Earlington Park	WA	1
Earlmont	WA	0
Early Emigrant and Indian Trail	CA	1
Early Gold Park	CA	1
Early Winters Campground	WA	1
Early Winters State Wildlife Area	WA	1
Early Winters Trail	WA	1
Earnscliffe Park	CA	1
Earp	CA	0
Earthquake Dome	CA	2
Earthquake Point	WA	2
East Aberdeen	WA	0
East Anacapa Island	CA	2
East Arcadia	CA	0
East Arlington Regional Park	WA	1
East Austin Creek Trail	CA	1
East Avenue Park	CA	1
East Bank City Park	OR	1
East Bank Trail	WA	1
East Bay	CA	2
East Bay	WA	2
East Bay Thompson Reservoir Campground Boat Ramp	OR	1
East Beach	CA	1
East Beach Park	WA	1
East Beaver Charlie Reservoir	OR	2
East Biggs	CA	0
East Bluff Park	CA	1
East Blythe	CA	0
East Boardman Lake	WA	2
East Boulder Lake	CA	2
East Boundary Trail	CA	1
East Branch Millard Canyon Trail	CA	1
East Branch Salt Slough	CA	2
East Bremerton	WA	0
East Butte	CA	2
East Butte	OR	2
East Butte Creek Trail	WA	1
East Cathlamet	WA	0
East Chain Lake	OR	2
East Cheney	WA	0
East China Point	CA	2
East Clairmont Athletic Area	CA	1
East Claremont	CA	2
East Colusa	CA	0
East Contra Costa	CA	0
East Crater Trail	WA	1
East Creek Point	CA	2
East Creek Trail	CA	1
East Cromwell	WA	0
East Crossing Campground	WA	1
East Dallas Community Park	OR	1
East Dome	WA	2
East Farmersville	CA	0
East Farms	WA	0
East Fish Camp	CA	1
East Fisher Lake	OR	2
East Flange Rock	CA	2
East Foothills	CA	0
East Fork Campground	CA	1
East Fork Canyon Trail	OR	1
East Fork Lakes	CA	2
East Fork Lion Camp	CA	1
East Fork Mountain	CA	2
East Fork Sucker Creek Trail	OR	1
East Fork Way	OR	1
East Gardiner	OR	0
East Garrison	CA	0
East Green Mountain	OR	2
East Green River Park	WA	1
East Gresham Park	OR	1
East Gridley	CA	0
East Hanks Lake	OR	2
East Hemet	CA	0
East Hill	WA	0
East Hill Estates Mobile Home Park	WA	0
East Hill Park	WA	1
East Hill-Meridian	WA	0
East Holladay Park	OR	1
East Hoquiam	WA	0
East Horsetheif Trail	CA	1
East Imperial	CA	0
East Island	OR	2
East Jerome Butte	CA	2
East Kennedy Lake	CA	2
East Kern	CA	0
East Kittitas	WA	0
East La Mirada	CA	0
East Lake	CA	2
East Lake	OR	2
East Lake	WA	2
East Lake Campground Boat Ramp	OR	1
East Lake Padden Park	WA	1
East Lakes	WA	2
East Lawn Childrens Park	CA	1
East Los Angeles	CA	0
East Marcus	WA	0
East Marin Island	CA	2
East Maupin	OR	0
East McFarland Lake	OR	2
East Meadow Campground	CA	1
East Mesa	CA	2
East Mesa Trail	CA	1
East Molera Trail	CA	1
East Mountain	OR	2
East Mountain Trail	OR	1
East Nicolaus	CA	0
East Oakdale	CA	0
East Oakland	CA	0
East Olympia	WA	0
East Ord Mountain	CA	2
East Oro Bay	WA	2
East Orosi	CA	0
East Oval Lake	WA	2
East Palo Alto	CA	0
East Park	WA	1
East Pasadena	CA	0
East Peak	CA	2
East Peak	OR	2
East Peak	WA	2
East Pleasanton	CA	0
East Point	CA	2
East Point	OR	2
East Point	WA	2
East Port Orchard	WA	0
East Portal Park	CA	1
East Porterville	CA	0
East Quilcene	WA	0
East Quincy	CA	0
East Quinn Lake	OR	2
East Rancho Dominguez	CA	0
East Rancho Dominguez County Park	CA	1
East Raymond	WA	0
East Renton Highlands	WA	0
East Richmond	CA	0
East Richmond Heights	CA	0
East Ridge Trail	CA	1
East Rock	CA	2
East Rock	WA	2
East Rockwood Park	OR	1
East San Diego Adult Recreation Center	CA	1
East San Diego County Fairgrounds	CA	1
East San Gabriel Valley	CA	0
East Sand Butte	CA	2
East Selah	WA	0
East Shasta	CA	0
East Shore	CA	0
East Shore Recreation Site	OR	1
East Shore Recreational Vehicle Park	CA	1
East Shore State	CA	1
East Side Buck Creek Campground	WA	1
East Side Camp Ground	CA	1
East Side Community Park	CA	1
East Side Trail	CA	1
East Side Youth Center	WA	1
East Sierra	CA	0
East Ski Island	CA	2
East Sonora	CA	0
East Sonora-Phoenix Lake	CA	0
East Sound	WA	2
East Stanwood	WA	0
East Table Mountain	CA	2
East Tanner Lake	OR	2
East Tehama	CA	0
East Tritt Lake	WA	2
East Tulare Villa	CA	0
East Twin Butte	WA	2
East Vidette	CA	2
East Village	CA	0
East Weaver Campground	CA	1
East Weaver Lake	CA	2
East Wenatchee	WA	0
East Wenatchee Bench	WA	0
East West Trail	OR	1
East White Bluffs	WA	0
East Wilmington Park	CA	1
East Windsor	CA	0
East Yolo	CA	0
East Yuba-Beale AFB	CA	0
East Zigzag Mountain Trail	OR	1
East and West Truck Trail	WA	1
Eastbank Esplanade	OR	1
Easter Sunday Lake	WA	2
Eastern Brook Lake	CA	2
Eastern Brook Lake	OR	2
Eastern Oak Park	CA	1
Eastern Oregon	OR	2
Eastern Oregon Livestock Exposition Grounds	OR	1
Eastgate	WA	0
Eastgate Basin City Park	OR	1
Eastgate Mobile Home Park	WA	0
Eastgate Park	CA	1
Eastgate Park	WA	1
Eastland	WA	0
Eastman	WA	0
Eastman Hill	WA	2
Eastman Lake	CA	2
Eastman Lake Recreation Area	CA	1
Eastman Place	CA	0
Eastman Pond	WA	2
Eastmont	WA	0
Eastmoreland Playground	OR	1
Easton	CA	0
Easton	WA	0
Easton Place	CA	0
Eastpark Lake	CA	2
Eastport	CA	0
Eastridge City Park	OR	1
Eastside	OR	0
Eastside Boat Ramp	OR	1
Eastside Neighborhood Park	CA	1
Eastside Park	CA	1
Eastside Park	OR	1
Eastside Park	WA	1
Eastside Trailer Court	WA	0
Eastsound	WA	0
Eastvale	CA	0
Eastview Park	CA	1
Eastward	WA	0
Eastwood	WA	0
Eastwood Hill	CA	2
Eastwood Memorial Park	CA	1
Eastwood Park	CA	1
Eastwood Park	OR	1
Easy Manor Park	OR	1
Easy Peak	WA	2
Eaton Blanche Park	CA	1
Eaton Butte	OR	2
Eaton Canyon Park	CA	1
Eaton Lakes	CA	2
Eaton Park	CA	1
Eaton Peak	CA	2
Eatonville	WA	0
Eatonville Junction	WA	0
Eb Lake	OR	2
Ebbetts Pass Highlands	CA	0
Ebbetts Peak	CA	2
Ebell Park	CA	1
Ebell Picnic Area	OR	1
Ebey Hill	WA	2
Ebey Island	WA	2
Ebey Island State Wildlife Area	WA	1
Ebey Lake	CA	2
Ebey's Landing National Historical Reserve	WA	1
Ebeys Landing	WA	0
Ebner County Park	OR	1
Echo	CA	0
Echo	OR	0
Echo	WA	0
Echo Bay	WA	2
Echo Butte	OR	2
Echo Campground	OR	1
Echo Cliffs	CA	2
Echo Cliffs	WA	2
Echo Creek Trail	OR	1
Echo Dell	OR	0
Echo Hollow City Park	OR	1
Echo Island	OR	2
Echo Lake	CA	0
Echo Lake	OR	2
Echo Lake	WA	0
Echo Lake Trail	CA	1
Echo Lake Truck Trail	WA	1
Echo Mountain	CA	2
Echo Mountain	OR	2
Echo Mountain	WA	2
Echo Park	CA	1
Echo Peak	CA	2
Echo Peak	WA	2
Echo Peaks	CA	2
Echo Point	OR	2
Echo Point	WA	2
Ecke Park	CA	1
Eckerts Camp	CA	1
Eckhart Point	WA	2
Eckler Mountain	WA	2
Eckley	CA	0
Eclipse Hill	CA	2
Eco City Park	OR	1
Ecola Point	OR	2
Ecola State Park	OR	1
Ecology Park	CA	1
Econe Park	WA	1
Ed Benedict Park	OR	1
Ed Mitchell Park	CA	1
Ed Parry Park	CA	1
Ed R Levin Park	CA	1
Ed Rogers Wayside	OR	1
Ed Z'berg Sugar Pine Point State Park	CA	1
Eddeeleo Lakes	OR	2
Eddie Park	CA	1
Eddie West Field	CA	1
Eddleston Park	CA	1
Edds Lake	WA	2
Edds Mountain	WA	2
Eddy Camp	CA	1
Eddy Lake	CA	2
Eddys Camp	CA	1
Eddys Mountain	WA	2
Eddyville	OR	0
Eden	CA	0
Eden	OR	0
Eden	WA	0
Eden Gardens	CA	0
Eden Harbor	WA	2
Eden Hot Springs	CA	0
Eden Square	CA	1
Eden Valley	CA	0
Edenbower	OR	0
Edendale	CA	0
Edendale Park	CA	1
Eder	CA	0
Edgar	CA	0
Edgar Lake	WA	2
Edgar Park	CA	1
Edgar Peak	CA	2
Edgar Rock	WA	2
Edgecliff Park	WA	1
Edgecliff Point	CA	2
Edgecomb	WA	0
Edgemont	WA	0
Edgemoor	WA	0
Edgerley Island	CA	2
Edgewater	WA	0
Edgewater Beach	WA	0
Edgewater Campground	WA	1
Edgewater Park	CA	1
Edgewater Park	WA	0
Edgewater Resort and Trailer Park	WA	0
Edgewater Seasonal Wetland	CA	2
Edgewick	WA	0
Edgewood	CA	0
Edgewood	WA	0
Edgewood City Park	OR	1
Edgewood Community Park	WA	1
Edgewood County Park	CA	1
Edgewood Mountain	OR	2
Edgewood Park	CA	1
Edgewood Trail	CA	1
Edison	CA	0
Edison	WA	0
Edison Butte	OR	2
Edison Campground	CA	1
Edison Community Park	CA	1
Edison Historic District	CA	1
Edison Ice Cave Trail	OR	1
Edison Park	CA	1
Edison Station	WA	0
Edison Trails Park	CA	1
Edith Lake	CA	2
Edith Moulton Park	WA	1
Edith Point	WA	2
Ediz Hook	WA	2
Ediz Hook Reservation for Native Birds	WA	1
Ediza Lake	CA	2
Edmiston	CA	0
Edmond Marsh	WA	2
Edmonds	WA	0
Edmonds Underwater Park	WA	1
Edmund C Jaeger Nature Sanctuary	CA	1
Edmundson Acres	CA	0
Edna	CA	0
Edna	WA	0
Edna Lake	CA	2
Edna Lake	OR	2
Edna Park	CA	1
Ednas Point	OR	2
Edom	CA	0
Edom Hill	CA	2
Edson Butte	OR	2
Edson Creek Campground	OR	1
Edson Lake	CA	2
Edun Cove	CA	2
Edwall	WA	0
Edward F Dolder Nature Trail	CA	1
Edward Grenfell County Park	OR	1
Edward Peak	WA	2
Edward White Park	CA	1
Edwards	CA	0
Edwards	WA	0
Edwards Air Force Base	CA	0
Edwards Butte	OR	2
Edwards Point	WA	2
Edwin	CA	0
Edwin L. Z'Berg Natural Preserve	CA	1
Eel Lake	OR	2
Eel Point	CA	2
Eel River Campground	CA	1
Eel River Conservation Camp	CA	1
Eel Rock	CA	0
Eels Park	WA	1
Effie Lake	OR	2
Effie Yeaw Nature Center	CA	1
Egan	CA	0
Egan County Park	OR	1
Egbert Hill	CA	2
Egg Butte	WA	2
Egg Lake	CA	2
Egg Lake	WA	2
Egg Lake Butte	CA	2
Egg Mountain	CA	2
Egg Pond	WA	2
Egli Rim	OR	2
Eglon	WA	0
Ehrnbeck Peak	CA	2
Eichler Park	OR	1
Eight Dollar Mountain	OR	2
Eight Mile House State Historic Landmark	CA	1
Eighteen Q Camp	CA	1
Eighteenth Infantry Bluff	WA	2
Eightmile	OR	0
Eightmile Camp	CA	1
Eightmile Campground	WA	1
Eightmile Lake Campground	WA	1
Eightmile Mountain	WA	2
Eightmile Peak	WA	2
Eightmile Point	OR	2
Eightmile Prairie Mountain	OR	2
Eightyeighth Avenue Mini Park	CA	1
Eightyfifth Avenue Mini Park	CA	1
Eileen	CA	0
Eileen Lake	OR	2
Eiler Butte	CA	2
Eiley Lake	WA	2
Einstein Park	CA	1
Eisenheimer Peak	CA	2
Eisenhower Mountain	CA	2
Eisenhower Park	CA	1
Eisenhut Park	CA	1
Eisinore Peak	CA	2
El Adobe de los Robles Historic Park	CA	1
El Barrio Park	CA	1
El Bonita	CA	0
El Bulto	CA	2
El Cajon	CA	0
El Cajon City Park	CA	1
El Cajon Mountain	CA	2
El Cajon Mountain Truck Trail	CA	1
El Camino	CA	0
El Camino Field	CA	1
El Camino Park	CA	1
El Camino Pines Campground	CA	1
El Camino Real Park	CA	1
El Campo	CA	0
El Campo Santo	CA	1
El Capitan	CA	2
El Capitan	WA	2
El Capitan Beach	CA	1
El Capitan Beach State Park	CA	1
El Capitan Meadow	CA	2
El Capitan Reservoir	CA	1
El Capitan Trail (historical)	CA	1
El Capitan Truck Trail	CA	1
El Capitan Water Recreation Area	CA	1
El Capitán State Beach	CA	1
El Cariso Campground	CA	1
El Cariso Nature Trail	CA	1
El Carmel Point	CA	2
El Carro Park	CA	1
El Casco	CA	0
El Centro	CA	0
El Centro Park	CA	1
El Cerrito	CA	0
El Cerrito Community Swim Center	CA	1
El Cerrito Corona	CA	0
El Chichon	CA	2
El Collado	CA	2
El Conejo Park	CA	1
El Corte De Madera Open Space	CA	1
El Divisadero Park	CA	1
El Dombo	CA	2
El Dorado Beach	CA	1
El Dorado Community Park	CA	1
El Dorado County Campground	CA	1
El Dorado Hills	CA	0
El Dorado Hills Archery Range	CA	1
El Dorado Hills Community Park	CA	1
El Dorado Mobile Home Park	CA	0
El Dorado Park	CA	1
El Escorpion Park	CA	1
El Estero	CA	2
El Estero Park	CA	1
El Granada	CA	0
El Granada Beach	CA	1
El Granada Mobile Home Park	CA	0
El Jarro Point	CA	2
El León	CA	2
El Lobo	CA	2
El Loro	CA	2
El Macero	CA	0
El Mar Estates Mobile Home Park	WA	0
El Marino Park	CA	1
El Matador State Beach	CA	1
El Merrie Dell	CA	0
El Mirador	CA	0
El Mirage	CA	0
El Mirage Off Highway Vehicle Recreation Area	CA	1
El Modena Park	CA	1
El Monte	CA	0
El Monte Elementary School	CA	1
El Nido	CA	0
El Nido Park	CA	1
El Norte Park	CA	1
El Padro Park	CA	1
El Parque de la Paz	CA	1
El Paseo Cahuenga Park	CA	1
El Paseo Plaza de la Guerra	CA	1
El Paso Mountains Wilderness	CA	1
El Paso Peaks	CA	2
El Perno	CA	2
El Perro	CA	2
El Pescadero Park	CA	1
El Pescador State Beach	CA	1
El Piso	CA	2
El Pitón	CA	2
El Portal	CA	0
El Portal Park	CA	1
El Prado Campground	CA	1
El Prado Park	CA	1
El Prado Regional Park	CA	1
El Presidio	CA	1
El Presidio de Santa Barbara State Historic Park	CA	1
El Pulgar	CA	2
El Pájaro	CA	2
El Quito Park	CA	1
El Rabo	CA	2
El Rancho	CA	0
El Rancho Mobile Home Park	CA	0
El Rancho Verde Park	CA	1
El Rancho del Rey Park	CA	1
El Rascador	CA	2
El Retiro Park	CA	1
El Rio	CA	0
El Rio Estates	CA	0
El Rio Villa	CA	0
El Rita	CA	0
El Roble	CA	0
El Roble Park	CA	1
El Salvador Park	CA	1
El Segundo	CA	0
El Sereno	CA	2
El Sereno Estates Mobile Home Park	CA	0
El Sereno North Park	CA	1
El Sereno Open Space	CA	1
El Sereno Recreation Center	CA	1
El Sobrante	CA	0
El Sombroso	CA	2
El Sueno	CA	0
El Taco	CA	2
El Tolete	CA	2
El Toro	CA	2
El Toro Community Park	CA	1
El Toro Lake	CA	2
El Toyon Park	CA	1
El Vado Historical Marker	CA	1
El Vejón	CA	2
El Verano	CA	0
Ela Park	CA	1
Elam Campground	CA	1
Elanor	WA	0
Elba	CA	0
Elba Lake	CA	2
Elbe	WA	0
Elbe Hills State Forest	WA	1
Elbert Lake	CA	2
Elberton	WA	0
Elbow Butte	OR	2
Elbow Hill	CA	2
Elbow Lake	OR	2
Elbow Lake	WA	2
Elbow Lake Campground	OR	1
Elbow Lake Campground	WA	1
Elbow Peak	WA	2
Elbow Point	OR	2
Eld Inlet	WA	2
Elden F Gillespie Park	CA	1
Elder Mountain	OR	2
Elders Corner	CA	0
Elderwood	CA	0
Eldon	WA	0
Eldorado	OR	0
Eldorado Hills	WA	0
Eldorado Park	OR	1
Eldorado Peak	WA	2
Eldoradoville Campground	CA	1
Eldridge	CA	0
Eldridge Grade	CA	1
Eldriedge Slough	OR	2
Elds Island (historical)	WA	2
Eleanor Green Roberts Aquatic Center	CA	1
Eleanor Lake	CA	2
Eleanor Park	CA	1
Election Camp	CA	1
Electra	CA	0
Electra Peak	CA	2
Electric City	WA	0
Electric Fountain	CA	1
Electric Point	WA	2
Electric Pond	OR	2
Electron	WA	0
Elena Mountain	CA	2
Elephant Butte	CA	2
Elephant Butte	OR	2
Elephant Butte	WA	2
Elephant Head	CA	2
Elephant Head	OR	2
Elephant Hill	CA	2
Elephant Knob	CA	2
Elephant Lake	OR	2
Elephant Mountain	CA	2
Elephant Mountain	OR	2
Elephant Mountain	WA	2
Elephant Rock	CA	2
Elephant Rock	OR	2
Elephant Rock	WA	2
Elephant Rock Campground	WA	1
Elephant Rock Lake	CA	2
Elephant Seal Cove	CA	2
Elephant Seal Cove Trail	CA	1
Elephant Trees Nature Trail	CA	1
Elephants Back	CA	2
Elephants Head	CA	2
Eleventh Street Park	CA	1
Elf Lake	OR	2
Elfin Forest	CA	0
Elfin Forest Preserve	CA	1
Elgarose	OR	0
Elger Bay	WA	2
Elgin	OR	0
Eli Hill	CA	2
Elijah Bristow State Park	OR	1
Elinor Lake	CA	2
Eliot Park	OR	1
Eliza Island	WA	2
Elizabeth Gamble Garden Center	CA	1
Elizabeth Lake	CA	2
Elizabeth Lake	WA	2
Elizabeth Lake Canyon Campground	CA	1
Elizabeth Meadows Park	OR	1
Elizabeth Park	WA	1
Elizabeth Peak	CA	2
Elizan Beach	WA	0
Elk	CA	0
Elk	WA	0
Elk Bend Campground	OR	1
Elk Butte	OR	2
Elk Butte Camp	OR	1
Elk Camp	CA	1
Elk Camp Ridge Trail	CA	1
Elk Camp Shelter	OR	1
Elk Campground	CA	1
Elk Campground	OR	1
Elk City	OR	0
Elk City County Park	OR	1
Elk Creek	CA	0
Elk Creek	WA	0
Elk Creek Campground	OR	1
Elk Creek Conservation Area	WA	1
Elk Creek Mobile Home Park	WA	0
Elk Creek Trail	OR	1
Elk Creek Tunnel Forest State Park	OR	1
Elk Glen Lake	CA	2
Elk Grove	CA	0
Elk Grove County Park	CA	1
Elk Grove Historic District	CA	1
Elk Grove Trail	OR	1
Elk Head	CA	2
Elk Hole	CA	2
Elk Island (historical)	OR	2
Elk Knob	CA	2
Elk Knob Trail	CA	1
Elk Lake	CA	2
Elk Lake	OR	0
Elk Lake	WA	2
Elk Lake Campground Boat Launch	OR	1
Elk Lake Trail	OR	1
Elk Meadows	OR	2
Elk Meadows Trail	OR	1
Elk Mountain	CA	2
Elk Mountain	OR	2
Elk Mountain	WA	2
Elk Mountain Trail	OR	1
Elk Park	CA	1
Elk Peak	CA	2
Elk Peak	OR	2
Elk Peak	WA	2
Elk Plain	WA	0
Elk Point	OR	2
Elk Point	WA	2
Elk Prairie Trail	CA	1
Elk River	CA	0
Elk River Natural Resources Conservation Area	WA	1
Elk River Scout Camp	CA	1
Elk River State Wildlife Area	WA	1
Elk Rock	CA	2
Elk Rock	WA	2
Elk Rock Island	OR	2
Elk Rock Island Natural Area	OR	1
Elk Rock Island Park	OR	1
Elkhead	OR	0
Elkhorn	CA	0
Elkhorn	OR	0
Elkhorn Butte	OR	2
Elkhorn Camp	CA	1
Elkhorn Camp	OR	1
Elkhorn Camp	WA	1
Elkhorn Cow Camp	OR	1
Elkhorn Crest Trail	OR	1
Elkhorn Lake	OR	2
Elkhorn Mountain	OR	2
Elkhorn Mountain	WA	2
Elkhorn Mountains	OR	2
Elkhorn Peak	CA	2
Elkhorn Peak	OR	2
Elkhorn Regional Park	CA	1
Elkhorn Ridge Wilderness	CA	1
Elkhorn Scarp	CA	2
Elkhorn Slough National Estuarine Research Reserve	CA	1
Elkhorn Wildlife Area	OR	1
Elkhorn Woods	OR	0
Elkhorn Woods Park	OR	1
Elkins Butte	OR	2
Elko Camp Recreation Site	OR	1
Elks Memorial Park	WA	1
Elkton	OR	0
Ell Lake	WA	2
Ell Peak	CA	2
Ella	OR	0
Ella Butte	OR	2
Ella Redkey Municipal Pool	OR	1
Elledge Peak	CA	2
Ellemeham Mountain	WA	2
Ellemeham State Wildlife Area	WA	1
Ellen Browning Scripps Natural Preserve	CA	1
Ellen R Burgess Nature Preserve	OR	1
Ellendale	OR	0
Ellensburg	WA	0
Ellerman Park	CA	1
Ellery Campground	CA	1
Ellery Creek Campground	CA	1
Ellery Lake Campground	CA	1
Ellicott	CA	0
Ellicott Slough National Wildlife Refuge	CA	1
Ellicott Trail	CA	1
Elliot Heights	OR	2
Elliot Hill	CA	2
Elliot Marsh	WA	2
Elliot Point	WA	2
Elliot R Corbett II Memorial State Park	OR	1
Elliot Trail	WA	1
Elliott	WA	0
Elliott Ave	WA	0
Elliott Bay	WA	2
Elliott Corner	CA	0
Elliott Creek Camp	WA	1
Elliott Hill	CA	2
Elliott Memorial Park	OR	1
Elliott Point	WA	2
Elliott Prairie	OR	0
Ellis	CA	0
Ellis Apiary Campsite	CA	1
Ellis Cove	WA	2
Ellis Lake	CA	2
Ellis Lake Park	CA	1
Ellis Mountain	CA	2
Ellis Mountain	WA	2
Ellis Park	CA	1
Ellis Peak	CA	2
Ellis Place	CA	0
Ellisforde	WA	0
Ellisport	WA	0
Ellisville	WA	0
Ellmaker State Wayside	OR	1
Ellsworth	WA	0
Ellsworth Creek Natural Resources Conservation Area	WA	1
Elm Court Recreation Building	CA	1
Elm Park	CA	1
Elm Street Park	CA	1
Elm View	CA	0
Elma	WA	0
Elmar Beach	CA	1
Elmco	CA	0
Elmer City	WA	0
Elmer Feldenheimer State Park	OR	1
Elmers Mobile Home Park	WA	0
Elmers Waterhole	OR	2
Elmhurst Park	CA	1
Elmira	CA	0
Elmira	OR	0
Elmo	CA	0
Elmonica	OR	0
Elmore Bay	CA	2
Elmore Desert Ranch	CA	0
Elmore Mountain	CA	2
Elna Peak	CA	2
Elochoman Lake	WA	2
Eloika Lake	WA	2
Eloise Lake	OR	2
Elora	CA	0
Elsa	CA	0
Elsey	CA	0
Elsie	OR	0
Elsie Stuhr Center	OR	1
Elsinore Valley	CA	0
Elsner Park (historical)	OR	1
Elton Bennett Park	WA	1
Eltopia	WA	0
Elverta	CA	0
Elwha	WA	0
Elwha Camp Grounds	WA	1
Elwha River Trail	WA	1
Elwha State Wildlife Area	WA	1
Elwood	OR	0
Elwood	WA	0
Elwood Hill	WA	2
Elwood Point	WA	2
Ely Flat	CA	2
Ely Mountain	CA	2
Elysian Park	CA	1
Elysian Valley Recreation Center	CA	1
Embarcadero	CA	0
Embarcadero Marina Park	CA	1
Embarcadero Plaza	CA	1
Embrey Hill	WA	2
Embro Lake	WA	2
Emden	WA	0
Emerald	WA	0
Emerald Bay	CA	0
Emerald Bay State Park	CA	1
Emerald Crest Mobile Home Park	WA	0
Emerald Estates Park	OR	1
Emerald Hills Estates Mobile Home Park	WA	0
Emerald Hills Park	CA	1
Emerald Island	WA	2
Emerald Isle Park	CA	1
Emerald Lake	CA	0
Emerald Lake	OR	2
Emerald Lake	WA	2
Emerald Lake Hills	CA	0
Emerald Mountain	CA	2
Emerald Park	CA	1
Emerald Park	OR	1
Emerald Peak	CA	2
Emerald Peak	WA	2
Emerald Point	CA	2
Emerald Pool	CA	2
Emerald Vista Park	CA	1
Emergency Point	OR	2
Emeric Lake	CA	2
Emerson	OR	0
Emerson Camp	CA	1
Emerson Creek Trail	CA	1
Emerson Lake	CA	2
Emerson Lake	WA	2
Emerson Nipple	WA	2
Emerson Park	CA	1
Emerson Peak	CA	2
Emerson Wildlife Preserve	CA	1
Emery Park	CA	1
Emery and Mitchell Island	CA	2
Emeryville	CA	0
Emigrant Butte	OR	2
Emigrant Buttes	OR	2
Emigrant Ford Campground	CA	1
Emigrant Forest Camp	OR	1
Emigrant Gap	CA	0
Emigrant Gap Historical Marker	CA	1
Emigrant Group Campground	CA	1
Emigrant Hill	CA	2
Emigrant Hill	OR	2
Emigrant Lake	CA	2
Emigrant Lake	OR	2
Emigrant Lake County Park	OR	1
Emigrant Meadow Lake	CA	2
Emigrant Springs State Heritage Area	OR	1
Emigrant Trail	CA	1
Emigrant Wilderness	CA	1
Emil Seifert Recreation Center	CA	1
Emile Creek Recreation Site	OR	1
Emile Trail	OR	1
Emily Creek Way	OR	1
Emily Lake	CA	2
Emma Herbert Memorial Park	CA	1
Emma Lake	CA	2
Emma Lake	OR	2
Emma Lake	WA	2
Emma Wood State Beach	CA	1
Emmaton	CA	0
Emmaus Park	CA	1
Emmrich Landing County Park	OR	1
Emory Island	CA	2
Empey Mountain	WA	2
Empire	CA	0
Empire Boat Ramp	OR	1
Empire Creek Trail	CA	1
Empire Drive Trail	WA	1
Empire Lake	WA	2
Empire Lakes	OR	2
Empire Landing	CA	1
Empire Mine State Historic Park	CA	1
Empire Mountain	CA	2
Empire Park	OR	1
Empire Roadside Rest	CA	1
Empire Tract	CA	2
Empire View Mobile Home Park	WA	0
Empty Lake Well	OR	2
Ems Pond	CA	2
Enatai Beach Park	WA	1
Enatai Park	WA	1
Encantato Park	CA	1
Encanto Park	CA	1
Encanto Park Recreation Center	CA	1
Enchanted Cove	CA	2
Enchanted Firs Mobile Home Park	WA	0
Enchanted Hills	CA	0
Enchanted Island	WA	2
Enchanted Isle	CA	2
Enchanted Knolls Park	CA	1
Enchantment Lakes	WA	2
Encina	OR	0
Encinal	CA	0
Encinal Beach	CA	1
Encinal Park	CA	1
Encinitas	CA	0
Encinitas Beach County Park	CA	1
Encinitas Viewpoint Park	CA	1
Encino Park	CA	1
Encino Public Fishing Area	CA	1
End Mountain	WA	2
Endersby	OR	0
Endicott	WA	0
Enetai	WA	0
Engel Mine Upper Camp	CA	1
Engineer Point	CA	2
Engineer Springs	CA	0
Englewood	CA	0
Englewood	OR	0
Englewood City Park	OR	1
English	WA	0
English Camp	WA	1
English Hill	CA	2
English Lake	CA	2
English Mountain	CA	2
English Mountain	OR	2
English Oaks Commons	CA	1
English Peak	CA	2
English Town	CA	0
Englishman Hill	OR	2
Enid Lake	OR	2
Enjar Lake	WA	2
Ennis	CA	0
Ennis	WA	0
Ennis Butte	OR	2
Ennis Riffle County Park	OR	1
Enos Camp	CA	1
Enright	OR	0
Enslen Park	CA	1
Ensley	CA	0
Enson	CA	0
Enterprise	CA	0
Enterprise	OR	0
Enterprise	WA	0
Enterprise Bay	WA	2
Enterprise Camp	WA	1
Enterprise Park	CA	1
Enterprise Point	OR	2
Entiat	WA	0
Entiat National Fish Hatchery	WA	1
Entiat Slopes Natural Area Preserve	WA	1
Entiat State Wildlife Area	WA	1
Entradero Park	CA	1
Entrance Mountain	WA	2
Enumclaw	WA	0
Enumclaw Mountain	WA	2
Eola	OR	0
Eola Bend County Park	OR	1
Eola Crest	OR	0
Eola Heights County Park	OR	1
Eola Village	OR	0
Epaulet Peak	CA	2
Ephlin Hill	CA	2
Ephrata	WA	0
Ephrata Heights Park	WA	1
Epidote Peak	CA	2
Epworth	CA	0
Equality	WA	0
Eraldi Park	CA	1
Erckenbrack Park	CA	1
Erdman Lake	WA	2
Erhart Cove	OR	2
Erhart Lake	OR	2
Erickson	CA	0
Erickson Island	WA	2
Erickson Lake	OR	2
Erickson Lake	WA	2
Erickson Play Field	WA	1
Erickson Slough	CA	2
Ericksons Bay Campground	WA	1
Ericson View Tracts	WA	0
Ericson's Bay Primative Trail	WA	1
Ericsons Bay	WA	2
Erie Point	CA	2
Erin Lake	CA	2
Erk Hill	OR	2
Erlands Point	WA	0
Erlands Point-Kitsap Lake	WA	0
Erma Bell Lakes	OR	2
Ernest E. Debs Regional Park	CA	1
Ernests Pond	OR	2
Ernie J Howlett Park	CA	1
Ernie Lake	OR	2
Ernie Smith Park	CA	1
Ernies Grove	WA	0
Erratic Rock State Park	OR	1
Errin Campground	OR	1
Errol Heights City Park	OR	1
Ershim Lake	CA	2
Erskine	OR	0
Erwin Park	CA	1
Escalle	CA	0
Escalon	CA	0
Escapula Peak	CA	2
Eschbach	WA	0
Escondido	CA	0
Escondido Beach	CA	1
Escondido Camp Ground	CA	1
Escondido Lake	WA	2
Escondido Mall	CA	1
Escondido Park	CA	1
Escondido Trail	WA	1
Esel Point	WA	2
Eshom Creek Campground	CA	1
Eshom Point	CA	2
Eskimo Hill	CA	2
Esmeralda Peaks	WA	2
Esmond Creek Recreation Area	OR	1
Esmond Lake	OR	2
Esmond Mountain	OR	2
Espa Lagoon	CA	2
Espada Bluff	CA	2
Espanola	WA	0
Esparto	CA	0
Esperance	WA	0
Esperanza	CA	0
Espinosa Lake	CA	2
Esplanade	CA	1
Esplanade Park	CA	1
Esposti Park	CA	1
Espy Slough	WA	2
Esquatzel Coulee State Wildlife Area	WA	1
Esquon	CA	0
Essex	CA	0
Essex	WA	0
Essex City Park	OR	1
Essex Park	CA	1
Essex Pond	CA	2
Estabrook	OR	0
Estacada	OR	0
Estacada Lake	OR	2
Estancia Park	CA	1
Estell Park	CA	1
Estella Park	CA	1
Estelle	CA	0
Estelle Mountain	CA	2
Esterly Lakes	OR	2
Estero Bay	CA	2
Estero Bluffs State Park	CA	1
Estero De Limantour	CA	2
Estero Trail	CA	1
Estes	WA	0
Estes Butte	WA	2
Esther Clark Park	CA	1
Estil C Clark Park	CA	1
Estrella	CA	0
Estrella Campground	CA	1
Estrella County Park	CA	1
Estrella Park	CA	1
Estrellita	CA	0
Estudillo Park	CA	1
Etheda Springs	CA	0
Ethel	WA	0
Ethel Mountain	OR	2
Etna	CA	0
Etna	WA	0
Etna Mountain	CA	2
Etna Park	OR	1
Ettawa Springs	CA	0
Ettersburg	CA	0
Eucalyptus Grove Park	CA	1
Eucalyptus Hills	CA	0
Eucalyptus Island	CA	2
Eucalyptus Park	CA	1
Euchre Bar Trail	CA	1
Euchre Butte	OR	2
Euchre Creek Pond	OR	2
Euchre Mountain	OR	2
Euclid Park	CA	1
Euclid Park	WA	1
Eufaula	WA	0
Eufaula Heights	WA	0
Eugene	CA	0
Eugene	OR	0
Eugene O'Neill National Historic Site	CA	1
Euless Park	CA	1
Eunice Lake	WA	2
Eureka	CA	0
Eureka	WA	0
Eureka Dunes	CA	2
Eureka Hill	CA	2
Eureka Lake	WA	2
Eureka Peak	CA	2
Eureka Peak	OR	2
Eureka Peak Loop Trail	CA	1
Eureka Peak Trail	OR	1
Eureka Pond	OR	2
Eureka Valley Playground	CA	1
Eureka Valley Recreation Center	CA	1
Ev Henry Point	WA	2
Eva Dell Park	CA	1
Evaline	WA	0
Evans	OR	0
Evans	WA	0
Evans Brothers Cow Camp	CA	1
Evans Butte	OR	2
Evans Campground	WA	1
Evans Cove	WA	2
Evans Field	CA	1
Evans Flat Campground	CA	1
Evans Hill	WA	2
Evans Lake	WA	2
Evans Mountain	CA	2
Evans Park	CA	1
Evans Park	OR	1
Evans Peak	CA	2
Evans Place	CA	0
Evans Point	CA	2
Evans Pond	WA	2
Evans Trail	OR	1
Evans and Bailey Historical Monument	CA	1
Evansville	WA	0
Eve Lake	CA	2
Evelyn	CA	0
Evelyn Lake	CA	2
Evelyn Schiffler Memorial Park	OR	1
Evenstar Park	CA	1
Everett	WA	0
Everett Junction	WA	0
Everett Lake	CA	2
Everett Lake	WA	2
Everett Martin Park	CA	1
Everett Park	CA	1
Everett Peak	WA	2
Everglade	CA	0
Evergreen	WA	0
Evergreen Acres Mobile Home Park	WA	0
Evergreen Camp	WA	1
Evergreen Campground	CA	1
Evergreen Estates Mobile Homes	WA	0
Evergreen Lake	CA	2
Evergreen Lake	WA	2
Evergreen Mobile Estates	WA	0
Evergreen Mobile Home Park	WA	0
Evergreen Mountain	WA	2
Evergreen Park	CA	1
Evergreen Park	OR	1
Evergreen Park	WA	1
Evergreen Playground	CA	1
Evergreen Point	WA	2
Evergreen Recreation Center	CA	1
Evergreen Ridge Mobile Home Park	WA	0
Evergreen Terrace	WA	0
Everitt Hill	CA	2
Evers Lake	OR	2
Everson	WA	0
Evolution Lake	CA	2
Ewalt Camp	CA	1
Ewan	WA	0
Ewartsville	WA	0
Ewauna Camp	OR	1
Ewe Neck	WA	2
Ewing	CA	0
Ewing Cove	WA	2
Ewing Hill	CA	2
Ewing Island	WA	2
Ewing Young Historical Marker	OR	1
Ewing Young Park	OR	1
Ewoldsen Trail	CA	1
Excelsior	CA	2
Excelsior Mountain	CA	2
Excelsior Mountain	WA	2
Excelsior Peak	WA	2
Excelsior Playground	CA	1
Exchange Park	OR	1
Exchange Peak	CA	2
Exeter	CA	0
Exeter City Athletic Park	CA	1
Exposition Park	CA	1
Eyhott Island	WA	2
Eylar Mountain	CA	2
F E Hopkins Wilderness Park	CA	1
F Hale Stephenson Field	CA	1
Faben Point	WA	2
Fabian Park	CA	1
Face Rock	OR	2
Face Rock State Park	OR	1
Facht Place	CA	0
Factoria	WA	0
Fagan	CA	0
Fagan Lake	WA	2
Fages-Zalvidea Trails Marker	CA	1
Fahrens Park	CA	1
Fahys Lake	OR	2
Fair Harbor	WA	0
Fair Oaks	CA	0
Fair Oaks	OR	0
Fair Oaks County Park	OR	1
Fair Oaks Park	CA	1
Fair Play	CA	0
Fairbank Point	CA	2
Fairbanks	CA	0
Fairbanks	OR	0
Fairbanks	WA	0
Fairbanks Ranch	CA	0
Fairchild	WA	0
Fairchild Air Force Base	WA	0
Fairchild Island	CA	2
Fairchild Point	OR	2
Fairchild Swamp	CA	2
Fairfax	CA	0
Fairfax	WA	0
Fairfield	CA	0
Fairfield	OR	0
Fairfield	WA	0
Fairfield Mobile Home Park	WA	0
Fairfield Peak	CA	2
Fairfield-Suisun City	CA	0
Fairhaven	CA	0
Fairhaven	OR	0
Fairhaven City Park	OR	1
Fairhaven Park	WA	1
Fairholme Campground	WA	1
Fairlands Park	CA	1
Fairmead	CA	0
Fairmead Park	CA	1
Fairmont	CA	0
Fairmont	WA	0
Fairmont Butte	CA	2
Fairmont City Park	OR	1
Fairmont Knolls Park	CA	1
Fairmont Park	CA	1
Fairmont Park	WA	1
Fairmont Terrace Park	CA	1
Fairmount City Park	OR	1
Fairmount Park	CA	1
Fairoaks	CA	0
Fairoaks Park	CA	1
Fairport	CA	0
Fairview	CA	0
Fairview	OR	0
Fairview	WA	0
Fairview Avenue Park	CA	1
Fairview Camp	OR	1
Fairview Campground	CA	1
Fairview Community Park	OR	1
Fairview Dome	CA	2
Fairview Lake	OR	2
Fairview Lake	WA	2
Fairview Mountain	CA	2
Fairview Mountain	OR	2
Fairview Park	CA	1
Fairview Park	OR	1
Fairview Peak	OR	2
Fairview Point	OR	2
Fairview Village Park	CA	1
Fairview Woods Wetlands City Park	OR	1
Fairville	CA	0
Fairway Acres	CA	0
Fairway Estates Senior Mobile Home Park	WA	0
Fairway Greens Park	CA	1
Fairway Park	CA	1
Fairweather Bay	WA	2
Fairweather Park	WA	1
Fairwood	WA	0
Fairy Gates Trail	CA	1
Faith Spring Forest Camp	OR	1
Fake Creek Trail	OR	1
Falcon Baseball Field	CA	1
Falcon Butte	OR	2
Falcon Campground	CA	1
Falcon Crest Park	OR	1
Falcon Field	CA	1
Falcon Heights	OR	0
Falcon Lake	WA	2
Falcon Park	OR	1
Falcon Rock	OR	2
Falcon Trail	CA	1
Faler Road Treaty Fishing Access Site	OR	1
Fales Hot Springs	CA	0
Fall City	WA	0
Fall City Community Park	WA	1
Fall Creek	OR	0
Fall Creek Camp	CA	1
Fall Creek Campground	WA	1
Fall Creek County Park	OR	1
Fall Creek Mountain	CA	2
Fall Creek National Recreation Trail	OR	1
Fall Creek Reservoir State Park	OR	1
Fall Creek Trail (historical)	OR	1
Fall Mountain	OR	2
Fall Mountain	WA	2
Fall River Campground	CA	1
Fall River Lake	CA	2
Fall River Mills	CA	0
Fallbrook	CA	0
Fallbrook Junction	CA	0
Fallbrook Park	CA	1
Fallen Bridge Trail	CA	1
Fallen Field	OR	1
Fallen Goliath	CA	1
Fallen Leaf	CA	0
Fallen Leaf Campground	CA	1
Fallen Leaf Recreation Center	CA	1
Faller Park	CA	1
Fallon	CA	0
Fallon	WA	0
Fallon Sports Park	CA	1
Falls City	OR	0
Falls Creek Campground	WA	1
Falls Creek Forest Camp	OR	1
Falls Creek Forest Camp	WA	1
Falls Creek Horse Camp	WA	1
Falls Creek Trail	CA	1
Falls Creek Trail	WA	1
Falls Lake	WA	2
Falls Trail	CA	1
Falls View Campground	WA	1
Falmer Field	WA	1
False Bay	WA	2
False Bay (historical)	CA	2
False Cape	CA	2
False Cape Rock	CA	2
False Face Mountain	OR	2
False Klamath	CA	0
False Klamath Cove	CA	2
False Klamath Rock	CA	2
False Point	CA	2
False Summit	WA	2
False Summit (historical)	WA	2
False Sur	CA	2
Falvey Lake	CA	2
Family Camp	WA	1
Famoso	CA	0
Fan Creek Campground	OR	1
Fan Hill	CA	2
Fan Lake	WA	2
Fan Shell Beach	CA	1
Fances Ryan Park	CA	1
Fancher Butte	WA	2
Fandango Peak	CA	2
Fane	CA	0
Fanita Ranch Sports Complex	CA	1
Fannette Island	CA	2
Fanno Creek City Park	OR	1
Fanno Creek Natural Area	OR	1
Fanno Creek Park	OR	1
Fanno Farmhouse Park	OR	1
Fanno Peak	OR	2
Fantail Lake	CA	2
Fanton Plaza Trail	OR	1
Fanuel Street Park	CA	1
Farallon Islands	CA	2
Farallon Islands State Game Refuge	CA	1
Farallon National Wildlife Refuge	CA	1
Farallon Wilderness	CA	1
Farallones Park	CA	1
Faraway Rock	WA	2
Farewell Bend State Park	OR	1
Farewell Peak	WA	2
Fargher Lake	WA	0
Fargher Pond	WA	2
Faria	CA	0
Faria County Park	CA	1
Farley	CA	0
Farley Lake	CA	2
Farley Lake	WA	2
Farley Peak	CA	2
Farley Spring Trail	OR	1
Farlow Hill	OR	2
Farm Service Agency Interest of Oregon	OR	1
Farm Service Agency Interest of Washington	WA	1
Farm Trail	OR	1
Farmer	WA	0
Farmer Creek Rest Area	OR	1
Farmers Butte	OR	2
Farmers Park	WA	1
Farmersville	CA	0
Farmington	CA	0
Farmington	OR	0
Farmington	WA	0
Farnham Landing County Park	OR	1
Farnsworth Lake	WA	2
Farnsworth Park	CA	1
Faro Point	CA	2
Farquhar Plaza	CA	1
Farragut City Park	OR	1
Farragut Park	CA	1
Farrand Park	WA	1
Farrel McWhirter Park	WA	1
Farrell Lake	OR	2
Farrell Marsh	WA	2
Farrell Marsh Park	WA	1
Farrelly Swimming Pool (historical)	CA	1
Farrin Camp	OR	1
Farrington	WA	0
Farris	WA	0
Farron	WA	0
Farwell	CA	0
Father Garces Monument	CA	1
Father Mountain	OR	2
Father Wyatt Park	CA	1
Fattebort Hill	CA	2
Faubion	OR	0
Faucherie Campground	CA	1
Faucherie Lake	CA	2
Faude Park	CA	1
Faulkner Butte	OR	2
Faulkner County Park	CA	1
Faulkstein Camp	CA	1
Fauntleroy Cove	WA	2
Fauntleroy Park	WA	1
Fauntleroy Point	WA	2
Fauntleroy Rock	CA	2
Fauries Peak	CA	2
Favinger Place	CA	0
Fawn Butte	CA	2
Fawn Butte	OR	2
Fawn Camp	OR	1
Fawn Camp Trail	OR	1
Fawn Campground	CA	1
Fawn Hill	CA	2
Fawn Island	OR	2
Fawn Island	WA	2
Fawn Lake	CA	2
Fawn Lake	OR	2
Fawn Lake	WA	2
Fawn Lake Trail	OR	1
Fawn Lake Trail	WA	1
Fawn Lake Way	OR	1
Fawn Lily Trail	CA	1
Fawn Peak	OR	2
Fawn Peak	WA	2
Fawn Spring Trail	OR	1
Fawns Mill Trail	WA	1
Fawnskin	CA	0
Fay Island	CA	2
Fay Lake	OR	2
Fay Park	CA	1
Fay Peak	WA	2
Fay-Bainbridge State Park	WA	1
Fayette	CA	0
Fayette	WA	0
Faylane Park	CA	1
Feather Bed Lake	OR	2
Feather Falls	CA	0
Feather Lake	CA	2
Feather Peak	CA	2
Feather River Canyon	CA	0
Feather River Inn	CA	0
Feather River Park	CA	0
Featherbed Camp	WA	1
Federal Way	WA	0
Federated Sportsmans Field	CA	1
Federation Forest State Park	WA	1
Federspiel Park	CA	1
Fehlhaberhouk Park	CA	1
Feickert Park	CA	1
Felica Diaz Park	CA	1
Feliciana Mountain	CA	2
Felicity	CA	0
Felida	WA	0
Felipe Garza Park	CA	1
Felix	CA	0
Felkner Hill	CA	2
Fell Hill	WA	2
Feller Pond	OR	2
Fellows	CA	0
Felton	CA	0
Felton Covered Bridge County Park	CA	1
Femmons	CA	0
Femngi Island	CA	2
Fennell Lake	OR	2
Fenner	CA	0
Fenner Roadside Rest	CA	1
Feraud Park	CA	1
Ferbrache State Wildlife Area	WA	1
Fergus	CA	0
Ferguson Lake	CA	2
Ferguson Lake	WA	2
Ferguson Mountain	OR	2
Ferguson Park	WA	1
Ferguson Point	CA	2
Ferguson Point Campground	CA	1
Ferguson Ponds	WA	2
Feriton	WA	0
Fern	CA	0
Fern Ann Falls	CA	0
Fern Basin Campground	CA	1
Fern Campground	CA	1
Fern Canyon Trail	CA	1
Fern Cottage Historic District	CA	1
Fern Cove	WA	2
Fern Drive Park	CA	1
Fern Heath	WA	0
Fern Hill	OR	0
Fern Hill	WA	0
Fern Island	CA	2
Fern Lake	CA	2
Fern Lake	WA	2
Fern Mountain	CA	2
Fern Peak	CA	2
Fern Point	CA	2
Fern Point	WA	2
Fern Prairie	WA	0
Fern Reservoir Park	CA	1
Fern Ridge Shores	OR	0
Fern Top	OR	2
Fern Valley	CA	0
Fernald Point	CA	2
Fernandez Lakes	CA	2
Fernandez Park	CA	1
Fernandez Trail	CA	1
Fernangeles Recreation Center	CA	1
Fernbridge	CA	0
Fernbrook	CA	0
Ferncliff	WA	0
Ferndale	CA	0
Ferndale	OR	0
Ferndale	WA	0
Ferndale Mobile Village	WA	0
Fernhill City Park	OR	1
Fernvale	OR	0
Fernwood	CA	0
Fernwood	OR	0
Fernwood	WA	0
Fernwood Park	WA	1
Ferraro Soccer Field	CA	1
Ferrier Peak	WA	2
Ferrous Point	WA	2
Ferrum	CA	0
Ferry Baker Island	WA	2
Ferry County Park	OR	1
Ferry Lake	WA	2
Ferry Lake Campground	WA	1
Ferry Lake Trail	WA	1
Ferry Peak	WA	2
Ferry Point	CA	2
Ferry Road Park	OR	1
Fertilizer Lake	WA	2
Fetters Hot Springs	CA	0
Fetters Hot Springs-Agua Caliente	CA	0
Feustal Lake	WA	2
Feyer County Park	OR	1
Fezett City Park	OR	1
Fiander Lake	WA	2
Fibre Lake	OR	2
Fibre Rock	OR	2
Fickle Hill	CA	0
Fidalgo	WA	0
Fidalgo Bay	WA	2
Fidalgo Head	WA	2
Fidalgo Island	WA	2
Fiddle Butte	WA	2
Fiddle Creek Arm Siltcoos Lake	OR	2
Fiddle Creek Camp Ground	CA	1
Fiddle Creek Trail	CA	1
Fiddleneck Day Use Area	CA	1
Fiddler Mountain	OR	2
Fiddlers Bluff	WA	2
Fiddlers Green	CA	0
Fiddletown	CA	0
Field Sports County Park	CA	1
Fieldbrook	CA	0
Fielder Mountain	OR	2
Fields	OR	0
Fields Bridge Park	OR	1
Fields Lake	OR	2
Fields Lake	WA	2
Fields Landing	CA	0
Fields Peak	OR	2
Fields Point	WA	2
Fields Spring State Park	WA	1
Fiesta Bay	CA	2
Fiesta Camp	CA	1
Fiesta Grounds	CA	1
Fiesta Island	CA	2
Fife	WA	0
Fife Heights	WA	0
Fifes Peaks	WA	2
Fifes Ridge Trail	WA	1
Fifteenmile Creek Trail	OR	1
Fifteenmile Point	CA	2
Fifth Lake	CA	2
Fifth Street Park	OR	1
Fifth of July Mountain	WA	2
Fig Lake	OR	2
Fig Orchard	CA	0
Figueroa Camp	CA	1
Figueroa Mountain	CA	2
Figure Eight Lake	WA	2
Figurehead Mountain	CA	2
File Butte	OR	2
Filipino Community Council Recreation Center	CA	1
Fill Pond	WA	2
Fillmore	CA	0
Fillmore Hill	CA	2
Filly Lake	CA	2
Filucy Bay	WA	2
Fin Dome	CA	2
Finch Arboretum	WA	1
Finch Lake	CA	2
Finch Lake	OR	2
Finch Playfield	WA	1
Findley Butte	OR	2
Findley Buttes	OR	2
Findley Campground	CA	1
Findley Lake	WA	2
Findley Peak	CA	2
Fine Gold	CA	0
Fine Park	CA	1
Finegold Bay	CA	2
Finger Board	CA	2
Finger Board Trail	CA	1
Finger Lake	CA	2
Finger Peak	CA	2
Finger Peaks	CA	2
Finger Rock	OR	2
Fingerbowl Lake	CA	2
Finkbiner Park	CA	1
Finley	CA	0
Finley	WA	0
Finley Butte	CA	2
Finley Butte	OR	2
Finley Buttes	OR	2
Finley Camp	CA	1
Finley Community Park	CA	1
Finley Creek Cow Camp	OR	1
Finley Lake	CA	2
Finley Lake	OR	2
Finley Lake	WA	2
Finley Meadows	WA	2
Finley Mountain	WA	2
Finley National Wildlife Refuge	OR	1
Finley Peak	WA	2
Finley Place	CA	0
Finn Harbor	WA	2
Finn Hill	WA	2
Finn Rock	OR	0
Finnell Lake	WA	2
Finner Creek Campground	WA	1
Finney Creek Trail	WA	1
Finney Lake	CA	2
Finney Peak	WA	2
Finney Peak Trail	WA	1
Finney and Egan Lake	OR	2
Finnon Lake Campground	CA	1
Fir Acres Mobile Home Park	WA	0
Fir Butte	OR	2
Fir Camp Campground	CA	1
Fir Cap	CA	2
Fir Cove Campground	CA	1
Fir Creek Recreation Area	WA	1
Fir Grove	OR	0
Fir Grove Park	OR	1
Fir Grove Section of Stewart Park	OR	1
Fir Hill	CA	2
Fir Island	WA	2
Fir Island Farm State Wildlife Area	WA	1
Fir Lake	OR	2
Fir Lake	WA	2
Fir Lane Valley Mobile Home Park	WA	0
Fir Meadows Mobile Home Park	WA	0
Fir Mountain	OR	2
Fir Mountain	WA	2
Fir Point	OR	2
Fir Point	WA	2
Fir Point Christian Camp	OR	1
Fir Timber Butte	OR	2
Fir Top Campground	CA	1
Fir Tree	WA	0
Fir Tree Forest Camp	OR	1
Fir Villa	OR	0
Fircrest	WA	0
Fircrest City Park	OR	1
Firdale	WA	0
Fire Butte	OR	2
Fire Creek Trail (historical)	WA	1
Fire Creek Way (historical)	WA	1
Fire Hill	CA	2
Fire Lake	OR	2
Fire Mountain	CA	2
Fire Mountain	WA	2
Fire Mountain Park	CA	1
Fire Pond	WA	2
Fire Springs Trail	OR	1
Fire Station Park	CA	1
Fire Station Playground	WA	1
Fire Trail	WA	0
Firebaugh	CA	0
Firebrick	CA	0
Firecamp Lakes	OR	2
Firemans Lake City Park	OR	1
Firemans Leap	OR	2
Firemans Park	WA	1
Firemens Park	CA	1
Fireplace Bluffs	CA	2
Fireside Park	CA	1
Firestone Butte	OR	2
Fireweed Camp	WA	1
Firland Parkway	OR	1
Firlane Property	OR	1
Firloch	WA	0
Firs Campground	CA	1
First Beach	WA	1
First Butte	CA	2
First Butte	WA	2
First Camp Recreation Site	OR	1
First Cove	CA	2
First Creek Camp	OR	1
First Creek Trail	WA	1
First Dinkey Lake	CA	2
First Falls Campground	CA	1
First Hidden Lake	WA	2
First Hill	WA	2
First Lake	CA	2
First Lake	OR	2
First Lake	WA	2
First Peak	OR	2
First Prairie Mountain	OR	2
First Recess Lakes	CA	2
First Street Rapids Park	OR	1
First Sugarloaf	CA	2
First Thought Lake	WA	2
First Thought Mountain	WA	2
First Top	WA	2
Firth Memorial Park	CA	1
Firtop	CA	2
Firwest Mobile Home Park	WA	0
Firwood	OR	0
Firwood	WA	0
Firwood Lane Mobile Home Park	WA	0
Firwood Mobile Home Park	WA	0
Fischer Island	OR	2
Fish Bowls Campground	CA	1
Fish Camp	CA	0
Fish Camp Landing	CA	1
Fish Canyon Trail	CA	1
Fish Creek	WA	2
Fish Creek Campground	CA	1
Fish Creek Campground	OR	1
Fish Creek Meadows	CA	2
Fish Creek Mountain	CA	2
Fish Creek Mountain	OR	2
Fish Creek Mountains Wilderness	CA	1
Fish Creek Trail	CA	1
Fish Fin Rim	OR	2
Fish Fork Camp	CA	1
Fish Hatchery County Park	OR	1
Fish Head Hill	CA	2
Fish Head Rocks	CA	2
Fish Hook Peak	OR	2
Fish Lake	CA	2
Fish Lake	OR	2
Fish Lake	WA	2
Fish Lake Campground	OR	1
Fish Lake Campground	WA	1
Fish Lake Campground Boat Launch	OR	1
Fish Lake Trail	OR	1
Fish Mountain	CA	2
Fish Mountain	OR	2
Fish Point	WA	2
Fish Pond Campground	WA	1
Fish Ponds	OR	2
Fish Rock	CA	0
Fish Rock Beach	CA	1
Fish Rocks	CA	2
Fish Springs	CA	0
Fish Springs Hill	CA	2
Fish Town	WA	0
Fish Valley Peak	CA	2
Fishback Hill	OR	2
Fishel	CA	0
Fisher	CA	0
Fisher	OR	0
Fisher	WA	0
Fisher Butte	OR	2
Fisher Cove	CA	2
Fisher Hill	WA	2
Fisher Hill State Wildlife Area	WA	1
Fisher Island	WA	2
Fisher Island Pond	OR	2
Fisher Island State Wildlife Area	WA	1
Fisher Lake	CA	2
Fisher Lake	OR	2
Fisher Lake	WA	2
Fisher Lakes	CA	2
Fisher Lakes	WA	2
Fisher Memorial Park	OR	1
Fisher Park	CA	1
Fisher Peak	WA	2
Fisher Place	CA	0
Fisher Point	CA	2
Fisher Point	OR	2
Fisherman Bay	CA	2
Fisherman Bay	WA	2
Fisherman Camp	OR	1
Fisherman Campground	CA	1
Fisherman Harbor	WA	2
Fisherman Point	CA	2
Fishermans Camp	CA	1
Fishermans Camp Trailhead	CA	1
Fishermans Campground	CA	1
Fishermans Cove	CA	2
Fishermans Cove	WA	2
Fishermans Memorial Statue	CA	1
Fishermans Point	WA	2
Fishermans Shoreline Park	CA	1
Fishermans Slough (historical)	CA	2
Fishers Corner	OR	0
Fishers Ferry County Park	OR	1
Fishery Point	OR	2
Fishery Point	WA	2
Fishhawk Falls - Lee Wooden County Park	OR	1
Fishhole Flat	OR	2
Fishhole Mountain	OR	2
Fishhook Flats Trail	WA	1
Fishhook Park	WA	1
Fishing Bay	WA	2
Fishing Rock	OR	2
Fishing Rock State Park	OR	1
Fishtrap	WA	0
Fisk Hill	OR	2
Fisk Mill Cove	CA	2
Fiss Hill	CA	2
Fitch Hill	WA	2
Fitch Mountain	CA	2
Fitchener Slough	WA	2
Fite Park	CA	1
Fitton Green County Natural Area	OR	1
Fitzgerald Field	CA	1
Fitzgerald Lake	OR	2
Fitzgerald Peak	WA	2
Fitzpatrick Island	OR	2
Five Acre Lake	CA	2
Five Brooks	CA	0
Five Corners	CA	0
Five Corners	OR	0
Five Corners	WA	0
Five Dollar Camp	CA	1
Five Fingers	CA	2
Five Foot Rock	OR	2
Five Islands	OR	2
Five Lakes	CA	2
Five Lakes	WA	2
Five Lakes Creek Trail	CA	1
Five Mile Arm	OR	2
Five Mile Terrace	CA	0
Five Pine Point	CA	2
Five Points	CA	0
Five Points	WA	0
Five Points Trail	OR	1
Five Rivers County Launch	OR	1
Five Springs Mountain	CA	2
Five Sticks Camp	OR	1
Five Thousand Thirty Trail	WA	1
Fivemile Arm Tahkenitch Lake	OR	2
Fivemile Butte	OR	2
Fivemile Camp	WA	1
Fivemile Cow Camp	OR	1
Fivemile Lake	WA	2
Fivemile Point	OR	2
Fivepoint Hill	OR	2
Fizzben Heights	CA	0
Flag Island	OR	2
Flag Mountain	OR	2
Flag Mountain	WA	2
Flag Mountain Trail	OR	1
Flag Peak	CA	2
Flag Point	OR	2
Flag Point Trail	OR	1
Flag Prairie Cow Camp	OR	1
Flagg Island	OR	1
Flagg Island Park	OR	1
Flagg Mountain	WA	2
Flagpole Peak	CA	2
Flagpole Point	CA	2
Flagstaff Butte	OR	2
Flagstaff Hill	CA	2
Flagstaff Hill	OR	2
Flagstaff Lake	OR	2
Flagstaff Mountain	WA	2
Flagstaff Point	OR	2
Flagstaff Point	WA	2
Flagstone Park	CA	1
Flagstone Peak	OR	2
Flagtail Cow Camp	OR	1
Flagtail Mountain	OR	2
Flahertys Pond	WA	2
Flaig	WA	0
Flamenco Park	CA	1
Flaming Geyser State Park	WA	1
Flamingo Heights	CA	0
Flanagan Park	CA	1
Flanagan Slough	OR	2
Flanders Park	CA	1
Flandersville	WA	0
Flanly Peak	CA	2
Flapjack Lakes	WA	2
Flapjack Point	WA	2
Flat Black Rock	OR	2
Flat Camp	OR	1
Flat Campground	WA	1
Flat Creek Campsite	WA	1
Flat Creek Trail	OR	1
Flat Iron Lake	WA	2
Flat Iron Mountain	OR	2
Flat Lake	CA	2
Flat Lake	OR	2
Flat Lake	WA	2
Flat Mountain	OR	2
Flat Note Lake	CA	2
Flat Point	WA	2
Flat Point Lake	WA	2
Flat Pond	CA	2
Flat Rock	CA	2
Flat Rock	OR	2
Flat Rock	WA	2
Flat Rock Forest Camp	OR	1
Flat Top	CA	2
Flat Top	OR	2
Flat Top Hill	WA	2
Flat Top Mountain	CA	2
Flat Top Mountain	OR	2
Flat Tops	CA	2
Flatiron	CA	2
Flatiron	OR	2
Flatiron	WA	2
Flatiron Butte	CA	2
Flatiron Lake	CA	2
Flatiron Mountain	CA	2
Flatiron Point	OR	2
Flatiron Rock	CA	2
Flattery Rocks National Wildlife Refuge	WA	1
Flattop	CA	2
Flattop Island	WA	2
Flattop Mountain	CA	2
Flattop Mountain	WA	2
Flavel Park	OR	1
Flea Mountain	CA	2
Fleener Butte	CA	2
Fleener Place	CA	0
Fleetwood Park	CA	1
Fleischmann Boy Scout Camp	CA	1
Fleischmann Field	CA	1
Fleischmann Lake	CA	2
Fleishhacker Zoo	CA	1
Fleishman Park	CA	1
Fleming Lake	CA	2
Fleming Memorial Park	OR	1
Fleming Mountain	CA	2
Fleming Park	CA	1
Fleming Point	CA	2
Fleming Sheep Camp	CA	1
Fleta	CA	0
Fletcher	WA	0
Fletcher Bay	WA	0
Fletcher Cove Beach Park	CA	1
Fletcher Hills Open Space	CA	1
Fletcher Hills Park	CA	1
Fletcher Lake	CA	2
Fletcher Park	CA	1
Fletcher Peak	CA	2
Fletcher Place	CA	0
Flick Creek Campground	WA	1
Flick Point	CA	2
Flickinger Park	CA	1
Flinn Springs	CA	0
Flinn Springs County Park	CA	1
Flint	WA	0
Flint Beach	WA	1
Flint Hills	CA	2
Flint Hills	OR	2
Flint Peak	CA	2
Flint Rock Head	CA	2
Flip-O-Way Trail	WA	1
Floater Waterhole	OR	2
Floating Island Lake	CA	2
Flock Mountain	OR	2
Flodberg Park	CA	1
Flodelle Campground	WA	1
Flonellis	CA	0
Flood County Park	CA	1
Flook Lake	OR	2
Flora	OR	0
Flora Lake	CA	2
Flora Mountain	WA	2
Flora Vista Park	CA	1
Floragold Park	CA	1
Floras Lake	OR	2
Floras Lake State Park	OR	1
Flore Playfield	CA	1
Florence	OR	0
Florence	WA	0
Florence Island (historical)	WA	2
Florence Lake	CA	2
Florence Lake	WA	2
Florence Lake Campground	CA	1
Florence Peak	WA	2
Florence Pointe Park	OR	1
Florence Rock	CA	2
Florence-Graham	CA	0
Flores Camp	CA	1
Flores Peak	CA	2
Florin	CA	0
Florin Creek Park	CA	1
Florin Park	CA	1
Florin Reservoir Park	CA	1
Floriston	CA	0
Floto Lake	CA	2
Flounder Bay	WA	2
Flournoy	CA	0
Flournoy Ranch	CA	0
Flower Dome	WA	2
Flower Island	WA	2
Flower Lake	CA	2
Flower Street Park	CA	1
Flowers Mountain	CA	2
Flowing Lake	WA	2
Flowing Lake Park	WA	1
Floyd	CA	0
Floyd Cove	WA	2
Floyd Light Property	OR	1
Floyd Number 2 Park	CA	1
Floyd Rice Park	CA	1
Fluhr	CA	0
Flume Camp	CA	1
Flume Creek Reservoir	WA	2
Flume Peak	CA	2
Flumeville	CA	0
Fly Bay	CA	2
Fly Creek Trail	OR	1
Fly Lake	OR	2
Fly Lake	WA	2
Fly-In Acres	CA	0
Flyblow Camp	CA	1
Flying Cloud Isle	CA	2
Flying Island	CA	2
Flying Mane Trail	CA	1
Flying Mist Isle	CA	2
Flynn	OR	0
Flynn Creek Research Area	OR	1
Fobes Hill	WA	0
Foege Park	OR	1
Foehn Lake	WA	2
Foerster Peak	CA	2
Fogarty Creek State Park	OR	1
Foggy Creek Camp	OR	1
Foggy Dew Campground	WA	1
Foggy Lake	WA	2
Foggy Peak	WA	2
Foglesong Park	CA	1
Foley Butte	OR	2
Foley Lake	OR	2
Foley Peak	OR	2
Foley Ridge Trail	OR	1
Foley Springs	OR	0
Folger Peak	CA	2
Folkenberg	OR	0
Follows Camp	CA	1
Folly Peak	CA	2
Folsom	CA	0
Folsom City Park	CA	1
Folsom City Zoo	CA	1
Folsom Hill	WA	2
Folsom Junction	CA	0
Folsom Lake	WA	2
Folsom Lake State Recreation Area	CA	1
Folsom Playground	CA	1
Folsom Powerhouse State Historic Park	CA	1
Folsom Recreation Center Sports Complex	CA	1
Fondo	CA	0
Fons Butte	CA	2
Fontana	CA	0
Fontana Bird Park	CA	1
Fontana Farms Historic Site	CA	1
Fontanillis Lake	CA	2
Fontenay Villa	CA	0
Fonts Point	CA	2
Fool Gulch Camp	CA	1
Fool Hen Lake	WA	2
Foolish Lake	CA	2
Fools Gold Lake	WA	2
Foot Rock	WA	2
Foot Trail	CA	1
Foothill Farms	CA	0
Foothill Park	CA	1
Foothill Trail	CA	1
Foothills City Park	OR	1
Foothills Open Space Preserve	CA	1
Foothills Park	CA	1
Foothills Park	OR	1
Foothills Senior Mobile Home Park	WA	0
Foots Creek	OR	0
Footsteps Rocks	CA	2
Fopian Campground	OR	1
Foppiano	CA	0
Forbes	WA	0
Forbes Butte	OR	2
Forbes Campground	CA	1
Forbes Creek Group Campground	CA	1
Forbes Lake	WA	2
Forbes Point	WA	2
Forbestown	CA	0
Forbidden Lakes	CA	2
Forbidden Peak	WA	2
Forbush Campground	CA	1
Forbush Flat Rustic Campsite	CA	1
Force Lake	OR	2
Ford	WA	0
Ford City	CA	0
Ford City Park	CA	1
Ford Hill	CA	2
Ford Hill	WA	2
Ford Lake	CA	2
Ford Park	CA	1
Ford Point	CA	2
Fordair	WA	0
Forde Lake	WA	2
Forden Park	CA	1
Fords Dry Lake	WA	2
Fords Mill	OR	0
Fords Prairie	WA	0
Fordyce Lake Trail	CA	1
Fordyce Summit	CA	2
Forebay	CA	0
Foreman Creek Recreation Area	CA	1
Foreman Point	OR	2
Forest	CA	0
Forest	WA	0
Forest Beach	WA	0
Forest Camp Kachess	WA	1
Forest Circle Park	CA	1
Forest Creek Trail	OR	1
Forest Crossing	OR	0
Forest Falls	CA	0
Forest Glade	WA	0
Forest Glen	CA	0
Forest Glen Campground	CA	1
Forest Glen Landing County Park	OR	1
Forest Glen Park	OR	1
Forest Grove	OR	0
Forest Grove Mobile Home Park	WA	0
Forest Heights City Park	OR	1
Forest Hill Playground	CA	1
Forest Hills	CA	0
Forest Hills Park	CA	1
Forest Hills Park	OR	1
Forest Knolls	CA	0
Forest Lake	CA	0
Forest Lake	WA	2
Forest Lane Park	CA	1
Forest Meadows	CA	0
Forest Mountain	WA	2
Forest Park	CA	0
Forest Park	OR	1
Forest Park	WA	1
Forest Peak	OR	2
Forest Ranch	CA	0
Forest Ridge Park	WA	1
Forest Springs	CA	0
Forest Street Park	CA	1
Forest Swimming Pool	CA	1
Forest View Senior 55 Plus Community Mobile Home Park	WA	0
Forest View Trail	CA	1
Forest Villa Manor Mobile Home Park	WA	0
Forest and Cedar Park	WA	1
Foresta	CA	0
Forester Lake	CA	2
Foresthill	CA	0
Foresthill-Back Country	CA	0
Forestry Camp Number Four	CA	1
Forestville	CA	0
Forestville Youth Park	CA	1
Forfar	OR	0
Forgay Point	CA	2
Fork Camp	CA	1
Fork Lake	OR	2
Forked Butte	OR	2
Forked Horn Butte	OR	2
Forks	WA	0
Forks Campground	CA	1
Forks Forest Camp	OR	1
Forks House Trail	CA	1
Forks Rustic Campsite	CA	1
Forlorn Lakes	WA	2
Forlorn Lakes Campground	WA	1
Forney Cove	CA	2
Forni Lake	CA	2
Fornis	CA	0
Forrest Park	CA	1
Forrestal Nature Reserve	CA	1
Forsaken Lake	CA	2
Forsee Creek Trail	CA	1
Forsyth Peak	CA	2
Fort Bidwell	CA	0
Fort Borst Park	WA	1
Fort Bragg	CA	0
Fort Bragg's Noyo Harbor	CA	2
Fort Butte	OR	2
Fort Canby	WA	0
Fort Casey	WA	0
Fort Casey Washington State Campground	WA	1
Fort Clatsop National Memorial (historical)	OR	1
Fort Columbia State Park	WA	1
Fort Colville Historical Monument	WA	1
Fort Dent Athletic Center	WA	1
Fort Dick	CA	0
Fort Flagler	WA	0
Fort Flagler State Park	WA	1
Fort Funston	CA	1
Fort Goff	CA	0
Fort Goff Campground	CA	1
Fort Henrietta Park Echo	OR	1
Fort Hill	OR	0
Fort Hoskins Historic County Park	OR	1
Fort Humboldt State Historic Park	CA	1
Fort Hunter Liggett	CA	0
Fort Independence Campground	CA	1
Fort Irwin	CA	0
Fort Jones	CA	0
Fort Klamath	OR	0
Fort Klamath Park	OR	1
Fort Klamath Park Museum	OR	1
Fort Knox Mobile Home Park	WA	0
Fort Malone Historical Marker	WA	1
Fort Mason Historic District	CA	1
Fort McDermitt Indian Reservation	OR	1
Fort McDowell	CA	0
Fort Miller Campground	CA	1
Fort Moore Pioneer Memorial	CA	1
Fort Mountain	CA	2
Fort Nisqually	WA	0
Fort Okanogan State Park	WA	1
Fort Ord Dunes State Park	CA	1
Fort Point	CA	2
Fort Point	OR	2
Fort Point National Historic Site	CA	1
Fort Point National Historical Site	CA	1
Fort Point Rock	CA	2
Fort Rains	WA	0
Fort Rock	OR	0
Fort Rock State Park	OR	1
Fort Romie	CA	0
Fort Ross (historical)	CA	1
Fort Ross Cove	CA	2
Fort Ross State Historic Park	CA	1
Fort Seward	CA	0
Fort Simcoe Historical State Park	WA	1
Fort Simcoe State Park	WA	1
Fort Spokane	WA	0
Fort Steilacoom County Park	WA	1
Fort Stevens	OR	0
Fort Stevens State Park	OR	1
Fort Tejon State Historic Park	CA	1
Fort Tilton Historical Marker	WA	1
Fort Vancouver National Historic Site	WA	1
Fort Walla Walla Historical Monument	WA	1
Fort Walla Walla Park	WA	1
Fort Ward	WA	0
Fort Ward State Park	WA	1
Fort Wildwood Park	CA	1
Fort Yamhill State Park	OR	1
Fortier Field	OR	1
Fortress Island	WA	2
Fortress Mountain	WA	2
Fortson	WA	0
Fortson Ponds	WA	2
Fortuna	CA	0
Fortuna	WA	0
Fortuna Mountain	CA	2
Fortune Branch	OR	0
Fortune Mountain	WA	2
Fortune Ponds	WA	2
Forty Pond	OR	2
Fortyeighth Street Park	CA	1
Fortyfive Mile Campground	CA	1
Fortyfour Lake	OR	2
Fortytwo Mile Campground	CA	1
Forward Park	CA	1
Fosback Marsh	OR	2
Foss	OR	0
Foss Camp	CA	1
Foss Hill	WA	2
Foss Lake	WA	2
Foss Lake (historical)	CA	2
Foss River Camp	WA	1
Foss River Campground	WA	1
Fossil	OR	0
Fossil Bay	WA	2
Fossil Campground	CA	1
Fossil Hill	CA	2
Fossil Lake	OR	2
Fossil Park	OR	1
Fossil Point	CA	2
Fossil Point	OR	2
Fossil Rock	WA	2
Foster	CA	0
Foster	OR	0
Foster	WA	0
Foster Butte	OR	2
Foster City	CA	0
Foster City Recreation Center	CA	1
Foster Creek Forest Camp	OR	1
Foster Field	OR	1
Foster Hill	WA	2
Foster Island	CA	2
Foster Island	WA	2
Foster Lake	CA	2
Foster Lake	OR	2
Foster Meadow	CA	2
Foster Mountain	CA	2
Foster Park	CA	0
Foster Park	WA	1
Foster Point	WA	2
Foster Pond	OR	2
Foster Truck Trail	CA	1
Foulks Park	CA	1
Foulweather Bluff	WA	2
Found Lake	CA	2
Found Lake	OR	2
Found Lake	WA	2
Found Lakes	WA	2
Foundation Island	WA	2
Founders Grove Nature Trail	CA	1
Founders Memorial Park	CA	1
Founders Park	CA	1
Fountain Grove Community Park	CA	1
Fountain House Hill	CA	2
Fountain Lake	WA	2
Fountain Park Plaza	CA	1
Fountain Peak	CA	2
Fountain Place	CA	0
Fountain Rock	OR	2
Fountain Springs	CA	0
Fountain Valley	CA	0
Fountain Valley Park	CA	1
Fountain of Two Oceans	CA	1
Fountain of Youth Camp	CA	1
Four Acres	CA	0
Four Brothers	WA	2
Four Cabin Corner	OR	0
Four Cornered Peak	CA	2
Four Corners	CA	0
Four Corners	OR	0
Four Corners	WA	0
Four Gables	CA	2
Four H Club Camp	CA	1
Four Jeffrey Campground	CA	1
Four Lakes	CA	2
Four Lakes	WA	0
Four Mile Beach	CA	1
Four Mile Lake Trail	OR	1
Four Mile Trail	CA	1
Four Miles Trail	CA	1
Four O'Clock Lake	OR	2
Four Oaks Park	CA	1
Four Pines	CA	0
Four Point Lake	WA	2
Four Point Trail	WA	1
Four Points	CA	0
Four Seasons Mobile And Recreational Vehicle Park	CA	0
Four in One Cone	OR	2
Four-H Camp	CA	1
Four-Q Lakes	CA	2
Four-bit Flat	OR	2
Fourmile	OR	0
Fourmile Butte	CA	2
Fourmile Butte	OR	2
Fourmile Camp	OR	1
Fourmile Camp	WA	1
Fourmile Hill	CA	2
Fourmile Lake	OR	2
Fourmile Lake	WA	2
Fourmile Point	OR	2
Fourteen Mile Recreation Site	WA	1
Fourteenth	CA	1
Fourth Avenue West Estates Mobile Home Park	WA	0
Fourth Butte	CA	2
Fourth Creek Camp	OR	1
Fourth Crossing	CA	0
Fourth Infantry Bluff	WA	2
Fourth Lake	CA	2
Fourth Lake	OR	2
Fourth Recess Lake	CA	2
Fourth of July Beach	WA	1
Fourth of July Camp	CA	1
Fourth of July Camp	WA	1
Fourth of July Cove	CA	2
Fourth of July Lake	CA	2
Fourth of July Lake	WA	2
Fourth of July Mountain	WA	2
Fourth of July Peak	CA	2
Fourth of July Peak	WA	2
Fourtyfirst Avenue County Park	CA	1
Fouts Camp	CA	1
Fouts Springs	CA	0
Fowler	CA	0
Fowler Lake	CA	2
Fowler Mountain	CA	2
Fowler Peak	CA	2
Fowler Peak Trail	CA	1
Fowler Place	CA	0
Fowlers Campground	CA	1
Fox	OR	0
Fox Butte	OR	2
Fox Camp	OR	1
Fox Chase Mobile Home Park	WA	0
Fox Cove	WA	2
Fox Creek Campground	WA	1
Fox Creek Lake	CA	2
Fox Creek Trail	OR	1
Fox Grove Park	CA	1
Fox Hill	OR	2
Fox Hills Park	CA	1
Fox Island	WA	0
Fox Lake	CA	2
Fox Lake	OR	2
Fox Lakes	WA	2
Fox Mountain	CA	2
Fox Mountain	WA	2
Fox Peak	CA	2
Fox Peak	WA	2
Fox Point	OR	2
Fox Point	WA	2
Fox Pond	OR	2
Fox Rock	OR	2
Fox Valley	OR	0
Foxboro Park	CA	1
Foxborough Park	OR	1
Foxwood	CA	0
Foy	WA	0
Fragaria	WA	0
Fragrance Lake	WA	2
Frailey Mountain	WA	2
Frailey Mountain Truck Trail	WA	1
Frailey Point	OR	2
Frailey Point Trail	OR	1
Frailey Ponds	WA	2
Fraizer Field	CA	1
Frames Peak	CA	2
Fran Wilson Riverside Park	OR	1
Frances	WA	0
Frances Street Park	OR	1
Francesca Terrace Park	CA	1
Franceschi Park	CA	1
Francis Beach	CA	1
Francis Beach Campground	CA	1
Francis Cow Camp	CA	1
Francis Creek Campsite	WA	1
Francis Lake	CA	2
Francis Lake	OR	2
Francis Lake	WA	2
Francis Way	OR	1
Franciscan Park	CA	1
Franciscan Rocks	CA	2
Franciscan Village	CA	0
Frank G Bonelli Regional County Park	CA	1
Frank H. Ogawa Plaza	CA	1
Frank Harris Point	CA	2
Frank Kinney City Park	OR	1
Frank L Knight City Park	OR	1
Frank Lane Park	CA	1
Frank Maher Flat	OR	2
Frank Paul Park	CA	1
Frank Raines OHV Park	CA	1
Frank Raines Park	CA	1
Frank Schmidt Lake	OR	2
Frank Wade Park	OR	1
Frank Youell Athletic Field	CA	1
Frankfort	WA	0
Frankfort Park	CA	1
Frankish Peak	CA	2
Franklin	CA	0
Franklin	OR	0
Franklin	WA	0
Franklin Butte	OR	2
Franklin City Park	OR	1
Franklin Creek Park	CA	1
Franklin Field	CA	1
Franklin Field	WA	1
Franklin Hill	CA	2
Franklin Hill	OR	2
Franklin Lake	CA	2
Franklin Mountain	OR	2
Franklin Park	CA	1
Franklin Park	WA	1
Franklin Point	CA	2
Franklin Point Trail	CA	1
Franklin Square (historical)	CA	1
Franklin Trail	CA	1
Franks Peak	CA	2
Franks Tract State Recreation Area	CA	1
Franson Peak	WA	2
Franz Lake	WA	2
Franz Lake National Wildlife Refuge	WA	1
Fraser Lakes	CA	2
Fraser Point	CA	2
Frasier Mill Campground	CA	1
Frata Lake	CA	2
Frater Lake	WA	2
Frazer Park	OR	1
Frazier Corners	CA	0
Frazier Fork Campground	OR	1
Frazier Lake	OR	2
Frazier Mountain	CA	2
Frazier Mountain	OR	2
Frazier Mountain Park	CA	1
Frazier Park	CA	0
Frazier Point	CA	2
Frazier Point	OR	2
Frazier Turnaround Campground	OR	1
Fraziers Landing	CA	0
Freaner Peak	CA	2
Fred Creek Lake	OR	2
Fred H Rohr Elementary School	CA	1
Fred Pond	OR	2
Fred Williams Trail	CA	1
Freda	CA	0
Fredalba	CA	0
Fredalba Spur	CA	1
Fredalba Trail	CA	1
Freddy Camp	OR	1
Fredenburg Butte	OR	2
Frederick Butte	OR	2
Frederick D Fagg Junior Park	CA	1
Frederick Field	CA	1
Frederick Street Park	CA	1
Fredericks	CA	0
Fredericksburg	CA	0
Frederickson	WA	0
Frederickson Hill	WA	2
Fredonger Butte	CA	2
Fredonia	WA	0
Fredonyer Campground	CA	1
Fredonyer Peak	CA	2
Freds Lake	WA	2
Freds Mountain	WA	2
Freds Mountain Lake	WA	2
Free Orchard City Park	OR	1
Freear Park	CA	1
Freeborn Mountain	CA	2
Freedom	WA	0
Freedom Park	CA	1
Freel Peak	CA	2
Freeland	WA	0
Freeland Mountain	OR	2
Freeman	WA	0
Freeman Butte	OR	2
Freeman Canyon Cultural Preserve	CA	1
Freeman Dry Camp	OR	1
Freeman Hill	WA	2
Freeman Island	CA	2
Freeman Island	WA	2
Freeman Island State Park	WA	1
Freeman Park	CA	1
Freepons City Park	OR	1
Freeport	CA	0
Freeport Park	CA	1
Freeport School Park	CA	1
Freestone	CA	0
Freewater Park	OR	1
Freeway Lakes County Park	OR	1
Freeway Park	WA	1
Freeway Place Mobile Home Park	WA	0
Freezeout Camp	OR	1
Freezeout Lake	OR	2
Freezeout Lake	WA	2
Freezeout Mountain	OR	2
Freezeout Mountain	WA	2
Freezeout Trail	OR	1
Freezeout Trail	WA	1
Freidlander Lake	WA	2
Fremont	CA	0
Fremont Campground	CA	1
Fremont Carson Route	CA	1
Fremont Central Park	CA	1
Fremont Foxon Historical Marker	CA	1
Fremont Lake	CA	2
Fremont Municipal Pool	CA	1
Fremont Older Open Space Preserve	CA	1
Fremont Park	CA	1
Fremont Peak	CA	2
Fremont Peak State Park	CA	1
Fremont Point	OR	2
Fremont Square	CA	1
Fremont Weir State Wildlife Area	CA	1
Fremont-Foxen Monument	CA	1
French Butte	WA	2
French Camp	CA	0
French Camp Campground	CA	1
French Camp Recreation Site	OR	1
French Corral	CA	0
French Creek Campground	WA	1
French Creek Forest Camp	WA	1
French Creek Pond	WA	2
French Creek Trail	OR	1
French Creek Trail	WA	1
French Gulch	CA	0
French Gulch County Park	CA	1
French Gulch Historic District	CA	1
French Hill	CA	0
French Hill Trail	CA	1
French Island	CA	2
French Johns Lake	WA	2
French Lake	CA	2
French Lake	WA	2
French Mountain	CA	2
French Mountain	OR	2
French Park	CA	1
French Peak	OR	2
French Peak	WA	2
French Point	WA	2
French Point Rocks	WA	2
French Potholes	WA	2
French Trail	CA	1
French Valley	CA	0
French Valley Trail	CA	1
Frenchglen	OR	0
Frenchglen Hotel State Park	OR	1
Frenchman Camp Trail	OR	1
Frenchman Campground	CA	1
Frenchman Hill	CA	2
Frenchman Hills Lake	WA	2
Frenchman Mountain	WA	2
Frenchmans Cove	WA	2
Frenchmans Creek Community Park	CA	1
Frenchmans Flat Campground	CA	1
Frenchmans Point	WA	2
Frenchmans Pond	WA	2
Frenchtown	CA	0
Frenchtown Monument	WA	1
Frenchy Butte	OR	2
Frenchy Point	CA	2
Frenchy Point Campground	CA	1
Frenchys Cove	CA	2
Frenchys Cove Beach	CA	1
Frenzel Creek Research Natural Area	CA	1
Fresas Park	CA	1
Fresh Pond	CA	0
Freshwater	CA	0
Freshwater Bay	WA	2
Freshwater Corners	CA	0
Freshwater Lagoon	CA	2
Freshwater Lake	WA	2
Freshwater Park	CA	1
Freshwater Rocks	CA	2
Fresno	CA	0
Fresno Camp	OR	1
Fresno Campground	CA	1
Fresno County Plaza	CA	1
Fresno Crossing	CA	0
Fresno Dome	CA	2
Fresno Dome Campground	CA	1
Fresno Flats Historic Park	CA	1
Fresno Park	CA	1
Freye Lake	OR	2
Friant	CA	0
Frick Lake	CA	2
Friday Camp	CA	1
Friday Harbor	WA	0
Fried LIver Wash	CA	2
Friedberger Park	CA	1
Friedman Field	CA	1
Friend	OR	0
Friend Lake	CA	2
Friend Mountain	CA	2
Friend Place	CA	0
Friendly City Park	OR	1
Friendly Plaza	CA	1
Friendly Village of Redmond Mobile Home Park	WA	0
Friends Park	CA	1
Friends Peak	OR	2
Friendship Park	CA	1
Friendship Park	OR	1
Friis Campground	CA	1
Fringe Viewpoint	WA	1
Frink	CA	0
Frink Park	WA	1
Frisbie Park	CA	1
Frisco Mountain	WA	2
Frisken Wye	WA	0
Frissell Crossing Campground Boat Ramp	OR	1
Frissell Point	OR	2
Frissell Point Trail	OR	1
Fritz Burns Park	CA	1
Fritz Grupe Park	CA	1
Fritz Huntsinger Youth Sports Complex	CA	1
Frizzel Mountain	OR	2
Frog Camp Recreation Site	OR	1
Frog Creek Trail	OR	1
Frog Heaven	WA	2
Frog Lake	CA	2
Frog Lake	OR	2
Frog Lake	WA	2
Frog Lake Buttes	OR	2
Frog Lake Cliff	CA	2
Frog Lakes	CA	2
Frog Meadows Campground	CA	1
Frog Mountain	WA	2
Frog Pond	CA	2
Frog Pond	OR	2
Frog Pond (historical)	CA	2
Frog Pond Butte	OR	2
Frog Pond Mountain	CA	2
Frog Pond Natural Area	CA	1
Frog Pond Park	CA	1
Frog Ponds	OR	2
Frog Rock	CA	2
Frog Waterhole	CA	2
Frog Woman Rock	CA	2
Frona County Park	OR	1
Frontier	WA	0
Frontier Manor Mobile Home Park	WA	0
Frontier Park	CA	1
Frontier Pines Campground	CA	1
Frost Hill	CA	2
Frost Island	WA	2
Frost Mill	OR	0
Frost Mountain	WA	2
Frost Mountain Lookout Trail	WA	1
Frost Slough	CA	2
Frosty Lake	WA	2
Froud Hill	OR	2
Froula Park	WA	1
Frozen Lake	WA	2
Frozen Mountain	WA	2
Fruit Island	CA	2
Fruit Lake	CA	2
Fruit Mountain	CA	2
Fruita	OR	0
Fruitdale	OR	0
Fruitland	CA	0
Fruitland	OR	0
Fruitland	WA	0
Fruitland Gardens Mobile Home Park	WA	0
Fruitland Park	WA	1
Fruitridge Park	CA	1
Fruitridge Pocket	CA	0
Fruitvale	CA	0
Fruitvale	OR	0
Fruitvale	WA	0
Fruitvale Bridge Park	CA	1
Fruitvale Plaza	CA	1
Fruto	CA	0
Fry Creek Campground	CA	1
Fry Creek Trail	CA	1
Fry Field	CA	1
Fry Island	OR	2
Fry Lake	WA	2
Fry Mountain	CA	2
Fryberg Lake	WA	2
Frye Cove	WA	2
Frye Lake	WA	2
Fryelands	WA	0
Frying Pan Lake	CA	2
Frying Pan Lake	OR	2
Fryingpan Lake	WA	2
Fryingpan Mountain	WA	2
Fryrear Butte	OR	2
Frys Harbor	CA	2
Frys Point	CA	2
Fryxell Overlook	WA	2
Fuchs	CA	0
Fudge Point	WA	2
Fuego Mountain	OR	2
Fuhrman Lake	WA	2
Fuji Mountain	OR	2
Fuji Mountain Trail	OR	1
Fulger Point	CA	2
Fullbright Park	WA	1
Fuller	CA	0
Fuller	WA	0
Fuller Acres	CA	0
Fuller Buttes	CA	2
Fuller Lake	OR	2
Fuller Lake Campground	CA	1
Fuller Mill Creek Camp	CA	1
Fuller Mountain	CA	2
Fuller Mountain	WA	2
Fuller Park	CA	1
Fuller RIdge Campground	CA	1
Fullermill Creek Campsite	CA	1
Fullerton	CA	0
Fullerton Greenbelt Park	CA	1
Fulton	CA	0
Fulton	OR	0
Fulton City Park	OR	1
Fulton Mall	CA	1
Fulton Park	CA	1
Fulton Peak	CA	2
Fulton Playground	CA	1
Fulton Wells	CA	0
Fumarole Bay	OR	2
Funeral Mountains Wilderness	CA	1
Funeral Peak	CA	2
Funk Hill	CA	2
Funk Mountain	WA	2
Funk Mountain Trail (historical)	WA	1
Funnel Lake	CA	2
Funny Butte	OR	2
Funston Lake	CA	2
Funston Playground	CA	1
Fur Mountain	OR	2
Furber Marsh	OR	2
Furlong Field	CA	1
Furman Park	CA	1
Furnace Creek	CA	0
Furnace Creek Campground	CA	1
Furnberg Park	OR	1
Furport	WA	0
Furport Hill	WA	2
Fury Lake	WA	2
Fustero Point	CA	2
Fuzztail Butte	OR	2
Fuzzy Butte	WA	2
Fuzzy Top	WA	2
G W Carver Park	CA	1
Gabbro Peak	CA	2
Gabes Rock	CA	2
Gabilan Acres	CA	0
Gabilan Creek Wilderness Sanctuary	CA	1
Gable Butte	WA	2
Gable Mountain	WA	2
Gabriel City Park	OR	1
Gabriel Peak	WA	2
Gabrielino National Scenic Trail	CA	1
Gabrielson Park	CA	1
Gaddis Park	OR	1
Gaffney Point	CA	2
Gages Lake	WA	2
Gaggs Campground	CA	1
Gaileys Island	WA	2
Gainor Peak	CA	2
Gala Park	OR	1
Galanis Park	CA	1
Galaxie View Park	CA	1
Galbraith Mountain	WA	2
Gale	CA	0
Gale Hill	OR	2
Gale Lake	CA	2
Gale Peak	CA	2
Galena	OR	0
Galena	WA	0
Galena Camp	WA	1
Galena Chain Lakes	WA	2
Galena Hill	CA	2
Galena Mountain	OR	2
Galena Peak	CA	2
Galena Point	WA	2
Galeppi Cattle Trail	CA	1
Gales Creek	OR	0
Gales Creek Campground	OR	1
Gales Creek Childrens Camp	OR	1
Gales Peak	OR	2
Galesville	OR	0
Galice	OR	0
Galileo Hill	CA	2
Galileo Park	CA	1
Galivan	CA	0
Gallagher Beach	CA	1
Gallagher Cove	WA	2
Gallagher Flat State Wildlife Recreation Area	WA	1
Gallaher Head	WA	2
Gallaher Head Lake	WA	2
Gallant Park	CA	1
Gallatin Beach	CA	1
Gallatin Peak	CA	2
Gallats Lake	CA	2
Gallaway	CA	0
Galley Mountain	CA	2
Galliher Point	WA	2
Gallinas Beach	CA	1
Gallison Lake	CA	2
Galster Wilderness Park	CA	1
Galt	CA	0
Galvan Community Park	CA	1
Galvan Park	CA	1
Galvez Mall	CA	1
Galvin	WA	0
Galvin Park	CA	1
Galway Lake	CA	2
Gambit Park	CA	1
Gamboa Campground	CA	1
Gamboa Point	CA	2
Gamboa Trail	CA	1
Game Lake	OR	2
Gamebird Park	OR	1
Gamm Creek Camp	WA	1
Gamma Peak	WA	2
Gammans City Park	OR	1
Gander Lake	OR	2
Ganesha Park	CA	1
Gangloff Park	OR	1
Ganns	CA	0
Gansner Bar Campground	CA	1
Gansner Park	CA	1
Gap	OR	0
Garber Park	CA	1
Garberville	CA	0
Garbolino Park	CA	1
Garcia	WA	0
Garcia Bend Park	CA	1
Garcia Wilderness	CA	1
Garden Acres	CA	0
Garden Acres Park	CA	1
Garden City	WA	0
Garden Club Park	OR	1
Garden Farms	CA	0
Garden Grove	CA	0
Garden Grove Park	CA	1
Garden Gulch Trail	CA	1
Garden Home	OR	0
Garden Home Park	OR	1
Garden Home Recreation Center	OR	1
Garden Home-Whitford	OR	0
Garden Island	WA	2
Garden Point Campground	CA	1
Garden Spot Park	OR	1
Garden Valley	CA	0
Garden Valley Park	CA	1
Garden Way Park	OR	1
Garden of the Gods	CA	2
Gardena	CA	0
Gardena	WA	0
Gardener Butte	OR	2
Gardenland Park	CA	1
Gardiner	OR	0
Gardiner	WA	0
Gardiner Park	CA	1
Gardisky Lake	CA	2
Gardner Lake	WA	2
Gardner Mountain	CA	2
Gardner Mountain	WA	2
Gardner Mountain Trail	WA	1
Gardner Peak	OR	2
Gardner State Wildlife Area	WA	1
Gardner Weeks Park	WA	1
Gardners Mobile Home Park	WA	0
Gardners Point	CA	2
Garelli Field	CA	1
Garey	CA	0
Garfield	WA	0
Garfield City Park	OR	1
Garfield Gas Mound	WA	2
Garfield Little League Park	CA	1
Garfield Mountain	WA	2
Garfield Municipal Playground	CA	1
Garfield Park	CA	1
Garfield Park	OR	1
Garfield Peak	OR	2
Garfield Peak Trail	OR	1
Garfield Playground	CA	1
Garfield Square	CA	1
Garibaldi	OR	0
Garibaldi Point	CA	2
Garland Lake	WA	2
Garland Peak	WA	2
Garland Ranch Regional Park	CA	1
Garlinghouse Lake	OR	2
Garlock	CA	0
Garlock Historical Marker	CA	1
Garlow Butte	OR	2
Garner Butte	CA	2
Garner Camp	WA	1
Garner Island	CA	2
Garner Mountain	CA	2
Garnet	CA	0
Garnet Hill	CA	2
Garnet Lake	CA	2
Garnet Mountain	CA	2
Garnet Peak	CA	2
Garnet Peak Trail	CA	1
Garnet Point	CA	2
Garnett Camp	CA	1
Garrapata State Park	CA	1
Garretson Field	CA	1
Garrett	WA	0
Garrett Mountain	CA	2
Garrett Park	CA	1
Garrison Bay	WA	2
Garrison Butte	OR	2
Garrison Lake	OR	2
Garrison Park	CA	1
Garrity Peak	CA	2
Garry Lake Waterhole	OR	2
Garvanza Park	CA	1
Garvey Park	CA	1
Garvey Ranch Park	CA	1
Garwood Butte	OR	2
Gary A Ward Park	OR	1
Gary Island	OR	2
Gary Island Park	OR	1
Garza Peak	CA	2
Gas Point	CA	0
Gas Works Park	WA	1
Gashouse Cove	CA	2
Gaskill Peak	CA	2
Gaslamp Quarter Historic District	CA	1
Gasquet	CA	0
Gasquet Mountain	CA	2
Gasset Bluff	OR	2
Gaston	CA	0
Gaston	OR	0
Gate Creek Campground	WA	1
Gate Creek Forest Camp	OR	1
Gate Creek Park	OR	1
Gate Lake	CA	2
Gate Place	CA	0
Gateley	CA	0
Gates	OR	0
Gates Canyon Park	CA	1
Gates Group Campground	CA	1
Gates Lake	CA	2
Gates Mountain	CA	2
Gates Park Property	OR	1
Gateway	OR	0
Gateway City Park	OR	1
Gateway Park	CA	1
Gateway State Wayside (historical)	OR	1
Gato	CA	0
Gato Trail	CA	1
Gatton Creek Campground	WA	1
Gauche Park	CA	1
Gautche Point	CA	2
Gavilan Hills	CA	0
Gavilan Mountain	CA	2
Gavilan Peak	CA	2
Gaviota	CA	0
Gaviota Beach	CA	1
Gaviota Peak	CA	2
Gaviota State Park	CA	1
Gawa Church Camp	OR	1
Gay Lake	OR	2
Gay Mountain	CA	2
Gaylor Lakes Trail	CA	1
Gaylor Peak	CA	2
Gaylord	OR	0
Gaywas Peak	OR	2
Gazebo Park	CA	1
Gazelle	CA	0
Gazelle Mountain	CA	2
Gazley	OR	0
Gazos Creek Angling Unit (historical)	CA	1
Gazos Trail	CA	1
Gazzam Lake	WA	2
Gearhart	OR	0
Gearhart Marsh	OR	2
Gearhart Mountain	OR	2
Gearhart Mountain Wilderness	OR	1
Gearhart Trail	OR	1
Gearheart Ocean State Park	OR	1
Gediman Park	CA	1
Gedney Creek County Park	OR	1
Gedney Island	WA	2
Gee Point	WA	2
Gee Point Lake	WA	2
Gee Point Trail	WA	1
Geese Islets	WA	2
Gefo Lake	CA	2
Gehringer Park	CA	1
Gehrke Lake	WA	2
Geib	WA	0
Geiger Heights	WA	0
Geisel Monument State Park	OR	1
Gelbert Mountain	WA	2
Gellert Park	CA	1
Gem Hill	CA	2
Gem Lake	CA	2
Gem Lake	WA	2
Gemini	CA	2
Gendarme Peak	CA	2
Gene Coulon Memorial Beach Park	WA	1
Gene Robertson Park	CA	1
General Creek Campground	CA	1
General Creek Trail	CA	1
General Grant Grove Section Kings Canyon Nat	CA	1
General Grant Tree Trail	CA	1
General Roca Park	CA	1
Genes Mobile Home Park	CA	0
Genesee	CA	0
Genesee Avenue Park	CA	1
Genesee Park	WA	1
Geneva	OR	0
Geneva	WA	0
Geneva Junction	WA	0
Genevra	CA	0
Gentemann Property	OR	1
Gentle Woods Park	OR	1
Gentrytown Park	CA	1
Geodetic Hill	WA	2
George	OR	0
George	WA	0
George Christopher Playground	CA	1
George City Park	OR	1
George Creek State Wildlife Area	WA	1
George E Elder Park	CA	1
George F Canyon Open Space	CA	1
George H Eckstein Park	OR	1
George Himes City Park	OR	1
George Izay Park	CA	1
George J Koch Park	CA	1
George J. Hatfield State Recreation Area	CA	1
George Key Ranch Historic Park	CA	1
George Kitchen Upper Park	OR	1
George Lake	CA	2
George Lake	OR	2
George Lake	WA	2
George Lane Park	CA	1
George M Sullivan Recreation Complex	CA	1
George Manooshian Park	CA	1
George Miller Junior Memorial Regional Shoreline	CA	1
George Park	OR	1
George Peterson Butte	WA	2
George R Moscone Recreation Center	CA	1
George R Vogel Group Camp	OR	1
George R. Stewart Peak	CA	2
George Rogers City Park	OR	1
George Sterling Memorial	CA	1
George W Joseph State Park	OR	1
George Washington Hill	CA	2
George Whittell Marsh	CA	2
George Wright Camp/Treaty Site	WA	1
Georges Knob	OR	2
Georges Peak	WA	2
Georges Peak Trail	WA	1
Georgetown	CA	0
Georgetown	WA	0
Georgia Lake	OR	2
Georgiana Slough Fishing Access	CA	1
Georgw W Otten Park	OR	1
Gepford	CA	0
Geppert Butte	OR	2
Geraldine Lakes	CA	2
Gerber	CA	0
Gerber Rim	OR	2
Gerbracht Camp	CA	1
Gerdine Butte	OR	2
Geren Island	OR	2
Gerig Camp	CA	1
Gerle Creek Campground	CA	1
Gerlinger County Park	OR	1
Gerome Bay	WA	2
Gerow Butte	OR	2
Gerry Mountain	OR	2
Gershon Place Mini Park	CA	1
Gershwin Park	CA	1
Gerstle Cove	CA	2
Gerstle Cove Reserve	CA	1
Gerstle Park	CA	1
Gertrude	WA	0
Gertrude Island	WA	2
Gertrude Lake	CA	2
Gertrude Lake	OR	2
Gertrude Lake	WA	2
Gervais	OR	0
Getaway Point	WA	2
Getchell	WA	0
Getchell Hill	WA	2
Gettys Butte	WA	2
Geyser Peak	CA	2
Geyserville	CA	0
Ghost Camp	CA	1
Ghost Camp	OR	1
Ghost Lake	WA	2
Ghost Mountain	CA	2
Ghost Mountain Campground	CA	1
Ghost Point	WA	2
Giagantea Campground	CA	1
Gianone Park	CA	1
Giant Gap Family Campground	CA	1
Giants Graveyard	WA	2
Gibbel Park	CA	1
Gibbon	OR	0
Gibbon	WA	0
Gibbon Peak	CA	2
Gibbons Park	CA	1
Gibbs Bay	WA	2
Gibbs Lake	CA	2
Gibbs Lake	WA	2
Gibbs Park	CA	1
Gibbs Ranch	CA	0
Gibert Mountain	WA	2
Gibraltar	CA	2
Gibraltar	WA	0
Gibraltar Mountain	OR	2
Gibraltar Mountain	WA	2
Gibraltar Rock	WA	2
Gibralter Point	CA	2
Gibson	CA	0
Gibson Hill	CA	2
Gibson Hill	OR	2
Gibson Island	OR	2
Gibson Lake	CA	2
Gibson Lake	OR	2
Gibson Peak	CA	2
Gibson Peak	WA	2
Gibson Point	WA	2
Gibson Prairie Horse Camp	OR	1
Gibson Ranch County Park	CA	1
Gibson Trail	CA	1
Gibsonville	CA	0
Giebeler Lake	OR	2
Gierin Hill	WA	2
Gieselmann Lake	CA	2
Giffen Cantua Ranch	CA	0
Giffin Lake	WA	2
Gifford	WA	0
Gifford Campground	WA	1
Gifford Lakes	OR	2
Gifford Lakes	WA	2
Gifford Peak	WA	2
Gift Butte	OR	2
Gig Harbor	WA	0
Gilbert	WA	0
Gilbert Butte	WA	2
Gilbert Campground	CA	1
Gilbert City Park	OR	1
Gilbert Creek Park	OR	1
Gilbert Heights City Park	OR	1
Gilbert Lake	CA	2
Gilbert Lake	WA	2
Gilbert Park	CA	1
Gilbert Park	WA	1
Gilbert Peak	CA	2
Gilbert Peak	WA	2
Gilbert Primary Park	OR	1
Gilbert River Boat Ramp	OR	1
Gilberton	WA	0
Gilberts	CA	0
Gilchrist	OR	0
Gilchrist Butte	OR	2
Gilcrest Peak	CA	2
Gile Lake	WA	2
Gilen Water Springs	WA	2
Giles Pond	CA	2
Gilham Butte	CA	2
Gilham City Park	OR	1
Gillem Bluff	CA	2
Gillem Bluff Trail	CA	1
Gillem Lakes	CA	2
Gillems Camp	CA	1
Gillespie Butte	OR	2
Gillespie Butte City Park	OR	1
Gillespie Point	CA	2
Gillete	CA	0
Gillett Mountain	CA	2
Gillette Lake	WA	2
Gillette Mine Trail	CA	1
Gillette Mountain	WA	2
Gilliam	WA	0
Gilliam Creek Trail	CA	1
Gilliam Creek Trail Camp	CA	1
Gilliam Place	CA	0
Gilliam Rock	CA	2
Gilligan Butte	OR	2
Gillis	CA	0
Gills Landing	OR	1
Gilman Hot Springs	CA	0
Gilman Lake	CA	2
Gilman Peak	CA	2
Gilman Playground	CA	1
Gilman Playground	WA	1
Gilman Ranch Historic Park	CA	1
Gilmer	WA	0
Gilmore Cutoff Trail	OR	1
Gilmore Field (historical)	CA	1
Gilmore Field City Park	OR	1
Gilmore Lake	CA	2
Gilmore Peak	CA	2
Gilmore Peak	OR	2
Gilmore Stadium (historical)	CA	1
Gilmores Camp	CA	1
Gilner Point	CA	2
Gilroy	CA	0
Gilson Pond	OR	2
Ginder Lake	WA	2
Ginger	WA	0
Ginger Peak	OR	2
Gingrich Park	CA	1
Ginkgo Petrified Forest State Park	WA	1
Ginkgo Trail	OR	1
Ginnett Hill	WA	2
Ginnette Lake	WA	2
Ginsberg Point	OR	2
Giorgi Park	CA	1
Girard Trail	CA	1
Giraud Peak	CA	2
Girl Scout Camp	CA	1
Gisler Park	CA	1
Githens Mountain	OR	2
Givens Corner	WA	0
Givens Lake	CA	2
Givens Playfield	WA	1
Glacial Heritage State Wildlife Area	WA	1
Glaciate Butte	WA	2
Glacier	WA	0
Glacier Camp	CA	1
Glacier Island	WA	2
Glacier Lake	CA	2
Glacier Lake	OR	2
Glacier Lake	WA	2
Glacier Lake Trail	WA	1
Glacier Lakes Trail	CA	1
Glacier Monument	CA	2
Glacier Mountain	OR	2
Glacier Pass	CA	1
Glacier Peak	WA	2
Glacier Peak Wilderness	WA	1
Glacier Point	CA	2
Glacier Ridge Trail	WA	1
Glacier Trails Boy Scouts of America Camp	CA	1
Glacier View	WA	2
Glacier View Campground	WA	1
Glacier View Park	WA	1
Glacier View Trail	WA	1
Glacier View Wilderness	WA	1
Glacier Way	OR	1
Glad Ponds	WA	2
Glade	WA	0
Glade Creek Trail	OR	1
Glade Ski Trail	OR	1
Gladiator Beach	CA	1
Gladstone	OR	0
Gladstone Mountain	WA	2
Gladstone Park	CA	1
Gladstone Park Seventh Day Adventist Camp	OR	1
Gladys Lake	CA	2
Gladys Lake	WA	2
Gladys Park	OR	1
Glamis	CA	0
Glascock Mountain	CA	2
Glaser Lakes	CA	2
Glasgo Lakes	WA	2
Glasgow	OR	0
Glasgow Butte	OR	2
Glasgow Point	OR	2
Glass Butte	OR	2
Glass Buttes	OR	2
Glass Creek Campground	CA	1
Glass Hill	OR	2
Glass Mountain	CA	2
Glass Mountain	OR	2
Glass Playfield	WA	1
Glassell Park	CA	1
Glasses Lake	WA	2
Glaze Lake	OR	2
Glazer Point	CA	2
Glazier Park	CA	1
Gleason Beach	CA	1
Gleason Butte	OR	2
Gleason Hill	WA	2
Gleason Mountain	WA	2
Gleason Park	CA	1
Gleason Peak	CA	2
Gleed	WA	0
Glen Acres	WA	0
Glen Alla Park	CA	1
Glen Anderson Park	CA	1
Glen Arbor	CA	0
Glen Aulin High Sierra Camp	CA	1
Glen Avon	CA	0
Glen Avon	OR	0
Glen Camp Trail	CA	1
Glen Campground	CA	1
Glen Canyon Park	CA	1
Glen Cove	CA	2
Glen Cove	WA	0
Glen Cove Park	CA	1
Glen Cove Waterfront Park	CA	1
Glen Dora Sports Park	CA	1
Glen Echo	OR	0
Glen Echo Wetlands	OR	1
Glen Ellen	CA	0
Glen Frazer	CA	0
Glen Helen Off Highway Vehicle Park	CA	1
Glen Helen Regional Park	CA	1
Glen Lake	CA	2
Glen Martin	CA	0
Glen Oak City Park	OR	1
Glen Oaks	CA	0
Glen Otto City Park	OR	1
Glen Park	CA	1
Glen Valley	CA	0
Glen View Park	CA	1
Glenada	OR	0
Glenada Ponds	OR	2
Glenberry Lake	CA	2
Glenblair	CA	0
Glenborough	CA	0
Glenbrook	CA	0
Glenbrook	OR	0
Glenbrook Log Pond	OR	2
Glenbrook Park	CA	1
Glenburn	CA	0
Glencoe	CA	0
Glencoe	OR	0
Glencoe Creek Park	OR	1
Glencove	WA	0
Glendale	CA	0
Glendale	OR	0
Glendale	WA	0
Glendale Central Park	CA	1
Glendale Mobile Home Park	WA	0
Glendale Ponds	OR	2
Glendora	CA	0
Glendora Mountain	CA	2
Gleneden Beach	OR	0
Gleneden Beach State Park	OR	1
Gleneden County Park	OR	1
Gleneden Lake	OR	2
Glenfair City Park	OR	1
Glenhaven	CA	0
Glenhaven City Park	OR	1
Glenhaven Park	CA	1
Glenhurst Park	CA	1
Glenmorrie City Park	OR	1
Glenmorrie Greenway	OR	1
Glenn	CA	0
Glennette Lake	CA	2
Glenns Hole	OR	2
Glennville	CA	0
Glenoak Hills	CA	0
Glenoak Hills Park	CA	1
Glenoaks Country	CA	0
Glenoaks Park	CA	1
Glenoma	WA	0
Glenoma Community Park	WA	1
Glenridge Park	CA	0
Glenview	CA	0
Glenview Park	CA	1
Glenwood	CA	0
Glenwood	OR	0
Glenwood	WA	0
Glenwood Mobile Estates	CA	0
Glenwood Mobile Estates	WA	0
Glenwood Park	CA	1
Glenwood Park	OR	1
Glide	OR	0
Globe	CA	0
Globe	WA	0
Globe Mill	CA	0
Gloria Heer Park	CA	1
Gloria Jean Tate Park	CA	1
Glorietta	CA	0
Glorietta Bay	CA	2
Glorietta Bay Park	CA	1
Glorietta Park	CA	1
Glory Lake	WA	2
Glory Mountain	WA	2
Glory of Gods Grace Sculpture	CA	1
Gloster	CA	0
Gloven Field	WA	1
Glover Mountain	WA	2
Glover State Wildlife Area	WA	1
Gloyd	WA	0
Gloyd Seeps State Wildlife Area	WA	1
Gnarl Ridge Trail	OR	1
Gnat Creek Campground	OR	1
Gnat Flat Trail	WA	1
Gnat Lake	OR	2
Gnome Tarn	WA	2
Goat Butte	WA	2
Goat Buttes	CA	2
Goat Camp	CA	1
Goat Campground	CA	1
Goat Creek Trail	WA	1
Goat Dike	WA	2
Goat Harbor	CA	2
Goat Hill	CA	2
Goat Hill	WA	2
Goat Hill Trail	CA	1
Goat Island	CA	2
Goat Island	OR	2
Goat Island	WA	2
Goat Island Mountain	WA	2
Goat Island Wildlife Area	WA	1
Goat Knob	OR	2
Goat Lake	WA	2
Goat Lakes	WA	2
Goat Marsh	WA	2
Goat Marsh Lake	WA	2
Goat Marsh Research Natural Area	WA	1
Goat Meadow Snow Play Mountain	CA	2
Goat Mountain	CA	2
Goat Mountain	OR	2
Goat Mountain	WA	2
Goat Mountain Lake	WA	2
Goat Mountain Trail	CA	1
Goat Peak	CA	2
Goat Peak	OR	2
Goat Peak	WA	2
Goat Peak Trail	WA	1
Goat Point	CA	2
Goat Point	OR	2
Goat Point	WA	2
Goat Point Trail	WA	1
Goat Ranch Campground	CA	1
Goat Ranch Recreation Area	CA	1
Goat Rock	CA	0
Goat Rock Beach	CA	1
Goat Rocks	WA	2
Goat Rocks Wilderness	WA	1
Goat Roost Rock	CA	2
Goat Wall	WA	2
Gobblers Knob	CA	2
Gobblers Knob	OR	2
Gobblers Knob	WA	2
Gobel Creek Trail	OR	1
Goble	OR	0
Goble Beach	OR	1
Goble Mountain	WA	2
Goblin Lake	WA	2
Goblin Mountain	WA	2
God Butte	OR	2
Goddard Park	WA	1
Goddards Peak	WA	2
Godfrey Park	CA	1
Godfrey Park	OR	1
Godman Campground	WA	1
Goethe Lake	CA	2
Goethe Park	CA	1
Goethe School Park	CA	1
Goetz Lake	WA	2
Goff Butte	CA	2
Goff Island	CA	2
Goff Peak	WA	2
Goffs	CA	0
Goffs Butte	CA	2
Goggins	CA	0
Golars Goat Trail	OR	1
Gold Arrow Camp	CA	1
Gold Axe Camp	WA	1
Gold Bar	WA	0
Gold Basin Butte	OR	2
Gold Basin Campground	WA	1
Gold Basin Recreation Area	WA	1
Gold Beach	OR	0
Gold Bluffs	CA	2
Gold Bluffs Beach	CA	1
Gold Butte	OR	2
Gold Canyon Trail	CA	1
Gold Country Fairgrounds	CA	1
Gold Creek County Park	WA	1
Gold Creek Trail	WA	1
Gold Dollar Trail	CA	1
Gold Granite Lake	CA	2
Gold Hill	CA	0
Gold Hill	OR	0
Gold Hill	WA	2
Gold Hill Administrative Site Campground	CA	1
Gold Hill Campsite	CA	1
Gold Hill Regional Park	OR	1
Gold Hill Trail (historical)	OR	1
Gold Lake	CA	2
Gold Lake	OR	2
Gold Lake	WA	2
Gold Lake Bog	OR	2
Gold Lake Bog Research Natural Area	OR	1
Gold Lake Trail	OR	1
Gold Ledge Campground	CA	1
Gold Mountain	CA	0
Gold Mountain	OR	2
Gold Mountain	WA	2
Gold Mountain Memorial Park	CA	1
Gold Nugget County Recreation Area	OR	1
Gold Peak	CA	2
Gold Peak	OR	2
Gold Point	OR	2
Gold Point Trail	OR	1
Gold Ridge	CA	0
Gold River	CA	0
Gold Run	CA	0
Gold Star Peak	CA	2
Gold Trail Park	CA	0
Goldbar Park	CA	1
Golden	OR	0
Golden Bear Lake	CA	2
Golden Bell Mobile Home Park	WA	0
Golden Chain Mobile Home Park	CA	0
Golden Doe State Wildlife Area	WA	1
Golden Gardens City Park	OR	1
Golden Gardens Park	WA	1
Golden Gate Hill	CA	2
Golden Gate National Recreation Area	CA	1
Golden Gate Park	CA	1
Golden Gate Trail	WA	1
Golden Girls Softball Field	CA	1
Golden Harvest Trail	WA	1
Golden Hills	CA	0
Golden Hills Park	CA	1
Golden Horn	WA	2
Golden Horseshoe Mobile Home Park	WA	0
Golden Lake	CA	2
Golden Lake	OR	2
Golden Lakes	WA	2
Golden Mobile Home Park	WA	0
Golden Oaks Mobile Estates	CA	0
Golden Oaks Mobile Home Park	CA	0
Golden Oaks Park	CA	1
Golden Park	CA	1
Golden Point	WA	2
Golden Rose Mobile Home Park	WA	0
Golden Rule Park	CA	1
Golden Russian Lake	CA	2
Golden Stairs Trail	CA	1
Golden Stairs Trail	OR	1
Golden Stairway Trail	WA	1
Golden State Island	CA	2
Golden Torch Trailer Park	CA	0
Golden Trout Camp	CA	1
Golden Trout Lake	CA	2
Golden Trout Wilderness	CA	1
Golden Valley Acres	CA	0
Golden Valley Mobile Home Park	WA	0
Golden Valley Wilderness	CA	1
Golden View Park	CA	1
Golden West Park	CA	1
Golden and Silver Falls State Park	OR	1
Goldendale	WA	0
Goldendale Hatchery State Wildlife Area	WA	1
Goldeneye Lake	OR	2
Goldeneye Lake	WA	2
Goldenrod Park	CA	1
Goldfield Campground	CA	1
Goldfield Mill	WA	0
Goldfish Campground	CA	1
Goldfish Point	CA	2
Goldmont Forest	CA	0
Goldson	OR	0
Goldstake	WA	0
Goldstein Peak	CA	2
Goldstone	CA	0
Goldtree	CA	0
Goler Heights	CA	0
Goleta	CA	0
Goleta Beach County Park	CA	1
Goleta Point	CA	2
Goleta Slough	CA	2
Golgotha Butte	WA	2
Goman Peak	WA	2
Gomes Park	CA	1
Gomez	CA	0
Gomez Trail	CA	1
Gompers Park	CA	1
Gonzales	CA	0
Gonzales Park	CA	1
Goober Pond	WA	2
Gooch Camp	CA	1
Gooch Mountain	CA	2
Good Hope	CA	0
Good Hope	WA	0
Good Luck Point	CA	2
Good Meadow	CA	0
Good Neighbors Park	CA	1
Goodale	CA	0
Goodale Creek Campground	CA	1
Goodale Mountain	CA	2
Goodbye Lake	CA	2
Goode Mountain	WA	2
Goodell Campground	WA	1
Goodenough Park	WA	1
Goodenough Peak	WA	2
Goodfellow Lakes	OR	2
Goodland Acres Park	CA	1
Goodlow Mountain	OR	2
Goodlow Mountain Research Natural Area	OR	1
Goodlow Pond	OR	2
Goodlow Rim	OR	2
Goodman Hill	WA	2
Goodman Lake	OR	2
Goodman Lake	WA	2
Goodmans Corner	CA	0
Goodmill	CA	0
Goodnoe	WA	0
Goodnoe Hills	WA	0
Goodnoe Treaty Fishing Access Site	WA	1
Goodpasture Island (historical)	OR	2
Goodrich Lake	OR	2
Goodrich Mobile Park	WA	0
Goodrich Mountain	CA	2
Goodrich Trail	WA	1
Goods Mountain	CA	2
Goodspeed Park	OR	1
Goodview Point	OR	2
Goodwin Field	CA	1
Goodwin Lake	WA	2
Goodwin Peak	OR	2
Goodyears Bar	CA	0
Gookins Dry Lake	CA	2
Goose Creek Campground	WA	1
Goose Creek Point	WA	2
Goose Egg	OR	2
Goose Egg Butte	OR	2
Goose Egg Hill	WA	2
Goose Egg Island	OR	2
Goose Egg Mountain	WA	2
Goose Flats Park	CA	1
Goose Hill	WA	2
Goose Island	OR	2
Goose Island	WA	2
Goose Lake	CA	2
Goose Lake	OR	2
Goose Lake	WA	2
Goose Lake (historical)	CA	2
Goose Lake Campground	WA	1
Goose Lake State Park	OR	1
Goose Lake Timber Camp	OR	1
Goose Lake Trail	OR	1
Goose Meadows Campground	CA	1
Goose Mountain	CA	2
Goose Nest	OR	2
Goose Point	OR	2
Goose Point	WA	2
Goose Pond	CA	2
Goose Pond	WA	2
Goose Prairie	WA	0
Goose Prairie Trail	WA	1
Goose Rock	OR	2
Goose Rock	WA	2
Gooseberry	OR	0
Gooseberry Campground	CA	1
Gooseberry Lake	WA	2
Gooseberry Mountain	OR	2
Gooseberry Point	WA	2
Gooseberry Trail	CA	1
Gooseneck	WA	0
Gooseneck Cove Campground	CA	1
Gooseneck Point	CA	2
Goosenest	CA	2
Goosenest Trail	CA	1
Goosetail Rock	WA	2
Gopher Flats	OR	0
Gopher Hill	CA	2
Gopher Mountain	WA	2
Gorda	CA	0
Gorda Rock	CA	2
Gordan Peak	OR	2
Gordan Peak Trail	OR	1
Gordola	CA	0
Gordon	CA	0
Gordon	WA	0
Gordon Butte	OR	2
Gordon Butte	WA	2
Gordon Butte Trail	OR	1
Gordon Faber Recreation Complex	OR	1
Gordon Hill	CA	2
Gordon Island	WA	2
Gordon Lake	CA	2
Gordon Lake	WA	2
Gordon Lakes	OR	2
Gordon Mountain	CA	2
Gordon Point	CA	2
Gordon Point	WA	2
Gordon Sports Park	CA	1
Gorge Camp	OR	1
Gorge Campground	WA	1
Gorge Trail	CA	1
Gorham Butte	OR	2
Gorman	CA	0
Gorman Cultural Preserve	CA	1
Gorr Island	OR	2
Gorst	WA	0
Goshen	CA	0
Goshen	OR	0
Goshen	WA	0
Gosling Lakes	OR	2
Goss Trail	OR	1
Gossip Island	WA	2
Gossip Islands	WA	2
Gothic Peak	WA	2
Gothic Rinaldi Park	CA	1
Gottsville	CA	0
Gouging Lake	WA	2
Gould City	WA	0
Gould Hill	CA	2
Gould Lake	OR	2
Gould Park	CA	1
Gould Swamp	CA	2
Govan	WA	0
Gove Peak	WA	2
Government Camp	CA	1
Government Camp	OR	0
Government Camp Safety Rest Area	OR	1
Government Camp Sanitary District	OR	1
Government Canyon Trail	CA	1
Government Cove	OR	2
Government Hill	OR	2
Government Island	OR	2
Government Island Game Management Area	OR	1
Government Island State Park	OR	1
Government Lake	CA	2
Government Meadow Camp	WA	1
Government Mountain	OR	2
Government Peak	CA	2
Government Point	CA	2
Government Point	OR	2
Governor Patterson Memorial State Recreation Site	OR	1
Governor Tom McCall Waterfront Park	OR	1
Governor's Mansion State Historic Park	CA	1
Governors Bay	OR	2
Governors Camp	CA	1
Governors Park	OR	1
Governors Point	WA	2
Gower Truck Trail	CA	1
Gowers Hill	WA	2
Gozem Peak	CA	2
Grabenhorst Corner	OR	0
Grabtown	CA	0
Grace	CA	0
Grace	WA	0
Grace Hill	CA	2
Grace Lake	CA	2
Grace Lakes	WA	2
Graceada Park	CA	1
Gracemont City Park	OR	1
Grader Creek Hill	WA	2
Gradin Community Sports Park	OR	1
Grady Trammel Park	CA	1
Graeagle	CA	0
Graham	WA	0
Graham Butte	OR	2
Graham Corral Horse Camp	OR	1
Graham Harbor	WA	2
Graham Harbor Campground	WA	1
Graham Harbor Creek Campground	WA	1
Graham Hill	WA	2
Graham Lake	CA	2
Graham Lake	OR	2
Graham Mountain	CA	2
Graham Mountain	OR	2
Graham Mountain	WA	2
Graham Place	CA	0
Graham Point	WA	0
Graham School Park	CA	1
Graham Trail	CA	1
Graham Trail (historical)	CA	1
Grahams	WA	0
Grahams Hill	OR	2
Grahams Landing	WA	0
Grahams Mobile Home Park	WA	0
Grail Tarn	WA	2
Grain Camp	OR	1
Graino	CA	0
Gramercy Park	CA	1
Granada Hills Park	CA	1
Granada Park	CA	1
Granada Park	OR	1
Granada Square	CA	1
Grand Avenue Park	CA	1
Grand Bluff	CA	2
Grand Coulee	WA	0
Grand Island	CA	0
Grand Island	OR	2
Grand Lake	WA	2
Grand Mound	WA	0
Grand Mound State Game Reserve	WA	1
Grand Mountain	CA	2
Grand Park	CA	1
Grand Point	CA	2
Grand Rapids	OR	0
Grand Ronde	OR	0
Grand Ronde Agency	OR	0
Grand Terrace	CA	0
Grand View Park	CA	1
Grand View Point	CA	2
Granddad Butte	OR	2
Grande Mobile Manor Mobile Home Park	CA	0
Grande Mountain	WA	2
Grande Ronde	OR	0
Grande Ronde Group Camp	OR	1
Grande Ronde Lake	OR	2
Grande Ronde Lake Campground Boat Ramp	OR	1
Grande Ronde Scenic Area	OR	1
Grandmas Cove	WA	2
Grandview	CA	0
Grandview	OR	0
Grandview	WA	0
Grandview Butte	WA	2
Grandview Campground	CA	1
Grandview Campground	OR	1
Grandview Mountain	WA	2
Grandview Park	CA	1
Grandview Park	WA	1
Grandview Pit	WA	2
Grandview Recreation Center	WA	1
Grandy Lake	WA	2
Granger	WA	0
Grangeville	CA	0
Granite	OR	0
Granite Bay	CA	0
Granite Butte	CA	2
Granite Butte	OR	2
Granite Butte	WA	2
Granite Chief	CA	2
Granite Chief Trail	CA	1
Granite Chief Wilderness	CA	1
Granite Cliff	OR	2
Granite Creek Campground	CA	1
Granite Creek Trail	WA	1
Granite Dome	CA	2
Granite Falls	WA	0
Granite Flat Campground	CA	1
Granite Hill	CA	2
Granite Hills	CA	0
Granite Knob	CA	2
Granite Lake	CA	2
Granite Lake	OR	2
Granite Lake	WA	2
Granite Lake Potholes	WA	2
Granite Lakes	CA	2
Granite Lakes	WA	2
Granite Lakes Natural Resources Conservation Area	WA	1
Granite Mountain	CA	2
Granite Mountain	OR	2
Granite Mountain	WA	2
Granite Mountain Lakes	WA	2
Granite Mountain Potholes	WA	2
Granite Mountain Wilderness	CA	1
Granite Park	CA	1
Granite Peak	CA	2
Granite Peak	OR	2
Granite Peak	WA	2
Granite Peak Plateau	CA	2
Granite Peaks	CA	2
Granite Point	CA	2
Granite Point	WA	2
Granite Point Trail	CA	1
Granite Springs	CA	0
Granite Springs Primitive Camp	CA	1
Granite Stairway	CA	2
Granite Trail	WA	1
Graniteville	CA	0
Granny View Point	OR	2
Grant	CA	0
Grant	WA	0
Grant Bluffs	CA	2
Grant Butte	OR	2
Grant City Park	OR	1
Grant Grove Village	CA	0
Grant Hill	OR	2
Grant Hill Park	CA	1
Grant Howald Park	CA	1
Grant Island	OR	2
Grant Lake	WA	2
Grant Lake (historical)	CA	2
Grant Lakes	CA	2
Grant Mahoney Park	CA	1
Grant Memorial Park	CA	1
Grant Park	CA	1
Grant Peak	WA	2
Grant Playground	CA	1
Grant Playground	WA	1
Grant Rea Park	CA	1
Grants Pass	OR	0
Grants Pass Peak	OR	2
Grantville Park	CA	1
Grape Arbor Park	CA	1
Grape Day Park	CA	1
Grapeview	WA	0
Grapevine	CA	0
Grapevine Mountain	CA	2
Grapevine Peak	CA	2
Grapevine Point	CA	2
Grapevine Trail	CA	1
Graphite Mountain	WA	2
Grapit	CA	0
Grass Butte	OR	2
Grass Butte ck rcd data	OR	2
Grass Flat	CA	0
Grass Island	CA	2
Grass Island	WA	2
Grass Lake	CA	0
Grass Lake	OR	2
Grass Lake	WA	2
Grass Lake Campground (historical)	OR	1
Grass Lake Campground Number 2 (historical)	OR	1
Grass Lawn Park	WA	1
Grass Mountain	CA	2
Grass Mountain	OR	2
Grass Mountain	WA	2
Grass Mountain Leona Divide Truck Trail	CA	1
Grass Mountain Trail	OR	1
Grass Valley	CA	0
Grass Valley	OR	0
Grass Valley Bald Mountain	CA	2
Grass Valley City Park	OR	1
Grass Valley Wilderness	CA	1
Grasshopper Campground	CA	1
Grasshopper Flat Campground	CA	1
Grasshopper Hill	CA	2
Grasshopper Meadows Campground	WA	1
Grasshopper Mountain	CA	2
Grasshopper Mountain	OR	2
Grasshopper Point	OR	2
Grasshopper Trail	CA	1
Grasshopper Trail	OR	1
Grasshopper Trail Camp	CA	1
Grasshoppers Camp	CA	1
Grasslands Wildlife Management Area	CA	1
Grassmere	WA	0
Grassy Butte	OR	2
Grassy Hill	CA	2
Grassy Hill	WA	2
Grassy Hollow Campground	CA	1
Grassy Island	OR	2
Grassy Island	WA	2
Grassy Knob	OR	2
Grassy Knob Trail	OR	1
Grassy Knob Wilderness	OR	1
Grassy Knoll	OR	2
Grassy Knoll	WA	2
Grassy Lake	CA	2
Grassy Lake	OR	2
Grassy Mountain	CA	2
Grassy Mountain	OR	2
Grassy Mountain	WA	2
Grassy Point	OR	2
Grassy Point	WA	2
Grassy Pond	OR	2
Grassy Ranch Camp	OR	1
Grassy Ranch Trail	OR	1
Grassy Top Mountain	WA	2
Grater Butte	OR	2
Graton	CA	0
Grattan Playground	CA	1
Grave Creek Trail	OR	1
Gravel Butte	OR	2
Gravel Lake	WA	2
Gravel Pit Lake	CA	2
Gravel Point	OR	2
Gravel Point	WA	2
Gravel Waterhole	OR	2
Gravelford	OR	0
Gravelles	WA	0
Gravelly Beach	WA	0
Gravelly Buttes	CA	2
Gravelly Lake	CA	2
Gravelly Lake	WA	2
Graves Butte	OR	2
Graves Creek Campground	WA	1
Graves Island	OR	2
Graves Mountain	WA	2
Gravesboro	CA	0
Graveyard Butte	OR	2
Graveyard Camp	WA	1
Graveyard Hill	CA	2
Graveyard Peak	CA	2
Graveyard Point	CA	2
Graveyard Point	OR	2
Graveyard Rim	OR	2
Gray Butte	CA	2
Gray Butte	OR	2
Gray Cliff	CA	2
Gray Falls Campground	CA	1
Gray Gables	WA	0
Gray Lodge Waterfowl Management Area	CA	1
Gray Mountain	CA	2
Gray Mountain	WA	2
Gray Park	OR	1
Gray Peak	CA	2
Gray Peak	WA	2
Gray Rock	OR	2
Gray Rock Lake	CA	2
Gray Rocks	CA	2
Gray Whale Cove State Beach	CA	1
Gray Wolf	WA	2
Gray Wolf Camp	WA	1
Grayback	OR	2
Grayback Campground	OR	1
Grayback Clapboard Trail	OR	1
Grayback Mountain	OR	2
Grayback Mountain	WA	2
Grayback Trail	OR	1
Grayland	WA	0
Grayland Access State Park	WA	1
Grayland Beach State Park	WA	1
Grayland Park	WA	1
Grayling Lake	CA	2
Graylock Butte	OR	2
Grays	WA	0
Grays Bay	WA	2
Grays Butte	OR	2
Grays Butte	WA	2
Grays Campsite	CA	1
Grays Flat	CA	0
Grays Harbor	WA	2
Grays Harbor City	WA	0
Grays Harbor National Wildlife Refuge	WA	1
Grays Landing	WA	0
Grays Marsh	WA	2
Grays Meadow Campground	CA	1
Grays Peak	CA	2
Grays Peak	OR	2
Grays Point	WA	2
Grays River	WA	0
Grays River Salmon Pond	WA	2
Grays Slough	OR	2
Grayson	CA	0
Graystone Park	CA	1
Greaser Lake	OR	2
Greasewood Hill	CA	2
Greasewood Mountain	CA	2
Great Basin Historical Marker	OR	1
Great Butte	CA	2
Great Cliffs	CA	2
Great Peninsula	WA	2
Great Stone Face Park	CA	1
Great Valley Grasslands State Park	CA	1
Great Western Lake	WA	2
Greaver Oak Park	CA	1
Grecian Heights Park	OR	1
Greco Island	CA	2
Greeg Mountain	CA	2
Greek Ranch Camp	CA	1
Greeley Hill	CA	0
Greeman Field	CA	1
Green	CA	0
Green	OR	0
Green Acres	CA	0
Green Acres	OR	0
Green Acres Mobile Estates	WA	0
Green Acres Mobile Home Park	WA	0
Green Bank	WA	1
Green Belt Park	CA	1
Green Bluff	WA	0
Green Butte	CA	2
Green Butte	OR	2
Green Canyon Group Camp	CA	1
Green Cove	WA	2
Green Craggie	OR	2
Green Creek Campground	CA	1
Green Flat Camp	CA	1
Green Granite Lake	CA	2
Green Gulch Trail	CA	1
Green Hill	CA	2
Green Hill	OR	2
Green Hill	WA	2
Green Hills Park	CA	1
Green Island	CA	2
Green Island	OR	2
Green Island Lake	CA	2
Green Knob	OR	2
Green Knob	WA	2
Green Lake	CA	2
Green Lake	OR	2
Green Lake	WA	2
Green Lakes	OR	2
Green Lakes Trail	OR	1
Green Leaf Trail	WA	1
Green Lookout Mountain	WA	2
Green Meadows	OR	0
Green Meadows Family Mobile Home Park	WA	0
Green Meadows Playground	CA	1
Green Memorial Park	CA	1
Green Mountain	CA	2
Green Mountain	OR	2
Green Mountain	WA	2
Green Mountain Lake	WA	2
Green Mountain State Forest	WA	1
Green Oaks County Park	OR	1
Green Peak	CA	2
Green Peak	OR	2
Green Peak	WA	2
Green Peak Lake	OR	2
Green Peter	OR	2
Green Peter Peninsula	OR	2
Green Point	CA	2
Green Point	OR	2
Green Point	WA	2
Green Point Mountain	OR	2
Green Ridge Lake	WA	2
Green River	WA	0
Green River Gorge Conservation Area	WA	1
Green River Gorge State Park	WA	1
Green Rock	CA	2
Green Rock	OR	2
Green Slough	WA	2
Green Spot Picnic Area	CA	1
Green Springs Mountain	OR	2
Green Springs Park	CA	1
Green Top	OR	2
Green Treble Lake	CA	2
Green Valley	CA	0
Green Valley Area Campground	CA	1
Green Valley Campground	CA	1
Green Valley Conservation Camp	CA	1
Green Valley Lake	CA	0
Green Valley Mobile Home Park	CA	0
Green Valley Park	CA	1
Green Valley Trail	CA	1
Green Valley Trail	OR	1
Green Valley Truck Trail	CA	1
Green View Lake	WA	2
Green Wall	OR	2
Greenacres	CA	0
Greenback Park	CA	1
Greenbank	WA	0
Greenbelt Hiking Riding Trail	CA	1
Greenbelt Park	CA	1
Greenbrae	CA	0
Greenbriar Park	CA	1
Greendale	CA	0
Greendell Playground	CA	1
Greene Memorial Field	WA	1
Greener Road Trail	OR	1
Greenfair Park	CA	1
Greenfield	CA	0
Greenfield City Park	CA	1
Greenfield-Panama	CA	0
Greenhill	OR	2
Greenhorn	CA	0
Greenhorn	OR	0
Greenhorn Buttes	WA	2
Greenhorn Campground	CA	1
Greenhorn Hill	OR	2
Greenhorn Mountain County Park	CA	1
Greenhorn Park	CA	1
Greenleaf	OR	0
Greenleaf Peak	WA	2
Greenleaf Slough	WA	2
Greenley Oaks	CA	0
Greenpicker Trail	CA	1
Greenridge City Park	OR	1
Greenridge Park	CA	1
Greens Creek Campground	CA	1
Greens Lake	CA	2
Greens Landing	WA	0
Greens Peak	CA	2
Greensport	CA	0
Greenstone Lake	CA	2
Greentop	OR	2
Greentree City Park	OR	1
Greenview	CA	0
Greenville	CA	0
Greenville	OR	0
Greenville Campground	CA	1
Greenwater	WA	0
Greenwater Lakes	WA	2
Greenwater Trail	WA	1
Greenwaters Park	OR	1
Greenway Park	OR	1
Greenwood	CA	0
Greenwood	WA	0
Greenwood Butte	OR	2
Greenwood Civilian Conservation Corps Camp	CA	1
Greenwood Cove	CA	2
Greenwood Lake	WA	2
Greenwood Lake Trail	WA	1
Greenwood Landing County Park	OR	1
Greenwood Manor Tot Lot	CA	1
Greenwood Mobile Home Park	WA	0
Greenwood Park	CA	1
Greenwood Point	OR	2
Greenwood Point	WA	2
Greenwood State Beach	CA	1
Gregg	CA	0
Gregory Beach Campground	CA	1
Gregory Creek Campground	CA	1
Gregory Heights	WA	0
Gregory Mountain	CA	2
Gregory Point	OR	2
Gregorys Monument	CA	2
Gregs Peak	CA	2
Greilich Camp	CA	1
Grenada	CA	0
Grenada Butte	OR	2
Grenet Lake	OR	2
Grennan Hill	WA	2
Grenville Bay	WA	2
Gresham	OR	0
Gresham Butte	OR	2
Gresham/Fairview Trail	OR	1
Gresytone Park	CA	1
Grey Butte	CA	2
Grey Creek Campground	WA	1
Grey Eagle Hill	CA	2
Grey Mountain	OR	2
Grey Rock Lake	CA	2
Grey Rock Trail	WA	1
Grey Rocks	CA	2
Grey Trail	CA	1
Greylock Mountain	OR	2
Greylock Mountain Trail	OR	1
Greys Mountain	CA	2
Greys Mountain Campground	CA	1
Greystone Park	CA	1
Greywolf Mountain	WA	2
Grice Hill	OR	2
Gridley	CA	0
Gridley Park	CA	1
Gridley Springs Camp	CA	1
Gridley Trail	CA	1
Griff Peak	WA	2
Griffin Bay	WA	2
Griffin County Park	OR	1
Griffin Mountain	WA	2
Griffin Oaks Park (historical)	OR	1
Griffin Peak	WA	2
Griffin Place	CA	0
Griffis Creek Trail	OR	1
Griffith Hill	CA	2
Griffith Island (historical)	OR	2
Griffith Manor Park	CA	1
Griffith Park	CA	1
Griffith Park	OR	1
Griffith Park Boys Camp	CA	1
Griffith Quarry Historic Park	CA	1
Griffith Ranch Historical Monument	CA	1
Griffith-Vermont Canyon Tennis Courts	CA	1
Griffiths-Priday Ocean State Park	WA	1
Grigsby Camp	CA	1
Grigsby Field	CA	1
Grimes	CA	0
Grimes Lake	WA	2
Grimes Point	CA	2
Griminger	CA	0
Grimmer Park	CA	1
Grimshaw Lake	CA	2
Grindstone Camp	CA	1
Grindstone Camp	OR	1
Grindstone Harbor	WA	2
Grindstone Mountain	OR	2
Grindstone Mountain	WA	2
Grindstone Rim	OR	2
Griner Peak	CA	2
Grinnell	WA	0
Grinnell Lake	CA	2
Grinnell Mountain	CA	2
Grisdale	WA	0
Grisdale Hill	WA	2
Grisdale Pond	WA	2
Griset Park	CA	1
Grist Mill Peak	CA	2
Grizzlie Place	CA	0
Grizzly	OR	0
Grizzly Bay	CA	2
Grizzly Bear Trail	WA	1
Grizzly Butte	CA	2
Grizzly Butte	OR	2
Grizzly Camp	CA	1
Grizzly Camp	OR	1
Grizzly Campground	CA	1
Grizzly Canyon Trail	CA	1
Grizzly County Campground	OR	1
Grizzly Creek Campground	CA	1
Grizzly Creek Redwoods State Park	CA	1
Grizzly Dome	CA	2
Grizzly Flat	CA	0
Grizzly Forebay Campgsite	CA	1
Grizzly Island	CA	2
Grizzly Lake	CA	2
Grizzly Lake	WA	2
Grizzly Lakes	CA	2
Grizzly Mountain	CA	2
Grizzly Mountain	OR	2
Grizzly Mountain	WA	2
Grizzly Peak	CA	0
Grizzly Peak	OR	2
Grizzly Peak	WA	2
Grizzly Point	CA	2
Grizzly Ridge	CA	0
Grizzly Summit	CA	2
Groat Mountain	WA	2
Groat Point	WA	2
Grogan Park	CA	1
Grohls Upper Camp	CA	1
Gromore	WA	0
Grooms Hill	CA	2
Groshen Trail	OR	1
Gross Mountain	OR	2
Gross Mountain	WA	2
Grossmont	CA	0
Grotto	WA	0
Grotto Cove	OR	2
Grotto Hills	CA	2
Grotto Lake	WA	2
Grotto Mountain	WA	2
Grotto Rock Park	CA	1
Grotto Trail	CA	1
Ground Hog Butte	OR	2
Groundhog Knoll	OR	2
Groundhog Mountain	OR	2
Group Camp	CA	1
Group Campground	WA	1
Grouse	OR	0
Grouse	WA	0
Grouse Butte	OR	2
Grouse Butte	WA	2
Grouse Camp	WA	1
Grouse Creek Campground	WA	1
Grouse Creek Lake	CA	2
Grouse Creek Tractor Trail	CA	1
Grouse Creek Tractor Way	CA	1
Grouse Creek Trail	CA	1
Grouse Flat	WA	2
Grouse Flats State Wildlife Area	WA	1
Grouse Hill	CA	2
Grouse Hill	OR	2
Grouse Knob	OR	2
Grouse Knob	WA	2
Grouse Lake	CA	2
Grouse Lake	OR	2
Grouse Lake	WA	2
Grouse Lakes	CA	2
Grouse Mountain	CA	2
Grouse Mountain	OR	2
Grouse Mountain	WA	2
Grouse Mountain Campground	WA	1
Grouse Peak	CA	2
Grouse Point	CA	2
Grouse Point	OR	2
Grouse Ridge Campground	CA	1
Grouse Ridge Trail	CA	1
Grouse Spring Trail (historical)	OR	1
Grouslous Mountain	OR	2
Grout Bay	CA	2
Grout Bay Campground	CA	1
Grout Bay Recreation Area	CA	1
Grove	CA	0
Grove Hill	CA	2
Grove Playground	CA	1
Grove Trail	CA	1
Groveland	CA	0
Groveland Park	WA	1
Groveland Wayside Park	CA	1
Groveland-Big Oak Flat  (historical)	CA	0
Grover Beach	CA	0
Grover City Park	CA	1
Grover Heights Park	CA	1
Grover Hot Springs State Park	CA	1
Groves Lake	WA	2
Growler Trail	CA	1
Growlersburg State Conservation Camp	CA	1
Grubbs Cove	WA	2
Grubbs Cow Camp	CA	1
Gruff Lake	CA	2
Grundy Park	CA	1
Guadalupe	CA	0
Guadalupe Gardens	CA	1
Guadalupe Lake	CA	2
Guadalupe Mountains	CA	2
Guadalupe Oak Grove Park	CA	1
Guadalupe Park	CA	1
Guadalupe Reservoir County Park	CA	1
Guadalupe River Park	CA	1
Guadalupe-Nipomo Dunes National Wildlife Refuge	CA	1
Guajome Park	CA	1
Gualala	CA	0
Gualala Mountain	CA	2
Gualala Point	CA	2
Gualala Point Island	CA	2
Gualala Point Regional Park	CA	1
Guano Lake	OR	2
Guano Rim	OR	2
Guano Rock	OR	2
Guatay	CA	0
Guatay Campground	CA	1
Guatay Mountain	CA	2
Gube Mountain	CA	2
Guejito Truck Trail	CA	1
Guemes	WA	0
Guemes Island	WA	2
Guenser Park	CA	1
Guerneville	CA	0
Guernewood	CA	0
Guernewood Park	CA	0
Guernsey	CA	0
Guernsey Mill	CA	0
Guest Lake	CA	2
Guffy Camp	CA	1
Guhin Park	CA	1
Guide Peak	CA	2
Guild Lake (historical)	OR	2
Guiles Lake	OR	2
Guillemot Cove Nature Reserve	WA	1
Guillemot Island	CA	2
Guinda	CA	0
Guinean Sculpture Garden	CA	1
Guitar Lake	CA	2
Gulch Lakes	WA	2
Guler	WA	0
Guler Mount Adams County Park	WA	1
Guler Mountain	WA	2
Gulf	CA	0
Gulf of Santa Catalina	CA	2
Gulf of the Farallones	CA	2
Gull Harbor	WA	2
Gull Island	CA	2
Gull Island	OR	2
Gull Lake	CA	2
Gull Lake Campground	CA	1
Gull Neck Rock	CA	2
Gull Park	CA	1
Gull Point Campground Boat Ramp	OR	1
Gull Rock	CA	2
Gull Rock	OR	2
Gull Rock	WA	2
Gull Rocks	OR	2
Gullo Park	CA	1
Gully Pond	OR	2
Gulnac Peak	CA	2
Gum	CA	0
Gum Drop City Park	OR	1
Gum Grove Park	CA	1
Gum Tree Cove	CA	2
Gumboat Campground	CA	1
Gumboot Butte	OR	2
Gumboot Lake	CA	2
Gumboot Mountain	WA	2
Gummere Park	CA	1
Gun Point	WA	2
Gunbarrel Camp	WA	1
Gunbarrel Campsite	CA	1
Gunbarrel Trail	CA	1
Gunderson Mountain	WA	2
Gunderson Rock	CA	2
Gunn Avenue Park	CA	1
Gunn Butte	WA	2
Gunn Lake	WA	2
Gunn Peak	WA	2
Gunpowder Island Natural Area Preserve	WA	1
Gunpowder Marsh	CA	2
Gunpowder Point	CA	2
Gunsight	CA	2
Gunsight Butte	OR	2
Gunsight Mountain	OR	2
Gunsight Peak	CA	2
Gunsight Peak	WA	2
Gunter	OR	0
Gunter Recreation Site	OR	1
Gurdane	OR	0
Gurnsey Creek Campground	CA	1
Gus Lake	WA	2
Guss Island	WA	2
Gustine	CA	0
Guthrie Community Park	OR	1
Guthrie Cove	WA	2
Gutosky Park	CA	1
Guy Lake	CA	2
Guy Lee Park	OR	1
Guy W Talbot State Park	OR	1
Guye Peak	WA	2
Gwinn Park	CA	1
Gwynn Knoll	OR	2
Gymkhana Field	CA	1
Gyon Bluffs	CA	2
Gypsite	CA	0
Gypsy Lakes	WA	2
Gypsy Peak	WA	2
H B Van Duzer Forest State Scenic Corridor	OR	1
H E Beck Junior Memorial Branch	CA	1
H H Wheeler Historical Marker	OR	1
H J Andrews Monument	OR	1
H J Morton County Park	OR	1
H Lake	WA	2
H M Newhall Memorial Park	CA	1
H Park	CA	1
H Street Soccer Fields	CA	1
Haag Cove	WA	2
Haag Cove Campground	WA	1
Haakers Camp	CA	1
Hacienda	CA	0
Hacienda Carmel	CA	0
Hacienda De Las Flores Park	CA	1
Hacienda Heights	CA	0
Hacienda Park	CA	1
Hacienda del Florasol	CA	0
Hackamore	CA	0
Hackberry Mountain	CA	2
Hacker Mountain	CA	2
Hacketsville	CA	0
Had Irvine Park	OR	1
Haddock Campground	CA	1
Haddock Campsite	CA	1
Hadley	WA	0
Hadley Butte	OR	2
Hadley Peak	CA	2
Hadley Peak	WA	2
Hadleyville	OR	0
Hagaman Park	CA	1
Hagan Lake	CA	2
Hagan Mountain	WA	2
Hagelstein County Park	OR	1
Hagemann Park	CA	1
Hagen Canyon Natural Preserve	CA	1
Hagen Lake	WA	2
Hager	OR	0
Hager Lake	WA	2
Hager Mountain	OR	2
Hager Park	OR	1
Hager Trail	OR	1
Hagerman Peak	CA	2
Hagerty Butte	WA	2
Haggin Oaks Park	CA	1
Hagginwood Park	CA	1
Hagginwood School Park	CA	1
Hahn Plaza	CA	1
Haida Point	WA	2
Haiden island	OR	2
Haig Mountain	WA	2
Haight	CA	0
Haight Creek Picnic Area	OR	1
Haight Mountain	CA	2
Haight Street Grounds (historical)	CA	1
Haigs Lake	WA	2
Hailstone Camp	CA	1
Hain Wilderness	CA	1
Haines	CA	0
Haines	OR	0
Haines Pond Number One	OR	2
Haines Pond Number Two	OR	2
Hair Seal Rock	CA	2
Haiwee	CA	0
Hal Foss Peak	WA	2
Halbert Park	CA	1
Halcon	CA	0
Halcyon	CA	0
Halcyon Mobile Home Park	WA	0
Halcyon Park	CA	1
Hald Butte	OR	2
Hald/Strawberry Park	OR	1
Haldeman Pond	OR	2
Hale Butte	OR	2
Hale Hill	WA	2
Hale Park	CA	1
Hale Place	CA	0
Hale Spring Trail	OR	1
Halecrest Park	CA	1
Hales Grove	CA	0
Haley Mountain	WA	2
Haleyon Lake	WA	2
Haleys Lagoon	WA	2
Half Butte	CA	2
Half Dome	CA	2
Half Dome Trail	CA	1
Half Lake	CA	2
Half Moon Bay	CA	0
Half Moon Bay State Beach	CA	1
Half Moon Campground	CA	1
Half Moon Lake	CA	2
Half Moon Lake	WA	2
Halfmile Rock	CA	2
Halfmoon Bay	OR	2
Halfmoon Beach	CA	1
Halfmoon Lake	CA	2
Halfmoon Lake	WA	2
Halford	WA	0
Halfway	OR	0
Halfway Camp	CA	1
Halfway Cove	CA	2
Halfway Flat Campground	WA	1
Halfway Hill	CA	2
Halfway Hill	OR	2
Halfway House	CA	0
Halfway House Campsite	WA	1
Halfway Lake	OR	2
Halfway Lake	WA	2
Halfway Point	OR	2
Halfway Rock	CA	2
Halfway Rock	WA	2
Halfway Spring Campground	WA	1
Halfway Spring Campsite	CA	1
Halfway Truck Trail	CA	1
Halifax Trail	OR	1
Hall	WA	0
Hall Butte	CA	2
Hall Creek Road	WA	1
Hall Hill	OR	2
Hall Island	CA	2
Hall Island	WA	2
Hall Lake	OR	2
Hall Lake	WA	2
Hall Memorial Park	CA	1
Hall Mountain	CA	2
Hall Mountain	WA	2
Hall Park	CA	1
Hall Park	OR	1
Hall Peak	WA	2
Hall Ranch Park	CA	1
Hall Road State Wildlife Area	WA	1
Hall Station	CA	0
Halldecker Campground	CA	1
Halleck Hill	CA	2
Hallelujah Junction	CA	0
Haller Bridge Park	WA	1
Haller Lake	WA	2
Halley Grade	CA	1
Hallin Lake	WA	2
Hallmark Park	CA	1
Halloran Springs	CA	0
Halls Corner	CA	0
Halls Flat	CA	0
Halls Lake	OR	2
Halls Point	OR	2
Halls Ranch Trail	CA	1
Hallsted Campground	CA	1
Halo Mobile Home Park	WA	0
Halsey	OR	0
Halsey Butte	WA	2
Halsey Memorial Park	OR	1
Halsey Veterans Memorial Park	OR	1
Halterman	WA	0
Halverson Marsh	WA	2
Ham Brown Lake	OR	2
Ham Bunch - Cherry Creek County Park	OR	1
Ham Hill	WA	2
Ham Lake	WA	2
Ham Waterhole	OR	2
Hamada Lake	WA	2
Hamaker Bluff	OR	2
Hamaker Butte	OR	2
Hamaker Mountain	OR	2
Hamann Corner	WA	0
Hamann Field	CA	1
Hamann Memorial Park	CA	1
Hamar Lake	WA	2
Hamblin	CA	0
Hambone	CA	0
Hambone Butte	CA	2
Hambone Butte	OR	2
Hambone Island	CA	2
Hambone Springs Campground	OR	1
Hambone Trail	OR	1
Hamburg	CA	0
Hamburg Farms	CA	0
Hamelton Butte	OR	2
Hamilton	OR	0
Hamilton	WA	0
Hamilton Beach	CA	1
Hamilton Branch	CA	0
Hamilton Butte	OR	2
Hamilton Buttes	WA	2
Hamilton Camp	CA	1
Hamilton City	CA	0
Hamilton City Park	OR	1
Hamilton Island	WA	2
Hamilton Junction	WA	0
Hamilton Lake	WA	2
Hamilton Mountain	CA	2
Hamilton Mountain	OR	2
Hamilton Mountain	WA	2
Hamilton Park	CA	1
Hamilton Recreation Center	CA	1
Hamilton Truck Trail	CA	1
Hamilton Viewpoint Park	WA	1
Hamlet	CA	0
Hamlet	OR	0
Hamlin Park	WA	1
Hamlin Sports Complex	OR	1
Hamline Community Garden	CA	1
Hamma Hamma	WA	0
Hamma Hamma Balds Natural Area Preserve	WA	1
Hamma Hamma Campground	WA	1
Hammer Island	CA	2
Hammer Place	CA	0
Hammerhorn Campground	CA	1
Hammerhorn Lake	CA	2
Hammerhorn Mountain	CA	2
Hammerle Park	OR	1
Hammersley Inlet	WA	2
Hammersmith Hill	WA	2
Hammil	CA	0
Hammil Lake	CA	2
Hammils Mountain	CA	2
Hammock Hill	CA	2
Hammond	CA	0
Hammond	OR	0
Hammond Camp	OR	1
Hammond Hill	OR	2
Hammond Island	CA	2
Hammond Lake	WA	2
Hammond Ranch	CA	0
Hammond School Park	OR	1
Hammonton	CA	0
Hamner Butte	OR	2
Hamner Creek Way	OR	1
Hamner Hill	CA	2
Hampshire Rocks Campground	CA	1
Hampshire Tot Lot	CA	1
Hampton	OR	0
Hampton	WA	0
Hampton Bay	WA	2
Hampton Butte	CA	2
Hampton Butte	OR	2
Hampton Hill	WA	2
Hampton Lake	WA	2
Hampton Park	CA	1
Hampton Park (historical)	OR	1
Hamricks Corner	OR	0
Hams	CA	0
Hanaford Lake	WA	2
Hanan Trail	OR	1
Hanbury Point	WA	2
Hancock City Park	OR	1
Hancock Hill	OR	2
Hancock Lake	CA	2
Hancock Mountain	OR	2
Hancock Park	CA	1
Hand Lake	OR	2
Hand Lake Trail	OR	1
Hand Rock	WA	2
Handy Camp	CA	1
Handy Park	CA	1
Handy Spring Campground	WA	1
Handy/Nechocokee City Park	OR	1
Haner Butte	OR	2
Haney Meadow Campground	WA	1
Haney Mountain	CA	2
Hanford	CA	0
Hanford	WA	0
Hanford Hill	CA	0
Hanford Northeast	CA	0
Hanging Basket Lake	CA	2
Hanging Lake	WA	2
Hanging Rock	OR	2
Hanging Tree	CA	1
Hanging Tree Campground	WA	1
Hanging Tree Historical Monument	WA	1
Hanging Valley Campground	CA	1
Hangtown Gold Bug Park	CA	1
Hankin Point	WA	2
Hanks Lake	OR	2
Hanks Lake	WA	2
Hanks Marsh	OR	2
Hanks Mountain	CA	2
Hanland Peak	CA	2
Hanley Hill	OR	2
Hanlon Mountain	WA	2
Hanna Flat Campground	CA	1
Hanna Lake	WA	2
Hanna Mountain	CA	2
Hanna Rocks	CA	2
Hanna Trail	CA	1
Hannchen	CA	0
Hannegan Campground	WA	1
Hannegan Peak	WA	2
Hanner Marsh	WA	2
Hanning Butte	WA	2
Hannon Field	CA	1
Hanns Park	CA	1
Hans Christian Anderson Park	CA	1
Hanscombe Mountain	OR	2
Hansen Butte	WA	2
Hansen Creek Trail	WA	1
Hansen Dam Park	CA	1
Hansen Hill	CA	2
Hansen Island	CA	2
Hansen Lake	WA	2
Hansen Park	CA	1
Hansens Pond	WA	2
Hanson	WA	0
Hanson Ferry	WA	0
Hanson Island	CA	2
Hanson Lake	WA	2
Hanson Slough	WA	2
Hansons Trail	CA	1
Hansonville Hill	CA	2
Hansville	WA	0
Happy Camp	CA	0
Happy Camp	OR	1
Happy Camp Campground	CA	1
Happy Camp Canyon Regional Park	CA	1
Happy Camp County Park	OR	1
Happy Camp Forest Service Station	CA	1
Happy Camp Mountain	CA	2
Happy Camp Ranger Station	CA	1
Happy Camp Recreation Site	OR	1
Happy Gulch Campground	CA	1
Happy Hill	CA	0
Happy Hill	WA	2
Happy Hollow	OR	0
Happy Hunting Ground Campground	CA	1
Happy Island	WA	2
Happy Isles	CA	2
Happy Jack Camp	OR	1
Happy Lake	OR	2
Happy Lake	WA	2
Happy Lake Ridge Trail	WA	1
Happy Prairie Way	OR	1
Happy Town Park	CA	1
Happy Valley	CA	0
Happy Valley	OR	0
Happy Valley	WA	0
Happy Valley City Park	OR	1
Happy Valley Nature Park	OR	1
Harbeck-Fruitdale  (historical)	OR	0
Harbert	WA	0
Harbin Mountain	CA	2
Harbin Springs	CA	0
Harbin Springs Annex	CA	0
Harbison Canyon	CA	0
Harbor	OR	0
Harbor Beach	CA	1
Harbor Center	WA	0
Harbor City Recreation Center	CA	1
Harbor Heights	WA	0
Harbor Highlands Park	CA	1
Harbor Hills	CA	0
Harbor Island	CA	2
Harbor Island	WA	2
Harbor Island Park	CA	1
Harbor Lake	CA	2
Harbor Lake	WA	2
Harbor Park	CA	1
Harbor Point	CA	0
Harbor Rest Memorial Park	CA	1
Harbor View City Park	OR	1
Harbor View Nature Park	CA	1
Harbor View Park	CA	1
Harbor Vista County Park	OR	1
Harborland Mobile Home Park	WA	0
Harborview Mobile Home Park	WA	0
Harbour Park	CA	1
Harbour Pointe	WA	0
Harbour View Park	CA	1
Harbour island	OR	2
Hard Up Point	OR	2
Harden Flat	CA	0
Harden Hill	WA	2
Harden Lake	CA	2
Harder	WA	0
Harder Butte	OR	2
Hardesty Mountain	OR	2
Hardesty Trail	OR	1
Hardie Park	CA	1
Hardin Butte	CA	2
Hardin Mountain	CA	2
Harding Butte	OR	2
Harding Mountain	WA	2
Harding Park	CA	1
Harding Point	CA	2
Harding Recreation Center	CA	1
Harding Truck Trail	CA	1
Hardluck Campground	CA	1
Hardscrabble Lakes	WA	2
Hardscrabble Mountain	OR	2
Hardscrabble Mountain	WA	2
Hardtack Island	OR	2
Hardtack Lake	WA	2
Hardwick	CA	0
Hardwick Point	WA	2
Hardy	CA	0
Hardy Hill	WA	2
Hardy Place	CA	0
Hardy Riffle County Park	OR	1
Hare Rock	CA	2
Hare School Park	CA	1
Harkens Lake	OR	2
Harl Butte	OR	2
Harlan	OR	0
Harlan Hill	CA	2
Harlan Rock	CA	2
Harlem	CA	0
Harleman Park	OR	1
Harlequin Campground	WA	1
Harlequin Lake	OR	2
Harlin Lake	WA	2
Harlocker Hill	OR	2
Harlow Hill	WA	2
Harlow House City Park	OR	1
Harlow Place	CA	0
Harlow Road Park	OR	1
Harman Campground	CA	1
Harman Heights	WA	0
Harman Swim Center	OR	1
Harmon Field	WA	1
Harmon Park	CA	1
Harmon Park	OR	1
Harmon Peak	CA	2
Harmony	CA	0
Harmony	OR	0
Harmony	WA	0
Harmony Bay	OR	2
Harmony Grove	CA	0
Harmony Headlands State Park	CA	1
Harmony Heights	WA	2
Harmony Road Neighborhood Park	OR	1
Harmony Viewpoint	WA	1
Harms Park	OR	1
Harnden Island	WA	2
Harness Camp	CA	1
Harness Mountain	OR	2
Harney	OR	0
Harney City Park	OR	1
Harney Lake	OR	2
Harold A Henry Park	CA	1
Harold Barclay City Park	OR	1
Harold Eastman Memorial Rose Garden	OR	1
Harold F Whittle Camp	CA	1
Harold, Palmdale	CA	0
Harp	CA	0
Harp Mountain	OR	2
Harper	CA	0
Harper	OR	0
Harper	WA	0
Harper Field	CA	1
Harper Hill	CA	2
Harper Hill	WA	2
Harper Island	WA	2
Harper Mountain	OR	2
Harper Park	CA	1
Harper Peak	CA	2
Harpertown	CA	0
Harpham Lake	OR	2
Harpole	WA	0
Harrah	WA	0
Harralson Horse Camp	OR	1
Harriet Lake	CA	2
Harrigan Point	WA	2
Harrington	CA	0
Harrington	WA	0
Harrington Lagoon	WA	2
Harrington Lake	CA	2
Harrington Mountain	CA	2
Harrington Place	WA	0
Harrington Point	WA	2
Harris	CA	0
Harris	OR	0
Harris Beach	OR	1
Harris Beach State Park	OR	1
Harris Butte	OR	2
Harris Hill	CA	2
Harris Island	OR	2
Harris Knoll	CA	2
Harris Mountain	CA	2
Harris Mountain	WA	2
Harris Park	CA	1
Harris Park Recreation Site	OR	1
Harris Point	CA	2
Harris Spring Campground	CA	1
Harrisburg	CA	0
Harrisburg	OR	0
Harrison Camp	WA	1
Harrison Canyon Park	CA	1
Harrison City Park	OR	1
Harrison Hill	WA	2
Harrison Lake	OR	2
Harrison Lake	WA	2
Harrison Mountain	CA	2
Harrison Mountain	OR	2
Harrison Park	CA	0
Harrison Square	CA	1
Harry A Lyon Park	CA	1
Harry A. Merlo State Recreation Area	CA	1
Harry Allen Trail	CA	1
Harry Griffin Regional Park	CA	1
Harry Lake	WA	2
Harry M Hewitt Memorial Park	OR	1
Harry Mountain	OR	2
Harry P Schmidt Park	CA	1
Harry and Grace Thorp City Park	OR	1
Harsha	WA	0
Harsin Butte	OR	2
Harstine Island	WA	2
Hart	CA	0
Hart Camp	CA	1
Hart Island	WA	2
Hart Lake	WA	2
Hart Lakes	CA	2
Hart Meadows Powerline Park	OR	1
Hart Memorial Unit	CA	1
Hart Mountain	OR	2
Hart Mountain National Antelope Refuge	OR	1
Hart Park	CA	1
Hart Peak	CA	2
Harter	WA	0
Harter Hill	WA	2
Harter Mountain	OR	2
Hartford	WA	0
Hartford Spring County Park	CA	1
Hartill's Ridgecrest Mobile Home Park	WA	0
Hartke City Park	OR	1
Hartland	CA	0
Hartland Mini Park	CA	1
Hartless Mountain	CA	2
Hartley	CA	0
Hartley Butte	CA	2
Hartley Hill	CA	2
Hartley Island	CA	2
Hartley Park	OR	1
Hartley Springs Campground	CA	1
Hartline	WA	0
Harts Camp	CA	1
Harts Cove	OR	2
Harts Lake	WA	2
Harts Place	CA	0
Harts Swamp	WA	2
Hartshorn Butte	OR	2
Hartson Lake	CA	2
Hartson Sand Ridge	CA	2
Hartstene	WA	0
Hartstone Camp	CA	1
Hartwood Hylands Park	OR	1
Harvard	CA	0
Harvard City Park	OR	1
Harvard Hill	CA	2
Harvard Mountain	WA	2
Harvard Park	CA	1
Harvard Park	WA	1
Harvard Playground	CA	1
Harvest Landing	OR	1
Harvest Park	CA	1
Harvey	WA	0
Harvey Community Park	CA	1
Harvey Jones Butte	CA	2
Harvey Lake	CA	2
Harvey Lake	OR	2
Harvey Moore Trail	CA	1
Harvey Mountain	CA	2
Harvey Mountain	OR	2
Harvey Park	CA	1
Harvey Peak	CA	2
Harvey Warne Trail	CA	1
Harvey West Park	CA	1
Harwood	WA	0
Harwood Park	OR	1
Hash Rock	OR	2
Haskell Creek Homesites	CA	0
Haskell Peak	CA	2
Haskell Peak Trail	CA	1
Haskin Butte	OR	2
Haskins Bay	CA	2
Haskins Hill	CA	2
Hasley Canyon Park	CA	1
Hastie Lake	WA	2
Hastings Natural History State Reservation	CA	1
Hastings Peak	OR	2
Hat Butte	OR	2
Hat Butte Waterhole	OR	2
Hat Creek	CA	0
Hat Creek Campground	CA	1
Hat Creek Hill	CA	2
Hat Creek Park	CA	1
Hat Creek Rim	CA	2
Hat Island	WA	0
Hat Island Natural Resources Conservation Area	WA	1
Hat Lake	CA	2
Hat Mountain	CA	2
Hat Point	OR	2
Hat Rock	OR	2
Hat Rock	WA	2
Hat Rock State Park	OR	1
Hat Top	OR	2
Hatch	CA	0
Hatch	WA	0
Hatch Lake	CA	2
Hatch Lake	WA	2
Hatch Park	CA	1
Hatchery Campground	WA	1
Hatchery RV Campground	WA	1
Hatchet Lake	WA	2
Hatchet Mountain	CA	2
Hatchet Mountain	WA	2
Hatchet Peak	CA	2
Hatfield	CA	0
Hatfield Park	WA	1
Hathaway City Park	OR	1
Hathaway Mead	OR	0
Hathaway Park	CA	1
Hathaway Pines	CA	0
Hathaway Place	CA	0
Hathaways Mountain Pines	CA	0
Hatt Butte	OR	2
Hatten Lake	WA	2
Hatton	WA	0
Hauan Lake	WA	2
Haughtelin Lake	CA	2
Hauk Butte	WA	2
Hause Creek Campground	WA	1
Hauser	OR	0
Hauser Dune Tract	OR	1
Hauser Mountain	CA	2
Hauser Wilderness	CA	1
Havana Soliz Park	CA	1
Havasu Lake	CA	0
Havasu Palms	CA	0
Havekost Monument	WA	1
Haven	CA	0
Haven Hill Pond	OR	2
Haven Island	OR	2
Haven Lake	CA	2
Haven Lake	WA	2
Haven Place	CA	0
Haven View Park	CA	1
Havens Anchorage	CA	2
Havens Neck	CA	2
Havens Playground	CA	1
Havermale Island	WA	2
Havilah	CA	0
Havillah	WA	0
Hawaiian Gardens	CA	0
Hawes	CA	0
Hawes Park	CA	1
Hawes Peak	CA	2
Hawi-Vallecito Cultural Preserve	CA	1
Hawk Butte	CA	2
Hawk Camp	CA	1
Hawk Campground	CA	1
Hawk Creek Harbor	WA	2
Hawk Hill	CA	2
Hawk Mountain	OR	2
Hawk Point	WA	2
Hawk Rim	OR	2
Hawk Trail	CA	1
Hawkeye Mobile Home Park	WA	0
Hawkeye Point	WA	2
Hawkins Bar	CA	0
Hawkins Butte	OR	2
Hawkins Camp	CA	1
Hawkins Heights City Park	OR	1
Hawkins Lake	OR	2
Hawkins Lake	WA	2
Hawkins Landing Campground	CA	1
Hawkins Mountain	WA	2
Hawkins Park	OR	1
Hawkins Peak	CA	2
Hawkins Ridge	OR	2
Hawkinsville	CA	0
Hawks Lake	OR	2
Hawks Mountain	OR	2
Hawks Nest	WA	2
Hawks Point	WA	2
Hawks Rest	OR	2
Hawksbeak Peak	CA	2
Hawley	CA	0
Hawley	WA	0
Hawley Butte	OR	2
Hawley Grade Trail	CA	1
Hawley Lake	CA	2
Hawthorne	CA	0
Hawthorne	OR	0
Hawthorne Memorial Park	CA	1
Hawthorne Park	CA	1
Hay	WA	0
Hay Canyon Mobile Home Park	WA	0
Hay Creek Butte	OR	2
Hay Lake	OR	2
Hay Meadow	CA	2
Hay Mountain	WA	2
Hay Pen Camp	OR	1
Haycock Peak	CA	2
Hayden Bay	OR	2
Hayden Butte	OR	2
Hayden City Park	OR	1
Hayden Flat Campground	CA	1
Hayden Hill	CA	0
Hayden Hill-Silva Flat State Game Refuge	CA	1
Hayden Island	OR	2
Hayden Lake	OR	2
Hayden Mountain	OR	2
Hayden Park	CA	1
Haydon Rock	CA	2
Hayes	CA	0
Hayes	WA	0
Hayes Butte	OR	2
Hayes Field	CA	1
Hayes Hill	OR	2
Hayes Hill	WA	2
Hayes Lake	WA	2
Hayes Point	CA	2
Hayesville	OR	0
Hayfield	CA	0
Hayfields Trail	CA	1
Hayford	WA	0
Hayford Hill	CA	2
Hayfork	CA	0
Hayfork Bally	CA	2
Hayfork Park	CA	1
Haymaker Campground	OR	1
Haynes Delight Trail	CA	1
Haynes Hill	CA	2
Haynes Inlet	OR	2
Haynes Lake	WA	2
Haynesville	OR	0
Haypress Campground	CA	1
Haypress Creek Trail	CA	1
Haypress Lake	CA	2
Hayrick Butte	OR	2
Hays Camp	CA	1
Hays Park	WA	1
Hays Perkins Park	CA	1
Hays Place	CA	0
Haystack	CA	0
Haystack	WA	2
Haystack Butte	CA	2
Haystack Butte	OR	2
Haystack Butte	WA	2
Haystack Campground Boat Ramp	OR	1
Haystack Hill	CA	2
Haystack Hill	WA	2
Haystack Hill State Park	OR	1
Haystack Mountain	CA	2
Haystack Mountain	WA	2
Haystack Peak	CA	2
Haystack Rock	OR	2
Hayward	CA	0
Hayward	OR	0
Hayward Flat Campground	CA	1
Hayward Marsh	CA	2
Hayward Memorial Park	CA	1
Hayward Park Square	CA	1
Hayward Peak	OR	2
Haywood Inlet	OR	2
Hazard	WA	0
Hazard Creek Trail	CA	1
Hazard Lake	WA	2
Hazard Park	CA	1
Hazard Peak	CA	2
Hazard Reef Trail	CA	1
Hazardous Chemical Waste Site	OR	1
Hazel	WA	0
Hazel Camp	OR	1
Hazel Camp	WA	1
Hazel Camp Trail	OR	1
Hazel Dell	WA	0
Hazel Dell North	WA	0
Hazel Dell Park	WA	1
Hazel Dell South	WA	0
Hazel Green	OR	0
Hazel Lake	OR	2
Hazel Lake	WA	2
Hazel Mountain	OR	2
Hazel Point	WA	2
Hazel Sills Park	OR	1
Hazel View Summit	CA	2
Hazeldale	OR	0
Hazeldale Park	OR	1
Hazelnut Trail	CA	1
Hazelton	CA	0
Hazelwood	WA	0
Hazelwood City Park	OR	1
Hazelwood Park	WA	1
Head Cameron	WA	2
Head Camp	CA	1
Head Lake	OR	2
Head O'Boulder Camp	OR	1
Head of the Creek Waterhole	OR	2
Headgate County Park	WA	1
Headland Cove	CA	2
Headley Peak	CA	2
Headquarters	WA	0
Headquarters Camp	OR	1
Headquarters Campground	CA	1
Headreach Island	CA	2
Headwaters Trail	CA	1
Heald Peak	CA	2
Healdsburg	CA	0
Healdsburg Plaza	CA	1
Healdsburg Recreation Park	CA	1
Healdsburg Veterans Memorial Beach	CA	1
Healdsburg Veterans Memorial Beach Park	CA	1
Healy Heights City Park	OR	1
Heaps Peak	CA	2
Hearst	CA	0
Hearst Field	CA	1
Hearst Park	CA	1
Hearst San Simeon State Historical Monument	CA	1
Hearst San Simeon State Park	CA	1
Heart Bar Campground	CA	0
Heart Bar Peak	CA	2
Heart Bar State Park	CA	1
Heart Lake	CA	2
Heart Lake	OR	2
Heart Lake	WA	2
Heart Lake Twin Meadows Trail	CA	1
Heart Rock Trail	CA	1
Heart of the Hills Campground	WA	1
Hearts Desire	CA	1
Heartwell Park	CA	1
Heath Campground	CA	1
Heath Falls Overlook Trail	CA	1
Heath Lake	OR	2
Heath Park	CA	1
Heath Place	CA	0
Heath Ranch Park	CA	1
Heather	WA	0
Heather Farm Park	CA	1
Heather Glen	CA	0
Heather Glen Park	OR	1
Heather Hills Mobile Home Park	WA	0
Heather Lake	CA	2
Heather Lake	OR	2
Heather Lake	WA	2
Heather Mountain	OR	2
Heather Park	CA	1
Heatherlark Park	CA	1
Heatherwood Park	CA	1
Heaton Flat Trail	CA	1
Heaton Hill	WA	2
Heavenly Hills	CA	0
Heavenly Twin Lakes	OR	2
Heavenside Park	CA	1
Heavey Mountain	CA	2
Heavey Sheep Camp	CA	1
Hebb County Park	OR	1
Heber	CA	0
Heber Dunes State Vehicular Recreation Area	CA	1
Heber Park	CA	1
Hebo	OR	0
Hebo Work Camp	OR	1
Hebron Community Park	CA	1
Heceta Beach	OR	0
Heceta Beach County Park	OR	1
Heceta Head	OR	2
Heceta Head Lighthouse Keepers House	OR	1
Heceta Head Lighthouse State Scenic Viewpoint	OR	1
Heceta Junction Lake	OR	2
Heck Rock	OR	2
Heckletooth Mountain	OR	2
Heckman Island (historical)	CA	2
Hecks Camp	CA	1
Hector	CA	0
Heddie Notz Park	OR	1
Heddin Bluff	OR	2
Hedges	WA	0
Hedin Lake	WA	2
Hedrick Pond Campground	CA	1
Hee Hee Illahee Park	OR	1
Hee Hee Mountain	WA	2
Heeser Addition	CA	0
Hehe Butte	OR	2
Hehe Mountain	OR	2
Heidegger Hill	WA	2
Heidtmann Mountain	OR	2
Heilman Regional Park	CA	1
Heinen Pond	OR	2
Heinie Heumann Park	OR	1
Heinlen Lake	WA	2
Heiser Lake	CA	2
Heisler Park	CA	1
Heisson	WA	0
Helen	WA	0
Helen Althaus City Park	OR	1
Helen Bougher Memorial Park	CA	1
Helen Buttes	WA	2
Helen Creek Way	OR	1
Helen Keller Park	CA	1
Helen Lake	CA	2
Helen Lake	OR	2
Helen Markt Trail	CA	1
Helen Putnam Park	CA	1
Helen Putnam Regional Park	CA	1
Helen Wills Playground	CA	1
Helena	CA	0
Helena Historic District	CA	1
Helena Lake	WA	2
Helena Peak	WA	2
Helendale	CA	0
Helendale Reservation	CA	1
Helester Point	CA	2
Helfrich Landing County Park	OR	1
Helix	OR	0
Hell Cat Rock	OR	2
Hell Hole	CA	2
Hell Hole Campground	CA	1
Hell Hole-In Campground	CA	1
Hell Lake	WA	2
Hell for Sure Lake	CA	2
Hell to Find Lake	CA	2
Heller Park	CA	1
Hellgate Island	WA	2
Hellgrammite Lake	CA	2
Hellhole Canyon County Open Space Preserve	CA	1
Hellhole Lake	CA	2
Hellhole Palms	CA	0
Hellman Recreation Center	CA	1
Hellmers Park	CA	1
Hello Lake	CA	2
Hells Canyon National Recreation Area	OR	1
Hells Canyon Wilderness	OR	1
Hells Crossing Campground	WA	1
Hells Gate Point	WA	2
Hells Half Acre Trail	CA	1
Hells Hill	OR	2
Hells Mountain	CA	2
Hells Peak	CA	2
Hells Peak	OR	2
Helltown	CA	0
Helm	CA	0
Helm Corner	CA	0
Helm Field	CA	1
Helm Park	CA	1
Helme Park	CA	1
Helmer Hill	CA	2
Helmer Mountain	WA	2
Helmet Butte	WA	2
Helmet Rock	CA	2
Helmick Hill	OR	2
Helmicks Pond	WA	2
Helmke Pond	CA	2
Helms Cove	OR	2
Helsing Junction	WA	0
Helvetia	OR	0
Hembre City Park	OR	1
Hemet	CA	0
Hemet Butte	CA	2
Hemet-San Jacinto	CA	0
Hemlock	OR	0
Hemlock Butte	OR	2
Hemlock Camp	WA	1
Hemlock Lake	CA	2
Hemlock Lake	OR	2
Hemlock Lake Campground	OR	1
Hemlock Lake Trail	OR	1
Hempel Lake	WA	2
Hemple Creek Campground	WA	1
Hen Rock	CA	2
Hen Skin Lake	WA	2
Hencratt Camp	CA	1
Henderson Bay	WA	2
Henderson Cove	OR	2
Henderson Inlet	WA	2
Henderson Lake	WA	2
Henderson Marsh	OR	2
Henderson Park	CA	1
Henderson Park	OR	1
Henderson Park	WA	1
Henderson Peak	OR	2
Henderson Point	CA	2
Henderson Trail	CA	1
Henderson Village	CA	0
Hendersons Pond	OR	2
Hendricks Bridge County Park	OR	1
Hendricks City Park	OR	1
Hendrickson Canyon Natural Resources Conservation Area	WA	1
Hendrickson Heritage Mobile Home Park	WA	0
Hendrys Beach	CA	1
Hendy Grove	CA	0
Hendy Woods State Park	CA	1
Hengst Peak	CA	2
Henkle Butte	OR	2
Henley	CA	0
Henley	OR	0
Henley island	OR	2
Henleyville	CA	0
Henline Mountain	OR	2
Hennessy Peak	CA	2
Hennicksons Ridge Trail	CA	1
Henning Lakes	WA	2
Henninger Flats Non-Forest Service Campground	CA	1
Henrici	OR	0
Henrici Lake	OR	2
Henrietta Peak	CA	2
Henry	CA	0
Henry A Barbier Memorial Park	CA	1
Henry Alvarez Memorial Park	CA	1
Henry Cowell Redwoods State Park	CA	1
Henry Creek Trail	CA	1
Henry Hagg County Park	OR	1
Henry Hill Park	OR	1
Henry Island	WA	2
Henry Lake	WA	2
Henry M Jackson Wilderness	WA	1
Henry Miller Park	CA	1
Henry Mountain	OR	2
Henry Park	CA	1
Henry Peak	CA	2
Henry Ranch Park	CA	1
Henry Rim	OR	2
Henry Schmidt Park	CA	1
Henry W. Coe State Park	CA	1
Henry W. Coe State Wilderness	CA	1
Henrys	WA	0
Henschel Park	CA	1
Hensely Historic District	CA	1
Henshaw	CA	0
Henshaw Truck Trail	CA	1
Hensley Lake Recreation Area	CA	1
Henthorne Lake	CA	2
Henton Lake	WA	2
Henzel County Park	OR	1
Heppner	OR	0
Heppsie Mountain	OR	2
Hepsedam Peak	CA	2
Herald	CA	0
Herb Lake	OR	2
Herb Lake	WA	2
Herberts Pond Park	OR	1
Hercraff Place	CA	0
Hercules	CA	0
Herd Peak	CA	2
Hereford	OR	0
Hergert Lake	WA	2
Heriot Mountain	CA	2
Heritage Community Park	CA	1
Heritage County Park	CA	1
Heritage Grove Redwood Preserve	CA	1
Heritage Haven Mobile Home Park	WA	0
Heritage Hill Historical Park	CA	1
Heritage Mobile Home Park	WA	0
Heritage Oaks Park	CA	1
Heritage Orchard	CA	1
Heritage Park	CA	1
Heritage Park	OR	1
Heritage Rose Garden	CA	1
Heritage Square	CA	1
Heritage Square	OR	1
Heritage Tree Park	OR	1
Heritage Village Park	CA	1
Herlong	CA	0
Herlong Junction	CA	0
Herman Creek Horse Camp	OR	1
Herman Creek Trail	OR	1
Herman Lake	WA	2
Herman Park	CA	1
Herman Peak	OR	2
Hermanson Park I	OR	1
Hermanson Park II	OR	1
Hermanson Park III	OR	1
Hermiston	OR	0
Hermiston Butte	OR	2
Hermiston State Game Farm	OR	1
Hermit Butte	CA	2
Hermit Rock	CA	2
Hermit Valley Campground	CA	1
Hermosa Beach	CA	0
Hermosa Beach	WA	1
Hermosa City Beach	CA	1
Hermosa Park	CA	1
Hermosa Point	WA	2
Hermosa School Park	CA	1
Hermosa Terrace Park	CA	1
Hermosillo Park	CA	1
Heron Bay	CA	2
Heron Grove City Park	OR	1
Heron Lake	WA	2
Heron Pond	CA	2
Heron Rookery Natural Preserve	CA	1
Herpoco	CA	0
Herring Creek Campground	CA	1
Herron	WA	0
Herron Island	WA	2
Herron Lake	WA	2
Hershberger Mountain	OR	2
Hershey	CA	0
Herz Playground	CA	1
Hesp Crest Desert Ecological Study Area	CA	1
Hesperia	CA	0
Hesperia Lake Park	CA	1
Hesperin Camp	OR	1
Hess Lake	WA	2
Hess Mill	CA	0
Hess Park	WA	1
Hesse Park	CA	1
Hessel	CA	0
Hesseltine	WA	0
Hessong Rock	WA	2
Hester Lake	CA	2
Hester Lake	WA	2
Hester Park	CA	1
Hestness Park	OR	1
Hetch Hetchy Backpackers Campground	CA	1
Hetch Hetchy Camp	CA	1
Hetch Hetchy Campground	CA	1
Hetch Hetchy Dome	CA	2
Hetch Hetchy Junction	CA	0
Hetch Hetchy Trail (historical)	CA	1
Hetten Cove	CA	2
Hettenshaw Peak	CA	2
Hettinger Island	OR	2
Hewett Lake	WA	2
Hewitt Lake	WA	2
Hewitt Park	CA	1
Hewlett Point	WA	2
Hex Mountain	WA	2
Heybrook Mountain	WA	2
Hi - Land Mobile Manor	WA	0
Hi Desert Park	CA	1
Hi Mountain	CA	2
Hi Mountain Campground	CA	1
Hi Mountain Potrero	CA	2
Hi Mountain Trail	CA	1
Hi Vista	CA	0
Hi-Low Lake	WA	2
Hi-View Nature Trail	CA	1
Hiatt Lake	CA	2
Hiawatha Campground	CA	1
Hibbard Point	OR	2
Hibox Lake	WA	2
Hibox Mountain	WA	2
Hickey Campground	CA	1
Hickey Hump	WA	2
Hickland Butte	OR	2
Hicklin Hill	WA	2
Hicklin Lake	WA	2
Hickman	CA	0
Hickman Butte	OR	2
Hickman Lake	OR	2
Hickory Park	CA	1
Hicks Bay	WA	2
Hicks Butte	WA	2
Hicks Butte Trail	WA	1
Hicks Lake	OR	2
Hicks Lake	WA	2
Hicks Mountain	CA	2
Hicksville	CA	0
Hidalgo Mountain	CA	2
Hidaway Springs	OR	0
Hidden	WA	0
Hidden Anchorage	CA	2
Hidden Beach	CA	1
Hidden Beach Campground	WA	1
Hidden Camp	WA	1
Hidden Cove Trail	CA	1
Hidden Divide Natural Preserve	CA	1
Hidden Falls Campground	CA	1
Hidden Falls Regional Park	CA	1
Hidden Glen Mobile Home Park	WA	0
Hidden Gold Camp	CA	1
Hidden Haven Mobile Home Park	WA	0
Hidden Hill	CA	2
Hidden Hills	CA	0
Hidden Horseshoe and Pushawalla Palms Trail	CA	1
Hidden Lake	CA	2
Hidden Lake	OR	2
Hidden Lake	WA	2
Hidden Lake Peaks	WA	2
Hidden Lake Trail	OR	1
Hidden Lake Trail	WA	1
Hidden Lakes	CA	2
Hidden Lakes	WA	2
Hidden Meadow	OR	2
Hidden Meadows	CA	0
Hidden Oaks Park	CA	1
Hidden Palms	CA	0
Hidden Palms State Ecological Reserve	CA	1
Hidden Park	WA	1
Hidden Pond	CA	2
Hidden Potvero Rustic Campsite	CA	1
Hidden River	CA	0
Hidden Spring Trail	CA	1
Hidden Springs	CA	0
Hidden Springs Camp	CA	1
Hidden Springs Campground	CA	1
Hidden Springs Community Park	CA	1
Hidden Springs Trail	CA	1
Hidden Valley	CA	0
Hidden Valley Camp	WA	1
Hidden Valley Campground	CA	1
Hidden Valley Lake	CA	0
Hidden Valley Mobile Home Park	WA	0
Hidden Valley Park	CA	1
Hidden Valley Sports Park	WA	1
Hidden Valley trail	CA	1
Hide Away Mobile Home Park	WA	0
Hide-A-Way City Park	OR	1
Hideaway Lake	CA	2
Hideaway Lake	OR	2
Hideaway Lake	WA	2
Hideaway Mobile Estates	CA	0
Hideaway Park	OR	1
Hiding Canyon Camp	CA	1
Higby	CA	0
Higginbotham Park	CA	1
Higgins Camp	CA	1
Higgins Corner	CA	0
Higgins Island	WA	2
Higgins Lake	CA	2
Higgins Park	CA	1
High Acres Haciendas	CA	0
High Bluff	CA	2
High Bridge Campground	CA	1
High Bridge Campground	WA	1
High Bridge Park	WA	1
High Butte	OR	2
High Camp	OR	1
High Camp	WA	1
High Camp Lookout	OR	1
High Camp Trail	OR	1
High Commission	CA	2
High Country	CA	0
High Creek Trail	WA	1
High Deck	OR	2
High Divide Trail	OR	1
High Dome	CA	2
High Drive Parkway	WA	1
High Emigrant Lake	CA	2
High Hat Butte	OR	2
High Hill	OR	2
High Hill	WA	2
High Knob	OR	2
High Lake	CA	2
High Lake	OR	2
High Lake	WA	2
High Lakes Trail	WA	1
High Loch Leven Lake	CA	2
High Mountain	CA	2
High Mountain	OR	2
High Peak	CA	2
High Peak	OR	2
High Peaks	CA	2
High Peaks Trail	CA	1
High Plateau Mountain	CA	2
High Point	CA	2
High Point	OR	2
High Point	WA	0
High Point Truck Trail	CA	1
High Prairie	CA	2
High Ridge Park	CA	1
High Rim Waterhole	OR	2
High Rock	CA	2
High Rock	OR	2
High Rock	WA	2
High Rock Campground	WA	1
High Rock Mountain	WA	2
High Rock Trail	WA	1
High Rocks City Park	OR	1
High Sierra Park	CA	0
High Sierra Trail	CA	1
High Tip	CA	2
High Top	WA	2
High Trail	OR	1
High Valley	WA	0
Highchair Mountain	WA	2
Highcroft	CA	0
Highgrade Trail	CA	1
Highgrove	CA	0
Highland	CA	0
Highland	OR	0
Highland	WA	0
Highland Butte	OR	2
Highland Community Sports Complex	CA	1
Highland Fire Camp	WA	1
Highland Heights	WA	0
Highland Lake	CA	2
Highland Lakes	CA	2
Highland Lakes Campground	CA	1
Highland Oaks Park	CA	1
Highland Park	CA	0
Highland Park	OR	1
Highland Park	WA	1
Highland Park Recreation Center	CA	1
Highland Peak	CA	2
Highland Plams Mobile Home Park	CA	0
Highland Ranch Park	CA	1
Highland School City Park	OR	1
Highland Springs	CA	0
Highland Trail	CA	1
Highland Trail	OR	1
Highland and Lands Park	CA	1
Highlands	CA	0
Highlands	WA	0
Highlands County Park	CA	1
Highlands Mobile Home Park	CA	0
Highlands Park	CA	1
Highlands Park	WA	0
Highlands-Baywood Park	CA	0
Highline	WA	0
Highline Park Mobile Home Park	WA	0
Highline Trail	WA	1
Highrock Mountain	OR	2
Hights Corner	CA	0
Highway 18 Park	CA	1
Highway 203 Pond	OR	2
Highway 30 Greenway	OR	1
Highway Twenty Park	CA	1
Highwood Lake	WA	2
Highwood Park	CA	1
Higley Peak	WA	2
Higley Trail	WA	1
Higuera Adobe Park	CA	1
Hilarita	CA	0
Hilda	WA	0
Hilda McIntyre Ray Park	CA	1
Hildebrand	OR	0
Hildebrand Park	CA	1
Hildreth	CA	0
Hildreth Mountain	CA	2
Hildreth Peak	CA	2
Hileman Landing County Park	OR	1
Hilgard	OR	0
Hilgard Junction State Park	OR	1
Hilgard Lake	CA	2
Hill 22	CA	2
Hill 23	CA	2
Hill 88	CA	2
Hill County Wayside	OR	1
Hill Lake	WA	2
Hill Park	CA	1
Hill Plaza Park	CA	1
Hillaire Park	WA	1
Hillbrook Park	CA	1
Hillcrest	CA	0
Hillcrest	WA	0
Hillcrest Circle Park	CA	1
Hillcrest Park	CA	1
Hillcrest Park	WA	1
Hillcrest Point	CA	2
Hille Lake	WA	2
Hilleary Park	CA	1
Hillendale City Park	OR	1
Hiller Park	CA	1
Hillgrove	CA	0
Hillgrove	WA	0
Hillhurst	WA	0
Hillhurst Lake	WA	2
Hillis Peak	OR	2
Hillmaid	CA	0
Hillman Fish Pond	WA	2
Hillman Peak	OR	2
Hills Cove	CA	2
Hills Creek Trail	OR	1
Hills Ferry	CA	0
Hills Peak	OR	2
Hillsboro	OR	0
Hillsborough	CA	0
Hillsborough Park	CA	0
Hillsdale	CA	0
Hillsdale City Park	OR	1
Hillside	OR	0
Hillside	WA	0
Hillside Group Camp	CA	1
Hillside Natural Area	CA	1
Hillside Park	CA	1
Hillside Park	OR	1
Hillside Recreation Center	CA	1
Hillside Reservoir	OR	2
Hillside Siding	WA	0
Hillside Trail	CA	1
Hillsview	OR	0
Hillton Lake	WA	2
Hilltop	WA	0
Hilltop Community Park	CA	1
Hilltop Haven Mobile Home Park	WA	0
Hilltop Lake Park	CA	1
Hilltop Park	CA	1
Hilltop Park	WA	1
Hilltown Ferry State Historic Landmark	CA	1
Hillview City Park	OR	1
Hillview Park	CA	1
Hillyard	WA	0
Hilmar	CA	0
Hilmar-Irwin	CA	0
Hilo Hill	WA	2
Hilt	CA	0
Hilt Lake	WA	2
Hilton	CA	0
Hilton Lake	WA	2
Hiltscher Park	CA	1
Hinda	CA	0
Hinebaugh Park	CA	1
Hines	OR	0
Hines	WA	0
Hines Camp	CA	1
Hines City Park	OR	1
Hines Peak	CA	2
Hinkhouse Peak	WA	2
Hinkle	OR	0
Hinkle Butte	OR	2
Hinkle Lake	OR	2
Hinkle Tinkle Trail	WA	1
Hinkley	CA	0
Hinsdale	CA	0
Hinter Lake	WA	2
Hinton	CA	0
Hinton Park	CA	1
Hintzville	WA	0
Hintzville Beaver Ponds	WA	2
Hiouchi	CA	0
Hipower Bluffs	OR	2
Hippo Butte	CA	2
Hiram Peak	CA	2
Hirsch Pond	WA	2
Hirschdale	CA	0
Hirz Bay	CA	2
Hirz Bay Campgrounds	CA	1
Hirz Mountain	CA	2
Hisey Park	WA	1
Historic Columbia River Highway State Trail	OR	1
Historic Trail	CA	1
Historical Marker Connels Prairie Battle	WA	1
Historical Marker Fort Henness Site	WA	1
Historical Monument	WA	1
Hitching Post Water Hole	OR	2
Hite	WA	0
Hite Center	WA	0
Hite Cove	CA	0
Hite Cove Trail	CA	1
Hite Park	CA	1
Hite Park	WA	1
Hiteon Meadows Park	OR	1
Hiteon Park	OR	1
Hixon Park Block	OR	1
Hiyu Mountain	OR	2
Hiyu Trail	OR	1
Hjelte Sports Center	CA	1
Ho'toy Peak	CA	2
Hoacum Island	OR	2
Hoadley Peaks	CA	2
Hoaglin Tom Duncan Trail	CA	1
Hoags Camp	CA	1
Hob Knob	OR	2
Hob Nob Hill	CA	2
Hobart	CA	0
Hobart	WA	0
Hobart Bluff	OR	2
Hobart Butte	OR	2
Hobart Lake	OR	2
Hobart Mills	CA	0
Hobart Park	CA	1
Hobart Peak	OR	2
Hobergs	CA	0
Hobert Park	CA	1
Hobler Lake	CA	2
Hobo Campground	CA	1
Hobo Gulch Campground	CA	1
Hobo Hill	WA	2
Hobo Lake	OR	2
Hoboken	CA	0
Hobron Hill	CA	2
Hobson Camp	CA	1
Hobson County Park	CA	1
Hobson Horn	OR	2
Hobsonville	OR	0
Hobsonville Point	OR	2
Hobuck Beach	WA	1
Hobuck Lake	WA	2
Hock Mountain	WA	2
Hockaday City Park	OR	1
Hockett Meadow Trail	CA	1
Hockett Peak	CA	2
Hockey Lakes	CA	2
Hockinson	WA	0
Hodgdon Meadow Campground	CA	1
Hodge	CA	0
Hodge Lake	WA	2
Hodge Park	OR	1
Hoegee Campground	CA	1
Hoeptner Park	CA	1
Hoey Point	OR	2
Hoffer Butte	OR	2
Hoffer Lakes	OR	2
Hoffman Cove	WA	2
Hoffman Hill	OR	2
Hoffman Hill	WA	2
Hoffman Historic Site	CA	1
Hoffman Marsh	CA	2
Hoffman Memorial State Park	OR	1
Hoffman Mountain	CA	2
Hoffman Park	CA	1
Hoffman Point	CA	0
Hoffstadt Creek Park	WA	1
Hoffstadt Mountain	WA	2
Hoffstadt State Wildlife Area	WA	1
Hog Back	CA	2
Hog Camp	CA	1
Hog Creek County Park	OR	1
Hog Hill	CA	2
Hog Hole	CA	2
Hog Island	CA	2
Hog Island	OR	2
Hog Lake	CA	2
Hog Lake (historical)	CA	2
Hog Mountain	CA	2
Hog Mountain	OR	2
Hog Pen Spring Rustic Campsite	CA	1
Hog Point	CA	2
Hog Swamp	WA	2
Hogan Community Park	CA	1
Hogan Lake	CA	2
Hogan Mountain	CA	2
Hogan Park	CA	1
Hogan Point	WA	2
Hogans Hill	WA	2
Hogback	CA	2
Hogback Butte	OR	2
Hogback Island Recreation Facility	CA	1
Hogback Mountain	CA	2
Hogback Mountain	OR	2
Hogback Mountain	WA	2
Hogback Peak	CA	2
Hogback Trail	WA	1
Hogbacks	CA	2
Hogg Rock	OR	2
Hoggem Lake	CA	2
Hogsback	WA	2
Hogum Bay	WA	2
Hoh	WA	0
Hoh Campground	WA	1
Hoh Head	WA	2
Hoh Lake	WA	2
Hoh Ox Bow Campground	WA	1
Hoh Peak	WA	2
Hoh River Trail	WA	1
Hoko Camp	WA	1
Holbrook	OR	0
Holbrook-Palmer Park	CA	1
Holcomb	OR	0
Holcomb	WA	0
Holcomb Crossing Group Campground	CA	1
Holcomb Lake	CA	2
Holcomb Lake	OR	2
Holcomb Peak	OR	2
Holcomb Valley Campground	CA	1
Holcomb Village	CA	0
Holdaway Butte	WA	2
Holdaway Meadow	WA	2
Holden Campground	WA	1
Holden Hill	WA	2
Holden Lake	WA	2
Holderman Camp	WA	1
Holderman Mountain	OR	2
Holding Pond Park	CA	1
Holdman	OR	0
Hole Lakes	WA	2
Hole in Ground	OR	2
Hole in the Ground	CA	2
Hole in the Ground	OR	2
Hole in the Ground Campground	CA	1
Hole in the Ground Lake	OR	2
Hole in the Mountain	CA	2
Hole in the Rock	OR	2
Hole in the Wall	WA	2
Hole in the Wall Lake	WA	2
Hole-In-Ground	CA	2
Hole-in-the-Wall	WA	2
Hole-in-the-Wall Campground	CA	1
Holey Meadow Campground	CA	1
Holiday Bay	CA	2
Holiday Beach	OR	0
Holiday Camp	CA	1
Holiday Camp	WA	1
Holiday Campground	CA	1
Holiday Group Campground	CA	1
Holiday Highlands Park	CA	1
Holiday Home Mobile Home Park	CA	0
Holiday Lake	CA	2
Holiday Park	CA	1
Holiday Park	WA	1
Holifield Park	CA	1
Holladay City Park	OR	1
Holland	OR	0
Holland Camp	CA	1
Holland Meadows Trail	OR	1
Holland Point	OR	2
Hollenbeak Swamp	CA	2
Hollenbeck Butte	CA	2
Hollenbeck Park	CA	1
Hollerbach Park	WA	1
Holley	OR	0
Hollinshead Park	OR	1
Hollis	CA	0
Hollister	CA	0
Hollister Campground	CA	1
Hollister Hills State Vehicular Recreation Area	CA	1
Hollister Peak	CA	2
Hollister Wayside Park	CA	1
Holliway Mountain	WA	2
Hollow Hills Wilderness	CA	1
Hollow Log Cow Camp	OR	1
Hollow Tree Campground	CA	1
Hollow Tree Trail	CA	1
Holloways Camp	CA	1
Holly	WA	0
Holly Avenue Park	CA	1
Holly Beach	OR	1
Holly Glen Park	CA	1
Holly Hills Mobile Home Park	WA	0
Holly Park	CA	1
Holly Valley Park	CA	1
Hollybrook Park	OR	1
Hollydale	CA	0
Hollydale Park	CA	1
Hollywood	WA	0
Hollywood Beach	CA	0
Hollywood Beach	WA	0
Hollywood Camp OHV Staging Area	OR	1
Hollywood Franklin Park	CA	1
Hollywood Hill	WA	0
Hollywood Park	CA	1
Hollywood Playground	CA	1
Hollywood Recreation Center	CA	1
Hollywood by the Sea	CA	0
Hollywoodland Girls Camp	CA	1
Holm Buttes	CA	2
Holman	WA	0
Holman Campground	WA	1
Holman City Park	OR	1
Holman Hill	CA	2
Holman Hill	WA	2
Holman Peak	WA	2
Holman Point	OR	2
Holman State Park	OR	1
Holmberg Park	WA	1
Holmby Park	CA	1
Holmes	CA	0
Holmes	WA	0
Holmes Harbor	WA	2
Holmes Harbor Mobile Home Court	WA	0
Holmes Hill	OR	2
Holmes Island	WA	2
Holmes Meadow	OR	2
Holmes Playground	CA	1
Holmes Point	WA	2
Holmstedt Lake	WA	2
Holmwell Park	CA	1
Holst Lake	OR	2
Holster Lake	CA	2
Holt	CA	0
Holt Hill	CA	2
Holt Park	CA	1
Holtville	CA	0
Holtzinger	WA	0
Holy City	CA	0
Holy Jim Trail	CA	1
Homan	WA	0
Home	WA	0
Home Bay	CA	2
Home Creek Butte	OR	2
Home Garden	CA	0
Home Gardens	CA	0
Home Hill	CA	2
Home Lake	WA	2
Home Point	OR	2
Home Valley	WA	0
Homeland	CA	0
Homelands	CA	0
Homer	CA	0
Homer Lake	CA	2
Homer Mountain	CA	2
Homeridge Park	CA	1
Homers Nose	CA	2
Homes Trail	WA	1
Homestead	CA	0
Homestead	OR	0
Homestead Butte	OR	2
Homestead Camp	OR	1
Homestead Campground	WA	1
Homestead Field	WA	1
Homestead Hill	CA	2
Homestead Hole	OR	2
Homestead Island	WA	2
Homestead Park	CA	1
Homestead Trail	CA	1
Homestead Valley	CA	0
Homewood	CA	0
Homewood Canyon-Valley Wells	CA	0
Honcut	CA	0
Honda	CA	0
Honda Cove	CA	2
Honda Valley Park	CA	1
Hondo Dog Park	OR	1
Honey Lake	CA	0
Honey Lake	OR	2
Honey Lake	WA	2
Honey Lake State Wildlife Area	CA	1
Honey Lakes	OR	2
Honeybee Campground	CA	1
Honeydew	CA	0
Honeymoon Bay	WA	2
Honeymoon Campground	WA	1
Honeymoon Cove	CA	2
Honeymoon Flat Campground	CA	1
Honeymoon Lake	CA	2
Honeymoon Lake	OR	2
Honeymoon Pool	CA	2
Honker Bay	CA	2
Honky Tonk Picnic Area	CA	1
Honn Campground	CA	1
Honn Lakes	WA	2
Honolulu Oil Main Camp	CA	1
Honour Lake	WA	2
Hoo Hoo Lake (historical)	WA	2
Hoo-Koo-E-Koo Trail	CA	1
Hood	CA	0
Hood	WA	0
Hood Canal	WA	2
Hood Head	WA	2
Hood Junction	CA	0
Hood Mountain	OR	2
Hood Mountain Trail	CA	1
Hood Park	WA	1
Hood Point	WA	2
Hood River	OR	0
Hood River Mountain	OR	2
Hood View Tracts	WA	0
Hoodland County Park	OR	1
Hoodoo Butte	OR	2
Hoodoo Island	CA	2
Hoodoo Mountain	OR	2
Hoodoo Mountain	WA	2
Hoodoo Peak	WA	2
Hoodoo Trail	OR	1
Hoodsport	WA	0
Hoodsport Trail State Park	WA	1
Hoodview	OR	0
Hoodview Campground Boat Launch	OR	1
Hoogdal	WA	0
Hoogie Doogie Mountain	OR	2
Hook Hills	WA	2
Hook Park	CA	1
Hooker	CA	0
Hooker Mountain	CA	2
Hooknose Lake	WA	2
Hooknose Mountain	WA	2
Hooks Point	CA	2
Hookston	CA	0
Hookton	CA	0
Hookton Slough Trail	CA	1
Hooligan Hill	OR	2
Hooligan Lake	CA	2
Hoopa	CA	0
Hoopa Campground	CA	1
Hoopah Lake	CA	2
Hooper	CA	0
Hooper	WA	0
Hooper Beach	CA	1
Hooper Hill	CA	2
Hooper Junction	WA	0
Hooper Lake	CA	2
Hooper Lake	WA	2
Hooper Peak	CA	2
Hooper Springs County Wayside	OR	1
Hoos Swimming Pool	CA	1
Hoosgow Park	CA	1
Hoosimbim Mountain	CA	2
Hoot Owl Camp	WA	1
Hootnanny Point	OR	2
Hoover Campground Boat Ramp	OR	1
Hoover Group Camp	OR	1
Hoover Hill	OR	2
Hoover Park	CA	1
Hoover Park	OR	1
Hoover Playground	CA	1
Hoover Pond Number One	OR	2
Hoover Ponds County Park	OR	1
Hoover School City Park	OR	1
Hoover Wilderness	CA	1
Hope	WA	0
Hope Butte	OR	2
Hope Creek Trail	CA	1
Hope Island	WA	2
Hope Island State Park	WA	1
Hope Lake	WA	2
Hope Mountain	CA	2
Hope Mountain	WA	2
Hope Nature Preserve	CA	1
Hope Ranch	CA	0
Hope Ranch Private Beach	CA	1
Hope Valley Campground	CA	1
Hope Valley State Wildlife Area	WA	1
Hope View Park	CA	1
Hope and Peace Park	CA	1
Hopeton	CA	0
Hopewell	OR	0
Hopkins Butte	CA	2
Hopkins Camp	CA	1
Hopkins Creekside Park	CA	1
Hopkins Lake	WA	2
Hopkins Marine Life Refuge	CA	1
Hopkins Park	CA	1
Hopkins Peak	CA	2
Hopkins School Park	CA	1
Hopland	CA	0
Hoppaw	CA	0
Hopper Hill	CA	2
Hopper Hill	OR	2
Hopper Mountain	CA	2
Hopper Mountain National Wildlife Refuge	CA	1
Hops Hill Campground	WA	1
Hopville	OR	0
Hoquiam	WA	0
Horine Park	CA	1
Horizon Hills Mobile Home Park	CA	0
Horizon Park	CA	1
Horlick	WA	0
Horn Butte	OR	2
Horn Canyon Trail	CA	1
Horn Mountain	CA	2
Horn Peak	CA	2
Horn Pond	OR	2
Horn Rapids County Park	WA	1
Horn Waterhole	OR	2
Hornbrook	CA	0
Hornbrook-Hilt	CA	0
Hornet Butte	OR	2
Hornet Nest Hill	CA	2
Hornitos	CA	0
Hornitos Park	CA	1
Horno Hill	CA	2
Horns Mountain	WA	2
Hornswaggle Group Campground	CA	1
Horr Pond	CA	2
Horse Butte	OR	2
Horse Camp	CA	1
Horse Camp Recreation Site	CA	1
Horse Camp Rim	OR	2
Horse Camp Trail	CA	1
Horse Creek	CA	0
Horse Creek Group Camp	OR	1
Horse Creek Horse Camp	OR	1
Horse Creek Recreation Area	CA	1
Horse Creek Trail	OR	1
Horse Flat Campground	CA	1
Horse Flats Campground	CA	1
Horse Glade Camp	CA	1
Horse Heaven	WA	0
Horse Heaven Buttes	CA	2
Horse Heaven Camp	WA	1
Horse Heaven Group Camp	CA	1
Horse Heaven Mountain	OR	2
Horse Hill	OR	2
Horse Island	CA	2
Horse Lake	CA	0
Horse Lake	OR	2
Horse Lake	WA	2
Horse Lake Mountain	CA	2
Horse Lake Mountain	WA	2
Horse Lake Trail	OR	1
Horse Lakes	OR	2
Horse Meadow Campground	CA	1
Horse Mountain	CA	2
Horse Mountain	OR	2
Horse Mountain	WA	2
Horse Mountain Campground	CA	1
Horse Mountain Trail	OR	1
Horse Pasture Camp	CA	1
Horse Pasture Trail	CA	1
Horse Peak	CA	2
Horse Pond	CA	2
Horse Ranch Lake	CA	2
Horse Ranch Peak	CA	2
Horse Range Lake	CA	2
Horse Range Lakes	CA	2
Horse Ridge National Scenic Trail	CA	1
Horse Ridge Natural Area	OR	1
Horse Sign Butte	OR	2
Horse Slaughter Camp	WA	1
Horse Spring Camp	OR	1
Horse Spring Campground	CA	1
Horse Spring Coulee State Wildlife Area	WA	1
Horse Spring Trail	CA	1
Horse Trail	CA	1
Horse Trail Camp	CA	1
Horse Trail Campground	CA	1
Horsecamp Mountain	CA	2
Horsefly Hill	WA	2
Horsefly Lake	OR	2
Horsefly Mountain	OR	2
Horsehead Bay	WA	2
Horsehead Island	OR	2
Horsehead Lake	OR	2
Horsehead Mountain	CA	2
Horsehead Mountain	OR	2
Horseheaven	OR	0
Horsemans Center Park	CA	1
Horsemans Park	CA	1
Horsepasture Lake	OR	2
Horsepasture Mountain	OR	2
Horseshoe Acres Mobile Home Park	WA	0
Horseshoe Bay	CA	2
Horseshoe Bay	WA	2
Horseshoe Bend	WA	2
Horseshoe Bend Campground	OR	1
Horseshoe Bend Mountain	CA	2
Horseshoe Bend Recreation Area	CA	1
Horseshoe Butte	OR	2
Horseshoe Camp	OR	1
Horseshoe Cove	CA	2
Horseshoe Cove Campground	WA	1
Horseshoe Island	OR	2
Horseshoe Lake	CA	2
Horseshoe Lake	OR	2
Horseshoe Lake	WA	2
Horseshoe Lake Forest Camp	WA	1
Horseshoe Lake Group Campground	CA	1
Horseshoe Lakes	CA	2
Horseshoe Mobile Home Park	WA	0
Horseshoe Mountain	WA	2
Horseshoe Park	CA	1
Horseshoe Peak	WA	2
Horseshoe Point	CA	2
Horseshoe Point	WA	2
Horseshoe Pond	CA	2
Horseshoe Pond	WA	2
Horseshoe Ridge Trail	OR	1
Horseshoe Ridge Trail	WA	1
Horseshoe Rim	OR	2
Horsethief Butte	CA	2
Horsethief Butte	WA	2
Horsethief Lake	WA	2
Horsethief Lake State Park	WA	1
Horsethief Mountain	CA	2
Horsethief Point	WA	2
Horsethief Ridge Trail	CA	1
Horsethief Trail	CA	1
Horsfall Lake	OR	2
Horstville	CA	0
Hortense Lake	CA	2
Hortense Lake	OR	2
Horton	OR	0
Horton Butte	WA	2
Horton Creek Campground	CA	1
Horton Lake	CA	2
Horton Rim	OR	2
Horton Square	CA	1
Hoskin	CA	0
Hoskins	OR	0
Hosmer Lake	OR	2
Hosmer Lake Trail	OR	1
Hospital Flat Campground	CA	1
Hospital Hill	OR	2
Hospital Lake	CA	2
Hospital Mountain	CA	2
Hospitality Point	CA	2
Hostetter Playground	CA	1
Hostler Point	CA	2
Hot Lake	OR	0
Hot Lake	WA	2
Hot Springs	CA	0
Hot Springs	OR	0
Hot Springs Mountain	CA	2
Hot Springs Park	CA	1
Hot Springs Peak	CA	2
Hot Springs Trail	CA	1
Hotchkiss Hill	CA	2
Hotchkiss Park	CA	1
Hotel Camp	CA	1
Hotel de Bum Camp	OR	1
Hotelling Campground	CA	1
Hotlum	CA	0
Hott Park	CA	1
Houge Park	CA	1
Hough Springs	CA	0
Houghton	WA	0
Houghton Beach Park	WA	1
Houghton Landing County Park	OR	1
Houghton Park	CA	1
Houghton Place	CA	0
Houghton Schreiber Park	CA	1
Houk Park	CA	1
Hour Creek Campground	WA	1
House Butte	OR	2
House Mountain	OR	2
House Rock	OR	2
House Rock	WA	2
Housekeeping Camp	CA	1
Houser	WA	0
Houser Camp	CA	1
Houston Butte	OR	2
Houston Lake	OR	2
Houze Place	CA	0
Hovander Homestead Park	WA	1
Hover Park	WA	1
Hovey Point	CA	2
Hovley	CA	0
Howard	CA	0
Howard	WA	0
Howard Amon Park	WA	1
Howard Bay	OR	2
Howard Bay Park	OR	1
Howard Buford Recreation Area	OR	1
Howard Butte	OR	2
Howard Creek Camp	CA	1
Howard Creek Trail	WA	1
Howard Cutoff Trail	OR	1
Howard Hill	CA	2
Howard Intramural Field	CA	1
Howard Jones Field	CA	1
Howard King Trail	CA	1
Howard Lake	CA	2
Howard Lake	WA	2
Howard Landing	CA	0
Howard Lane Park	CA	1
Howard Loy Park	CA	1
Howard M Terpenning Recreation Complex	OR	1
Howard Meadow Camp	OR	1
Howard Meadow Trail	OR	1
Howard Park	CA	1
Howard Peak	CA	2
Howard Peak	WA	2
Howard Point	OR	2
Howard Point	WA	2
Howard Prairie County Recreation Area	OR	1
Howard Prairie County Resort	OR	1
Howard Rierson Spruce Run County Park	OR	1
Howard Springs	CA	0
Howard Wiechert Park	CA	1
Howards Corner	WA	0
Howards Gulch Campground	CA	1
Howarth Memorial Park	CA	1
Howe Community Park	CA	1
Howe Homestead Park	CA	1
Howe Park	OR	1
Howe Point	CA	2
Howell Camp	CA	1
Howell Hill	CA	2
Howell Lake	OR	2
Howell Lake	WA	2
Howell Mountain	CA	0
Howell Place	CA	0
Howell Territorial Park	OR	1
Howes Camp	CA	1
Howitzer Point	CA	2
Howkum Lake	OR	2
Howland Flat	CA	0
Howland Hill	CA	2
Howland Summit	CA	2
Howlock Mountain	OR	2
Howlock Mountain Horse Camp	OR	1
Howluk Butte	OR	2
Hoxit State Wildlife Area	WA	1
Hoypus Hill	WA	2
Hoypus Point	WA	2
Hoyt Arboretum	OR	1
Hoyt Mountain	CA	2
Hozomeen Campground	WA	1
Hozomeen Lake	WA	2
Hozomeen Mountain	WA	2
Huasna	CA	0
Huasna Peak	CA	2
Hub	CA	0
Hubbard	OR	0
Hubbard Hill	CA	2
Hubbard Hill	OR	2
Hubbard Lake	OR	2
Hubbard Lake	WA	2
Hubbard Mound	OR	2
Hubbart Peak	WA	2
Hubbel Lake	OR	2
Huber	OR	0
Huber County Park	OR	1
Huber Lake	WA	2
Huber Park	CA	1
Hubert H Humphrey Memorial Park	CA	1
Hubert Place	CA	0
Huck Park	CA	1
Huckleberry Botanic Regional Preserve	CA	1
Huckleberry Butte	OR	2
Huckleberry Butte	WA	2
Huckleberry Camp	OR	1
Huckleberry Campground	CA	1
Huckleberry Ford Campground	WA	1
Huckleberry Forest Camp	WA	1
Huckleberry Hill	CA	2
Huckleberry Island	WA	2
Huckleberry Lake	CA	2
Huckleberry Lake	OR	2
Huckleberry Lake Campground	OR	1
Huckleberry Mountain	CA	2
Huckleberry Mountain	OR	2
Huckleberry Mountain	WA	2
Huckleberry Mountain Trail	OR	1
Huckleberry Swamp	WA	2
Huckleberry Trail	CA	1
Huckleberry Trail	OR	1
Huckleberry Trail	WA	1
Huddart Park	CA	1
Huddleston Pond Park	OR	1
Hudner	CA	0
Hudson Bay	WA	2
Hudson Bay Camp	CA	1
Hudson Country Park	OR	1
Hudson Cove	WA	2
Hudson Park	CA	1
Hudson island	OR	2
Hudson-Carpenter Park	CA	1
Hudspeth Cow Camp	OR	1
Huelsdonk Campground	WA	1
Hueneme Lagoon (historical)	CA	2
Huff Lake	WA	2
Huffaker Mountain	WA	2
Huffman Butte	CA	2
Huffman Camp	OR	1
Huffman Island	OR	2
Huffman Peak	WA	2
Hufford Lake	CA	2
Hug Point	OR	2
Hug Point State Park	OR	1
Hughes Bay	WA	2
Hughes Hill	CA	2
Hughes Lake	CA	2
Hughes Lake	WA	2
Hughes Mill	CA	0
Hughes Mountain	CA	2
Hughes Park	CA	1
Hughes Place	CA	0
Hughet Lake	OR	2
Hughson	CA	0
Hugo	OR	0
Hugo Lake	WA	2
Hugo Peak	WA	2
Hugo Reid Park	CA	1
Hulaville State Historic Landmark	CA	1
Hulbert Lake	OR	2
Hulbert Mountain	CA	2
Hulburd Grove	CA	0
Hull Creek Campground	CA	1
Hull Lake	WA	2
Hull Mountain	CA	2
Hull Mountain	OR	2
Hull Park	CA	1
Hult Butte	WA	2
Hult City Park	OR	1
Humber Park	CA	1
Humboldt Bay	CA	2
Humboldt Bay National Wildlife Refuge	CA	1
Humboldt County Fairgrounds	CA	1
Humboldt Hill	CA	0
Humboldt Lagoons State Park	CA	1
Humboldt Peak	CA	2
Humboldt Redwoods State Park	CA	1
Humboldt Street Park	CA	1
Humboldt Summit	CA	2
Humboldt Trail	CA	1
Humbug Lake	OR	2
Humbug Mountain	CA	2
Humbug Mountain	OR	2
Humbug Mountain State Park	OR	1
Humbug Point	CA	2
Humbug Point	OR	2
Humbug Ridge Trail	OR	1
Humbug Summit	CA	2
Humbug Trail	CA	1
Hume	CA	0
Hume Lake	CA	2
Hume Lake Campground	CA	1
Hume Lake Christian Camp	CA	1
Hume Station	CA	0
Hummel Lake	WA	2
Hummingbird Lake	CA	2
Hummingbird Mountain	OR	2
Humorist	WA	0
Hump Hill	CA	2
Hump Island	WA	2
Hump Rock	CA	2
Hump Rock	OR	2
Humpback Mountain	WA	2
Humphrey	WA	0
Humphrey Head	WA	2
Humphrey Hill	WA	2
Humphreys	CA	0
Humphreys Camp	OR	1
Humptulips	WA	0
Humptulips-Grass Creek Wildlife Area	WA	1
Humpy Mountain	OR	2
Hunchback Mountain Trail	OR	1
Hunewill Lake	CA	2
Hunewill Peak	CA	2
Hungary Hunt Peak	CA	2
Hunger Mountain	WA	2
Hungerford Point	WA	2
Hungry Gulch Campground	CA	1
Hungry Hill	CA	2
Hungry Hill	OR	2
Hungry Hill	WA	2
Hungry Mountain	OR	2
Hungry Mountain	WA	2
Hungry Packer Lake	CA	2
Hungry Peak	WA	2
Hungry Valley Oak Woodland Natural Preserve	CA	1
Hungry Valley State Vehicular Recreation Area	CA	1
Hungryman Cove	OR	2
Hunodim Peak	CA	2
Hunsinger Lake	WA	2
Hunsucker Trail	CA	1
Hunt	WA	0
Hunt Butte	OR	2
Hunt Cove	OR	2
Hunt Mountain	OR	2
Hunt Park	CA	1
Hunt Point	WA	2
Hunt's Point	WA	0
Hunter Bay	WA	2
Hunter Butte	OR	2
Hunter Camp	CA	1
Hunter Camp	OR	1
Hunter Camp Way	OR	1
Hunter Campground	OR	1
Hunter Creek	OR	0
Hunter Creek Bog	OR	2
Hunter Creek Camp Ground	CA	1
Hunter Creek Trail	OR	1
Hunter Hill	OR	2
Hunter Lake	OR	2
Hunter Lake	WA	2
Hunter Mountain	CA	2
Hunter Mountain	OR	2
Hunter Mountain	WA	2
Hunter Park	CA	1
Hunter Peak	OR	2
Hunter Place	CA	0
Hunter Point	CA	2
Hunter Point	WA	2
Hunter Rock	CA	2
Hunter Square	CA	1
Hunter Valley Mountain	CA	2
Hunters	WA	0
Hunters Camp	CA	1
Hunters Camp	OR	1
Hunters Cove	OR	2
Hunters Hill	CA	2
Hunters Island	OR	2
Hunters Point	CA	2
Hunters Trail	CA	1
Hunters Trail	WA	1
Hunters Valley Point Recreation Area	CA	1
Hunting Camp Cow Camp	OR	1
Hunting Camp Number Four	CA	1
Hunting Camp Number Two	CA	1
Hunting Islands	WA	2
Huntington	OR	0
Huntington Beach	CA	0
Huntington Central Park	CA	1
Huntington City Beach	CA	1
Huntington Lake	CA	0
Huntington Lake Game Refuge	CA	1
Huntington Park	CA	0
Huntington State Beach	CA	1
Huntley	CA	0
Huntley	WA	0
Huntley Mill Lake	CA	2
Huntley Park	OR	1
Huntoon Camp	CA	1
Huntoon Point	WA	2
Hunts Bluff	WA	2
Hunts Lake	OR	2
Hunts Mill Point	OR	2
Hunts Point	WA	0
Huntsville	WA	0
Hupa Mountain	CA	2
Hurd Lake	CA	2
Hurd Peak	CA	2
Hurdygurdy Butte	CA	2
Hurkey Creek Campground	CA	1
Hurkey Creek Park	CA	1
Hurlbut	CA	0
Hurless Barton Park	CA	1
Hurleton	CA	0
Hurley Lake	WA	2
Hurley Peak	WA	2
Hurley cove	WA	2
Huron	CA	0
Huron Recreation Center	CA	1
Hurricane Deck Trail	CA	1
Hurricane Hill	WA	2
Hurricane Hill Trail	WA	1
Hurricane Peak	WA	2
Hurricane Point	CA	2
Hurricane Point	OR	2
Hurry-up Peak	WA	2
Hurryon Camp	OR	1
Hurst Park	CA	1
Husband Lake	OR	2
Husteo Park	CA	1
Husum	WA	0
Hutcheson Park	CA	1
Hutchins Group Campground	CA	1
Hutchinson	OR	0
Hutchinson Hill	OR	2
Hutchinson Lake	WA	2
Hutchinson State Park	OR	1
Hutchison Intramural Field	CA	1
Hutt	CA	0
Hutton Campground	CA	1
Hutton Peak	CA	2
Hutton Settlement	WA	0
Huttula Lake	WA	2
Huxley Lake	OR	2
Huysink Lake	CA	2
Hyak	WA	0
Hyak County Park	OR	1
Hyak Lake	WA	2
Hyampom	CA	0
Hyampom Mountain	CA	2
Hyas Lake	WA	2
Hyatt Lake	CA	2
Hyatt Lake	WA	2
Hyatt Lake Campground	OR	1
Hyatt Lake Resort Campers Cove Dock	OR	1
Hyde Lake	WA	2
Hyde Point	WA	2
Hydesville	CA	0
Hydril	CA	0
Hydril Hill	CA	2
Hyland	WA	0
Hyland Forest Park	OR	1
Hyland Hill	WA	2
Hylebos Creek Mobile Home Park	WA	0
Hyman Field	CA	1
I Park	CA	1
I-82 Ponds State Wildlife Area	WA	1
Iaqua Buttes	CA	2
Ibach City Park	OR	1
Ibach Nature Park	OR	1
Ibex Butte	OR	2
Ibex Dunes	CA	2
Ibex Peak	CA	2
Ibex Wilderness	CA	1
Ibis	CA	0
Ice Cap Creek Campground Unimproved Boat Launch	OR	1
Ice Cave Campground	WA	1
Ice Cave Mountain	CA	2
Ice Caves State Park (historical)	WA	1
Ice Creek Camp	WA	1
Ice House Campgound	CA	1
Ice House Lake	OR	2
Ice House Lake	WA	2
Ice Lake	CA	2
Ice Lake	OR	2
Ice Lake	WA	2
Ice Lakes	CA	2
Ice Lakes	WA	2
Iceberg Island	WA	2
Iceberg Island State Marine Park	WA	1
Iceberg Lake	CA	2
Iceberg Lake	WA	2
Iceberg Peak	CA	2
Iceberg Point	WA	2
Icehouse Lake	WA	2
Iceland	CA	0
Iceland Lake	CA	2
Ichter Hill	WA	2
Icicle City Park	OR	1
Icicle Trail	WA	1
Icy Peak	WA	2
Ida Creek Campground	WA	1
Ida Island	CA	2
Ida Lake	WA	2
Idaho Lake	CA	2
Idaho Point	OR	2
Idanha	OR	0
Idaville	OR	0
Ideal Mobile Home Park	CA	0
Ides Cove National Recreation Trail	CA	1
Idlehour Campground	CA	1
Idlehour Trail	CA	1
Idlewild	CA	0
Idlewild Campground	CA	1
Idleyld Park	OR	0
Idria	CA	0
Idria Peak	CA	2
Idyllwild	CA	0
Idyllwild Park	CA	1
Idyllwild-Pine Cove	CA	0
Idylwood Park	WA	1
Igerna	CA	0
Iglesia Community Park	CA	1
Ignacio Valley Preserve	CA	1
Ignatius Heights	CA	2
Igo	CA	0
Igo Butte	OR	2
Ika Island	WA	2
Ike Butte	OR	2
Ike Dye Hill	CA	2
Ike Kinswa Campground	WA	1
Ike Kinswa State Park	WA	1
Ike Mountain	WA	2
Ikes Mountain	CA	2
Ikt Butte	OR	2
Illa Collin Park	CA	1
Illabot Lake	WA	2
Illabot Peaks	WA	2
Illahe	OR	0
Illahe Hill	OR	2
Illahee	WA	0
Illahee Camp	WA	1
Illahee State Park	WA	1
Iller Creek Conservation Area	WA	1
Illia	WA	0
Illinois Hill	CA	2
Illinois National Wild and Scenic River	OR	1
Illinois River Forks State Park	OR	1
Illinois River Trail	OR	1
Ilmon	CA	0
Ilwaco	WA	0
Image	WA	0
Image Lake	WA	2
Imagination Peak	OR	2
Iman Lake	WA	2
Imbler	OR	0
Imhoff	CA	0
Imnaha	OR	0
Imnaha River Woods Development	OR	0
Impach	WA	0
Impassable Rock	CA	2
Impassable Rocks	CA	2
Imperial	CA	0
Imperial Beach	CA	0
Imperial Beach Sports Park	CA	1
Imperial Highway Monument	CA	1
Imperial National Wildlife Refuge	CA	1
Imperial Park	CA	1
Imperial Waterfowl Management Area	CA	1
In-Ko-Pah County Park	CA	1
Ina Coolbrith Park	CA	1
Inaja Memorial Park	CA	1
Inaja Nature National Recreation Trail	CA	1
Inati Bay	WA	2
Inca	CA	0
Inchelium	WA	0
Incline	CA	0
Incline Truck Trail	WA	1
Inconsolable Lake	CA	2
Independence	CA	0
Independence	OR	0
Independence	WA	0
Independence Creek Campground	CA	1
Independence Lake	CA	2
Independence Lake	WA	2
Independence Lake Campground	CA	1
Independence Park	CA	1
Independence Park of Fullerton	CA	1
Independence Pass Interpretive Trail	WA	1
Independence Pass Viewpoint	WA	1
Independence Peak	CA	2
Independence Point	CA	2
Independence, Rail Rd Flat	CA	0
Independent Mountain	WA	2
Independent Order of Odd Fellows Camp	CA	1
Independent Park	CA	1
Index	WA	0
Index Hill	CA	2
India Basin	CA	2
Indian Beach	CA	1
Indian Beach	OR	1
Indian Beach	WA	0
Indian Butte	CA	2
Indian Butte	OR	2
Indian Camp	OR	1
Indian Camp Campground	WA	1
Indian Canyon Park	WA	1
Indian Cove	WA	2
Indian Cove Campground	CA	1
Indian Creek	CA	0
Indian Creek Baldy	CA	2
Indian Creek Butte	OR	2
Indian Creek Buttes	OR	2
Indian Creek Camp	OR	1
Indian Creek Campground	CA	1
Indian Creek Campground	OR	1
Indian Creek Campground	WA	1
Indian Creek Campground Boat Ramp	OR	1
Indian Creek County Park	CA	1
Indian Creek Recreation Lands	CA	1
Indian Creek Trail	CA	1
Indian Creek Trail	OR	1
Indian Creek Trail	WA	1
Indian Creek Trailer Park	CA	0
Indian Creek Truck Trail	CA	1
Indian Dan Canyon State Wildlife Area	WA	1
Indian Falls	CA	0
Indian Fishery	CA	2
Indian Flat Campground	CA	1
Indian Flat Campground	WA	1
Indian Flats Campground	CA	1
Indian Flats Group Campground	CA	1
Indian Grinding Rock State Historic Park	CA	1
Indian Gulch	CA	0
Indian Head	CA	2
Indian Head	OR	2
Indian Head Peak	WA	2
Indian Head Rock	OR	2
Indian Heaven Lakes	WA	2
Indian Heaven Trail	WA	1
Indian Heaven Wilderness	WA	1
Indian Hill	CA	2
Indian Hill	OR	2
Indian Hill	WA	2
Indian Hill Nature Trail	CA	1
Indian Hill Ranch Campground	CA	1
Indian Hills	CA	0
Indian Hills Camp	CA	1
Indian Hills Palms Park	CA	1
Indian Hole	WA	2
Indian Hole Campground	WA	1
Indian Island	CA	2
Indian Island	WA	2
Indian Island County Park	WA	1
Indian John Hill	WA	2
Indian John Island	OR	2
Indian John Island Park	OR	1
Indian Knob	CA	2
Indian Knoll	CA	2
Indian Lake	CA	2
Indian Lake	OR	2
Indian Lakes	OR	2
Indian Lakes Estates	CA	0
Indian Lakes Park	CA	1
Indian Mary County Park	OR	1
Indian Meadow	CA	2
Indian Mountain	CA	2
Indian Mountain	OR	2
Indian Mountain	WA	2
Indian Nature Trail	CA	1
Indian Nose	OR	2
Indian Oaks	CA	0
Indian Oaks Campground	CA	1
Indian Painted Rocks State Park	WA	1
Indian Palms Trail	CA	1
Indian Pass Wilderness	CA	1
Indian Peak	CA	2
Indian Pictographs Historical Marker	CA	1
Indian Point	CA	2
Indian Point	OR	2
Indian Point	WA	2
Indian Ponds	WA	2
Indian Potrero Truck Trail	CA	1
Indian Prairie Lake	OR	2
Indian Rock	CA	2
Indian Rock	OR	2
Indian Rock	WA	2
Indian Rock Paintings State Park	WA	1
Indian Rock Park	CA	1
Indian Rock Trail	OR	1
Indian Rocks	CA	2
Indian Rocks	OR	2
Indian Scotty Campground	CA	1
Indian Spring Butte	OR	2
Indian Spring Mountain	CA	2
Indian Springs	CA	0
Indian Springs Campground	CA	1
Indian Springs Campground	OR	1
Indian Springs Campground (historical)	OR	1
Indian Springs Park	CA	1
Indian Stone Corral Park	CA	1
Indian Tom Lake	CA	2
Indian Tom Trail	WA	1
Indian Trail	CA	1
Indian Trail	OR	1
Indian Trail Park	WA	1
Indian Tree Preserve	CA	1
Indian Truck Trail	CA	1
Indian Valley Camp Ground	CA	1
Indian Valley Campground	CA	1
Indian Valley Preserve	CA	1
Indian Village	CA	0
Indian Village	OR	0
Indian Village	WA	0
Indian Village Mobile Home Park	WA	0
Indian Village Park	CA	1
Indian Well Campground	CA	1
Indian Wells	CA	0
Indiana Summit	CA	2
Indiana Summit Research Natural Area	CA	1
Indianhead	CA	2
Indianola	CA	0
Indianola	WA	0
Indians Trail	CA	1
Indicator Peak	CA	2
Indigo Lake	OR	2
Indigo Lake	WA	2
Indio	CA	0
Indio Hills	CA	0
Indio Mountain	CA	2
Indio Terrace Park	CA	1
Indiola	OR	0
Industry	CA	0
Industry Hills Recreation Center	CA	1
Infant Buttes	CA	2
Infernal Caverns Battleground Memorial Monument	CA	1
Inferno Lakes	CA	2
Ingalls Bluff	CA	2
Ingalls Park	CA	1
Ingalls Peak	WA	2
Ingalls Swamp	CA	2
Inger Property	OR	1
Ingham Peak	CA	2
Ingle	CA	0
Ingle Mountain	OR	2
Inglemoor County Park	WA	1
Inglenook	CA	0
Inglenook Fen	CA	2
Inglenook Fen-Ten Mile Dunes Natural Preserve	CA	1
Inglesea	WA	0
Inglewood	CA	0
Inglewood	WA	0
Inglewood Estates Mobile Home Park	WA	0
Inglewood-Finn Hill	WA	0
Inglis	OR	0
Ingomar	CA	0
Ingot	CA	0
Ingram	CA	0
Ingram Butte	OR	2
Ingram Camp	OR	1
Ingram Island	OR	2
Ingram Park	CA	1
Ingram Point	OR	2
Injun Jim Campground	CA	1
Ink Blot Natural Area Preserve	WA	1
Ink Lake	CA	2
Inklers Point	WA	2
Inkster Lake	WA	2
Inland Empire	CA	2
Inlet Trail	CA	1
Inlow Butte	CA	2
Inlow Camp	WA	1
Inman Lake	WA	2
Inman Rock	CA	2
Inner Crown Point	CA	2
Inner Greenbelt	CA	1
Inner Harbor	CA	2
Inner Harbor Basin	CA	2
Inning Field	WA	1
Inperial Gables	CA	0
Inskip	CA	0
Inskip Hill	CA	2
Inspiration Lake	WA	2
Inspiration Peak	WA	2
Inspiration Point	CA	2
Inspiration Point	OR	2
Inspiration Point	WA	2
Intake Campground	CA	1
Intake Trail	OR	1
Intake Trail	WA	1
Intalco State Wildlife Area	WA	1
Intel Aloha Wetlands Park	OR	1
Intercity	WA	0
Interlachen	OR	0
Interlake Island	WA	2
Interlaken	CA	0
Interlaken	WA	0
Interlaken Park	WA	1
Intermountain Conservation Camp	CA	1
International Friendship Park	CA	1
International Park	CA	1
International Trail	CA	1
Interstate Fairgrounds	WA	1
Intramural Sports Field Number 3	WA	1
Inverness	CA	0
Inverness Park	CA	0
Inwood	CA	0
Inyo Camp	CA	1
Inyo Crater Lakes	CA	2
Inyo Craters Campground	CA	1
Inyo Mountains Wilderness	CA	1
Inyokern	CA	0
Inyokern County Park	CA	1
Ione	CA	0
Ione	OR	0
Ione	WA	0
Ione City Park	OR	1
Ione Hill	WA	2
Iowa City	CA	0
Iowa Hill	CA	0
Iowa Hill	OR	2
Iowa Rock	WA	2
Ipsoot Butte	OR	2
Ipsoot Lake	WA	2
Ipsut Creek Campground	WA	1
Ipsut Creek Trail	WA	1
Ira Keller Fountain	OR	1
Ira Spring Mountain	WA	2
Ira Spring Trail	WA	1
Irby	WA	0
Irby Park	CA	1
Ireland	WA	0
Ireland Lake	CA	2
Irely Lake	WA	2
Iremel	CA	0
Irene Mountain	WA	2
Irene Peak	CA	2
Irenes Camp	WA	1
Iridescent Lake	CA	2
Iris	CA	0
Iris Canyon Greenbelt	CA	1
Iris Garden	CA	1
Iris Meadow Campground	CA	1
Iris Pond	OR	2
Irish Bend County Park	OR	1
Irish Camp Lake	OR	2
Irish Hill	CA	2
Irish Hill	OR	2
Irish Isles	CA	2
Irish Lake	OR	2
Irish Mountain	CA	2
Irish Mountain	OR	2
Irish Mountain	WA	2
Irishmans Campground	OR	1
Irma	CA	0
Irmulco	CA	0
Iron Bear Creek Trail	WA	1
Iron Bound Bay	CA	2
Iron Cap Mountain	WA	2
Iron Creek Butte	WA	2
Iron Creek Campground	WA	1
Iron Fork Camp	CA	1
Iron Gate Campground	WA	1
Iron Hand	OR	2
Iron Hill	CA	2
Iron Horse	CA	0
Iron Horse Plaza	CA	1
Iron Knob	OR	2
Iron Lake	CA	2
Iron Lakes	CA	2
Iron Mountain	CA	0
Iron Mountain	OR	2
Iron Mountain	WA	2
Iron Mountain City Park	OR	1
Iron Peak	CA	2
Iron Peak	WA	2
Iron Point	CA	2
Iron Point	OR	2
Iron Spring Mountain	CA	2
Iron Springs	WA	0
Irondale	WA	0
Ironside	OR	0
Ironside Butte	OR	2
Ironside Mountain	CA	2
Ironside Mountain	OR	2
Ironstone Mountain	WA	2
Ironstone Mountain Trail	WA	1
Ironwood Campsite	CA	1
Irrigon	OR	0
Irrigon Fish Hatchery	OR	1
Irrigon Marina Park	OR	1
Irrigosa	CA	0
Irvine	CA	0
Irvine Bowl Park	CA	1
Irvine Coast Marine Life Refuge	CA	1
Irvine Lake Park	CA	1
Irvine Mesa	CA	2
Irvine Park	CA	1
Irvine Rest Area	CA	1
Irvine Slough	WA	2
Irvine Terrace Park	CA	1
Irvine-Lake Forest	CA	0
Irving	OR	0
Irving City Park	OR	1
Irving Finch River Access	CA	1
Irving Mountain	CA	2
Irving Park	CA	1
Irving Peak	WA	2
Irving Schachter Park	CA	1
Irvings Crest	CA	0
Irvington Community Park	CA	1
Irwin	CA	0
Irwin Bright Lake	CA	2
Irwin City Park	OR	1
Irwin Estates	CA	0
Irwin Rocks	OR	2
Irwindale	CA	0
Irwindale Park	CA	1
Irwins Pond	WA	2
Isaac Evans Park	WA	1
Isaacson Lake	WA	2
Isabel Cook Recreation Center	CA	1
Isabella Lake	WA	2
Isadore Butte	OR	2
Isberg Lakes	CA	2
Isberg Peak	CA	2
Isham Hill	CA	2
Isherwood Lake	OR	2
Ishi Wilderness	CA	1
Isinglass Lake	CA	2
Isla Vista	CA	0
Isla Vista County Park	CA	1
Island A	WA	2
Island B	WA	2
Island Bar Hill	CA	2
Island Beach	CA	1
Island Butte	CA	2
Island Campground	WA	1
Island Chaffee	CA	2
Island City	OR	0
Island Crest Park	WA	1
Island Freeman	CA	2
Island Grissom	CA	2
Island Lake	CA	2
Island Lake	OR	2
Island Lake	WA	2
Island Lake Campground (historical)	OR	1
Island Lake Trail	OR	1
Island Lakes	WA	2
Island Meadow Trail	OR	1
Island Mountain	CA	0
Island Mountain	WA	2
Island Number 17 (historical)	OR	2
Island Number 18 (historical)	WA	2
Island Number One	CA	2
Island Number One (historical)	CA	2
Island Number Two	CA	2
Island Park	OR	1
Island Park Manufactured Home Park	WA	0
Island Rock	OR	2
Island Rock	WA	2
Island Slough	CA	2
Island State Wildlife Area	WA	1
Island Twentyone	WA	2
Island View	WA	0
Island White	CA	2
Island of Saint James	CA	2
Islandale	WA	0
Islander Mobile Home Park	WA	0
Islander Park	CA	1
Islay Creek Trail	CA	1
Islay Hill	CA	2
Islet Point	OR	2
Isleton	CA	0
Isolation Lake	WA	2
Isosceles Peak	CA	2
Issaquah	WA	0
Isthmus Cove	CA	2
Isthmus Point	OR	2
Italian Bar Trail	CA	1
Italian Point	CA	2
Italian Society Park	CA	1
Italian Swiss Colony	CA	0
Itswoot Lake	WA	2
Ivan Oakes Park	OR	1
Ivanhoe	CA	0
Ivanhoe Park	WA	1
Ivanpah	CA	0
Ivers Peak	OR	2
Iversen Point	CA	2
Iverson Indian Rancheria	CA	0
Iverson Trail	CA	1
Ives Island	WA	2
Ives Park	CA	1
Ives Peak	WA	2
Ivesta	CA	0
Ivey Ranch Park	CA	1
Ivory	CA	0
Ivy Park	CA	1
Ivy del Mobile Home Park	CA	0
Izaak Walton Lake	CA	2
Izaak Walton Park	CA	1
Izee	OR	0
J Claude Nelson Park	CA	1
J F Baldwin Park	CA	1
J F Kennedy Park	CA	1
J F Mountain	CA	2
J J Collins Memorial Park	OR	1
J Kerman Cooper Field	CA	1
J Line Pond	WA	2
J Pond	OR	2
J S Burres State Park	OR	1
J and L Mobile Home Park	WA	0
J. A. Lewiss Park	CA	1
Jabu Lake	CA	2
Jacinto	CA	0
Jack B Lively Memorial Park	OR	1
Jack City Park	OR	1
Jack Davis Park	CA	1
Jack Farrell Park	CA	1
Jack Island	WA	2
Jack Lake	CA	2
Jack Lake	OR	2
Jack Lake	WA	2
Jack London Square	CA	1
Jack London State Historic Park	CA	1
Jack Morgan County Park	OR	1
Jack Mountain	OR	2
Jack Mountain	WA	2
Jack Mountain Trail	WA	1
Jack Point	OR	2
Jack Point	WA	2
Jack Smith Memorial Park	CA	1
Jack Tone Homestead Historical Marker	CA	1
Jack Travis Estates Mobile Home Park	WA	0
Jack Williams Park	CA	1
Jack Woods Butte	WA	2
Jack and Jenny Buttes	OR	2
Jack of Clubs	OR	2
Jackass Butte	CA	2
Jackass Butte	OR	2
Jackass Butte	WA	2
Jackass Cone	CA	2
Jackass Dike	CA	2
Jackass Lakes	CA	2
Jackass Mountain	CA	2
Jackass Mountain	OR	2
Jackass Mountain	WA	2
Jackass Park	CA	1
Jackass Peak	CA	2
Jackass Point	CA	2
Jackass Rock	CA	2
Jackass Rock Organization Camp	CA	1
Jackass Spring Campground	CA	1
Jackass's Meadows Campground	CA	1
Jackie Husen Park	OR	1
Jackie Robinson Park	CA	1
Jackies Butte	OR	2
Jackies Thicket	OR	2
Jackknife Butte	WA	2
Jackknife Mountain	WA	2
Jackman Creek State Wildlife Area	WA	1
Jackman Park Campground	OR	1
Jackpot Lake	WA	2
Jackpot Meadow	OR	2
Jackrabbit Hill	CA	2
Jacks Butte	CA	2
Jacks Camp	CA	1
Jacks Camp	OR	1
Jacks Camp Reservoir	OR	2
Jacks Hill	CA	2
Jacks Lake	CA	2
Jacks Lakes	OR	2
Jacks Meadow Pond	CA	2
Jacks Peak	CA	2
Jacks Peak County Park	CA	1
Jacks Pond Park	CA	1
Jacks Swamp	CA	2
Jacksnipe	CA	0
Jackson	CA	0
Jackson	WA	0
Jackson Beach	WA	1
Jackson Bluffs	CA	2
Jackson Butte	CA	2
Jackson Buttes	OR	2
Jackson Camp	CA	1
Jackson County Sports Park	OR	1
Jackson Court House State Park	WA	1
Jackson Cove	WA	2
Jackson Creek Campground	CA	1
Jackson Creek Trail	OR	1
Jackson F Kimball State Park	OR	1
Jackson Flat Campground	CA	1
Jackson Flats Trail	CA	1
Jackson Frazier Wetland	OR	1
Jackson Hill	CA	2
Jackson Hill	OR	2
Jackson Island	WA	2
Jackson Lake	CA	2
Jackson Lake	OR	2
Jackson Lake	WA	2
Jackson Mountain	CA	2
Jackson Mountain	WA	2
Jackson Oaks Park	CA	1
Jackson Park	CA	1
Jackson Park	OR	1
Jackson Peak	CA	2
Jackson Peak	OR	2
Jackson Point Campground	CA	1
Jackson Square Historic District	CA	1
Jackson State Forest	CA	1
Jackson Trail	CA	1
Jacksonville	OR	0
Jacksonville Hill	OR	2
Jacob Street Park	CA	1
Jacobs Corner	CA	0
Jacobs Ladder	CA	1
Jacobs Park	CA	1
Jacobs Square	OR	1
Jacoby Butte	OR	2
Jacoby Mountain	OR	2
Jacobys Shorecrest County Park	WA	1
Jacumba Community Park	CA	1
Jacumba Hot Springs	CA	0
Jacumba Peak	CA	2
Jacumba Wilderness	CA	1
Jade Camp	OR	1
Jade Cove	CA	2
Jade Lake	WA	2
Jade Street Park	CA	1
Jaeger Park	CA	1
Jagged Island	WA	2
Jago Bay	CA	2
Jahraus Park	CA	1
Jakes Island	CA	2
Jakes Island Trail	CA	1
Jakes Lake	WA	2
Jakes Lower Camp	CA	1
Jakes Peak	CA	2
Jakes Upper Camp	CA	1
Jakey Lake	CA	2
Jakeys Hill	CA	2
Jakles Lagoon	WA	2
Jalama	CA	0
Jalama Beach County Park	CA	1
Jamacha	CA	0
Jamacha Junction	CA	0
Jamajab Point	CA	2
James	CA	0
James Butte	OR	2
James Hagerman Softball Complex	CA	1
James Irvine Trail	CA	1
James Island	WA	2
James Island State Park	WA	1
James J Lawless Park	WA	1
James Kenney Playground	CA	1
James Lee Campground	CA	1
James Marshall Park	CA	1
James Park	OR	1
James Park	WA	1
James Pond	WA	2
James Simpson Park	CA	1
James Street Estates Mobile Home Park	WA	0
James V Fitzgerald Marine Reserve	CA	1
James W Marshall State Historical Monument	CA	1
James Wood Park	OR	1
Jamesan	CA	0
Jamesburg	CA	0
Jameson Lake	WA	2
Jamestown	CA	0
Jamestown	WA	0
Jamestown Conservation Camp	CA	1
Jamestown Estates Mobile Home Park	WA	0
Jamieson	OR	0
Jamison Corner	WA	0
Jamison Lake	CA	2
Jamison Meadow	OR	2
Jamison Square	OR	1
Jamo Point	CA	2
Jamul	CA	0
Jamul Butte	CA	2
Jamul Indian Village	CA	0
Jandina Park	OR	1
Jane Addams Park	CA	1
Jane Reynolds Park	CA	1
Janes Place	CA	0
Janesville	CA	0
Janet Lake	WA	2
Janetski Field	CA	1
Janicke Slough	WA	2
Janis	WA	0
Jans Hill	WA	2
Jansen Hill	WA	2
Jantz	WA	0
Janus Butte Trail	OR	1
Japacha Peak	CA	2
Japanese American Historical Plaza	OR	1
Japanese Gardens	CA	1
Japanese Gardens	OR	1
Japanese Lake	WA	2
Japanese Point	CA	2
Japanese Tea Garden	CA	1
Jaquith Park	OR	1
Jarchow Lake	WA	2
Jardin de Ninos Park	CA	1
Jared	WA	0
Jarnigan Pond	CA	2
Jarrell Cove	WA	2
Jarrell Cove State Park	WA	1
Jasmin	CA	0
Jasmine View Park	CA	1
Jason Lakes	WA	2
Jason Lee Mission Historical Marker	OR	1
Jasper	OR	0
Jasper Bay	WA	2
Jasper Mountain	WA	2
Jasper Park	CA	1
Jasper Point	CA	2
Jasper Ridge Biological Preserve	CA	1
Jasper State Park	OR	1
Jastro	CA	0
Jastro Park	CA	1
Java	CA	0
Jawbone Camp	CA	1
Jawbone Lake	CA	2
Jawbone Pass Pond	CA	2
Jay Lake	OR	2
Jay Lake	WA	2
Jay Trail Camp	CA	1
Jaycee Park	OR	1
Jayhawk	CA	0
Jeal Point	WA	2
Jean	OR	0
Jean Peak	CA	2
Jeanette Heights	WA	2
Jeanita Lake	WA	2
Jedediah Mountain	CA	2
Jedediah Smith Campground	CA	1
Jedediah Smith Redwoods State Park	CA	1
Jedediah Smith Trail	CA	1
Jeep Peak	CA	2
Jeeter Prairie	OR	2
Jeff Davis Peak	CA	2
Jeffers Garden	OR	0
Jefferson	OR	0
Jefferson City Park	OR	1
Jefferson Cove	WA	2
Jefferson Creek Trail	OR	1
Jefferson Davis Historical Monument	CA	1
Jefferson Lake	OR	2
Jefferson Lake	WA	2
Jefferson Lake Trail	OR	1
Jefferson Park	CA	1
Jefferson Park	WA	1
Jefferson Park Trail	OR	1
Jefferson Peak	WA	2
Jefferson Recreation Center	CA	1
Jefferson School Park	CA	1
Jefferson School Park	OR	1
Jefferson Square Playground	CA	1
Jefferson Street Boat Launch	OR	1
Jefferson Street City Park	OR	1
Jehemy Beach	CA	1
Jeld - Wen Field	OR	1
Jellick Field	CA	1
Jellico	CA	0
Jelly Camp	CA	1
Jenkins Cove	CA	2
Jenkins Estate	OR	1
Jenkins Hill	CA	2
Jenkins Hill Trail	CA	1
Jenkins Sheep Camp	CA	1
Jenks Lake	CA	2
Jenks Lake Junction Recreation Area	CA	1
Jenks Place	CA	0
Jenne Butte Park	OR	1
Jenner	CA	0
Jenner Beach	CA	1
Jenner Pond	CA	2
Jennie B Harris County Park	OR	1
Jennie Davis Park	CA	1
Jennie Lake	CA	2
Jennie Lakes Wilderness	CA	1
Jennie Mountain	CA	2
Jennies Butte	WA	2
Jennies Peak	OR	2
Jennings Creek Camp	CA	1
Jennings Lodge	OR	0
Jennings Park	CA	1
Jenny Creek State Wildlife Area	WA	1
Jenny Lake	OR	2
Jenny Lind	CA	0
Jenny Lind State Historic Landmark	CA	1
Jenny Strand Park	CA	1
Jensen Bay	WA	2
Jensen Garden Park	CA	1
Jensen Natural Area	OR	1
Jensen Park	CA	1
Jensen Point	WA	2
Jensen Ranch Historical Park	CA	1
Jensen Trailer Mobile Home Court	WA	0
Jensens Cove	WA	2
Jepson Peak	CA	2
Jepson Trail	CA	1
Jerabek Park	CA	1
Jerden Cove	OR	2
Jericho	WA	0
Jerita	WA	0
Jerky Camp	CA	1
Jernigan Island	OR	2
Jerome	CA	0
Jerome Butte	CA	2
Jerome Park	CA	1
Jerrett Peak	CA	2
Jerry	WA	0
Jerry Eaves Park	CA	1
Jerry Lake	CA	2
Jerry Lakes	WA	2
Jerry Mountain	OR	2
Jerry Russom Memorial Park	CA	1
Jersey Island	CA	2
Jersey Point	CA	2
Jerseydale	CA	0
Jerseydale Campground	CA	1
Jersted Point	WA	2
Jerusalem Camp	WA	1
Jesmond Dene	CA	0
Jesmond Dene Park	CA	1
Jess Gill Park	CA	1
Jess Gonzales Sports Park	CA	1
Jess Lake	WA	2
Jess Martin Park	CA	1
Jessamyn West Park	CA	1
Jesse Campground	CA	1
Jesse Morrow Mountain	CA	2
Jesse Owens County Park	CA	1
Jesse Owens Park	CA	1
Jesse Owens Track And Field	CA	1
Jessie Applegate Historical Marker	OR	1
Jessie M Honeyman Memorial State Park	OR	1
Jessie Maine Memorial Park	OR	1
Jesus Maria	CA	0
Jesusita Trail	CA	1
Jet	CA	0
Jet Ski Point	CA	1
Jetty Beach	CA	1
Jetty Island	WA	2
Jetty Lagoon	OR	2
Jetty View Park	CA	1
Jewel Lake	CA	2
Jewel Lake	WA	2
Jewel Lakes	WA	2
Jewel Park	CA	1
Jewell	CA	0
Jewell	OR	0
Jewell Meadows State Wildlife Management Area	OR	1
Jewell Trail	CA	1
Jewelry Lake	CA	2
Jewett Creek Park	WA	1
Jewett Lake	OR	2
Jewfish Point	CA	2
Jewit Lake	OR	2
Jewitt Island	OR	2
Jiggs Lake	WA	2
Jim Black Lake	WA	2
Jim Bundy Memorial Park	OR	1
Jim Creek Butte	OR	2
Jim David Park	CA	1
Jim Davis Peak	CA	2
Jim Dollar Mountain	CA	2
Jim Gilliam Recreation Center	CA	1
Jim Hill Mountain	WA	2
Jim Hill Park	WA	1
Jim Johnson Lake	WA	2
Jim Leggett Place	CA	0
Jim Mee Peak	OR	2
Jim Mountain	WA	2
Jim Peak	WA	2
Jim Peterson Hill	CA	2
Jim Thorpe Park	CA	1
Jimbo Mountain	OR	2
Jimgrey	CA	0
Jimmerson Mountain	CA	2
Jims Camp	CA	0
Jims Corner	WA	0
Jimtown	CA	0
Jimtown	OR	0
Jo Ann Lake	OR	2
Jo Jo Lake	OR	2
Joan Lake	WA	2
Joaquin Miller Park	CA	1
Joaquin Miller State Park	OR	1
Joaquin Miller Trail	OR	1
Joaquin Peak	CA	2
Jobs Peak	CA	2
Jobs Sister	CA	2
Jockey Cap	OR	2
Joe Butte	OR	2
Joe Crane Lake	CA	2
Joe Dancer Park	OR	1
Joe Devel Peak	CA	2
Joe Dyer Butte	OR	2
Joe Elliot Tree Memorial	CA	1
Joe Graham Horse Camp	OR	1
Joe Herb Park	CA	1
Joe Hostler Camp	OR	1
Joe Lake	WA	2
Joe Mills Mountain	WA	2
Joe Rodgers Field	CA	1
Joe Scott Boys Camp	CA	1
Joel McCrea Wildlife Preserve	CA	1
Joel Perkins Park	OR	1
Joemma Beach	WA	1
Joes Landing	CA	0
Joes Peak	CA	2
Joes Peak	OR	2
Joes Point	CA	2
Joes Point	OR	2
Joes Rock	OR	2
Joesphine	CA	0
Jofegan	CA	0
Johannesburg	CA	0
Johannesburg Mountain	WA	2
Johansons Corner	WA	0
Johhnys Hill	WA	2
John A Ford Park	CA	1
John B Dewitt Redwoods State Natural Reserve	CA	1
John B Humpert Park	OR	1
John B Yeon State Park	OR	1
John Belucchi Memorial Park	CA	1
John Bryant Park	CA	1
John Bull Peak	CA	2
John D Morgan Park	CA	1
John Day	OR	0
John Day County Park	OR	1
John Day Fossil Bed	OR	1
John Day Fossil Beds National Monument	OR	1
John Day Park	WA	1
John Day Point	OR	2
John Day Scenic Waterway	OR	1
John Day Scenic Waterway West	OR	1
John Day Wildlife Management Area	OR	1
John Day Wildlife Management Area	WA	1
John Dobson Park	WA	1
John F Kennedy Memorial Park	CA	1
John F Kennedy Park	CA	1
John F Kennedy Veterans Memorial Park	CA	1
John F McInnis County Park	CA	1
John Ferns Park	CA	1
John Gable Community Park	WA	1
John Henry Lake	OR	2
John Hinkel Park	CA	1
John Hubert Davis Park	CA	1
John Krebs Wilderness	CA	1
John Little State Natural Reserve	CA	1
John Luby City Park	OR	1
John MacDonald Tolt River Park	WA	1
John Magee Park	CA	1
John Maroot Park	CA	1
John Marshall Park	CA	1
John Marty Park	OR	1
John McLaren Park	CA	1
John Muir National Historic Site	CA	1
John Muir Park	CA	1
John Muir Trail	CA	1
John Muir Wilderness	CA	1
John Neal Memorial County Park	OR	1
John Quimby Park	CA	1
John S Brooks Memorial Open Space	CA	1
John S Gibson Junior Park	CA	1
John S Simms Park	CA	1
John Sam Lake	WA	0
John Simpson Memorial Park	WA	1
John Smith Island	OR	2
John Storvik Playground	WA	1
John T Knox Shoreline	CA	1
John Thurman Field	CA	1
John Topits Park	OR	1
John Warren Field	OR	1
John Wayne Trail	WA	1
John Yeon State Park	OR	1
John Zimmerman Park	CA	1
John's Landing Mobile Home Park	WA	0
Johnny Cake Mountain	OR	2
Johnny Carson Park	CA	1
Johnny Creek Campground	WA	1
Johnny Creek Nature Trail	OR	1
Johnny George Mountain	WA	2
Johnny Johnson Lake	WA	2
Johnny Lake	OR	2
Johnny Lakes	WA	2
Johnnys Hill	CA	2
Johns Butte	WA	2
Johns Camp	CA	1
Johns Camp	OR	1
Johns Camp Lake	WA	2
Johns Island	WA	2
Johns Lake	WA	2
Johns Landing	OR	0
Johns Mill Trail	OR	1
Johns Mountain	WA	2
Johns Peak	CA	2
Johns Peak	OR	2
Johns Point	WA	2
Johns Pond	WA	2
Johns River State Wildlife Area	WA	1
Johnson	WA	0
Johnson Butte	OR	2
Johnson Butte	WA	2
Johnson Camp	CA	1
Johnson Camp	OR	1
Johnson City	OR	0
Johnson City Park	OR	1
Johnson Corner	CA	0
Johnson Creek City Park	OR	1
Johnson Creek Park	CA	1
Johnson Crossing	OR	0
Johnson Hill	CA	2
Johnson Hill	OR	2
Johnson House Historic Site	CA	1
Johnson Island	OR	2
Johnson Island	WA	2
Johnson Lake	CA	2
Johnson Lake	OR	2
Johnson Lake	WA	2
Johnson Lake Property	OR	1
Johnson Landing	WA	0
Johnson Marsh	WA	2
Johnson Meadow	OR	2
Johnson Meadows Trail	OR	1
Johnson Mountain	OR	2
Johnson Mountain	WA	2
Johnson Park	CA	0
Johnson Peak	CA	2
Johnson Peak	WA	2
Johnson Point	CA	2
Johnson Point	OR	2
Johnson Point	WA	2
Johnson Rock	OR	2
Johnson Trail	CA	1
Johnson Trail	OR	1
Johnson-Springview Park	CA	1
Johnsondale	CA	0
Johnsons	CA	0
Johnsons Beach	WA	1
Johnsons Bluff	CA	2
Johnsons Corner	WA	0
Johnsons Landing	CA	1
Johnsons Lee	CA	2
Johnsons Swamp	WA	2
Johnston Corner	CA	0
Johnston Lake	CA	2
Johnston Park	CA	1
Johnstone Peak	CA	2
Johnstone Trail	CA	1
Johnstons Corner	CA	0
Johnstonville	CA	0
Johnstown	CA	0
Johnsville	CA	0
Johnswood Property	OR	1
Johnville Park	CA	1
Joice Island	CA	2
Joint Base Lewis McChord	WA	0
Joker Mountain	WA	2
Jolly Mountain	WA	2
Jolly Mountain Lookout Trail	WA	1
Jollyman Park	CA	1
Jollys Lake	WA	2
Jollys Pond	WA	2
Jolon	CA	0
Jon Storm Park	OR	1
Jonas Hill	WA	2
Jonas Larkspur Park	CA	1
Jonas Mountain	OR	2
Jonata Park	CA	0
Jonathan Hartman Park	WA	1
Jonathan Rock	CA	2
Jones Bay	CA	2
Jones Bay	WA	2
Jones Beach	OR	1
Jones Beach Camp	CA	1
Jones Beach Picnic Area	CA	1
Jones Bluff	WA	2
Jones Butte	OR	2
Jones Corner	CA	0
Jones Cow Camp	CA	1
Jones Creek Campground	OR	1
Jones Creek Campground	WA	1
Jones Hill	CA	2
Jones Hill	OR	2
Jones Hill	WA	2
Jones Horse Camp	OR	1
Jones Inlet Campsite	CA	1
Jones Island	WA	2
Jones Island State Park National Wildlife Refuge	WA	1
Jones Lake	CA	2
Jones Lake	WA	2
Jones Mountain	CA	2
Jones Park	CA	1
Jones Place	CA	0
Jones Point	CA	2
Jones Pond	OR	2
Jones Trail	OR	1
Jones Valley Campground	CA	1
Jonesville	CA	0
Joplin Trail	CA	1
Joplin Truck Trail	CA	1
Jordan	OR	0
Jordan	WA	0
Jordan Butte	OR	2
Jordan Cove	OR	2
Jordan Creek	OR	0
Jordan Creek OHV Staging Area	OR	1
Jordan Creek Trail	WA	1
Jordan Cutoff Trail	OR	1
Jordan Hill	CA	2
Jordan Lake	OR	2
Jordan Lakes	WA	2
Jordan Park	OR	1
Jordan Peak	CA	2
Jordan Point	OR	2
Jordan Ponds	WA	2
Jordan Road-Canyon Creek	WA	0
Jordan Valley	OR	0
Jorden Hill	WA	2
Jorgensen Lake	WA	2
Jorgensen Point	CA	2
Jorgenson Hill	WA	2
Jorn Lake	OR	2
Joryville County Park	OR	1
Jose San Martin Park	CA	1
Jose del Valle Park	CA	1
Josef Hoog Park	CA	1
Joseph	OR	0
Joseph D Grant County Park	CA	1
Joseph Gale Park	OR	1
Joseph H Stewart State Park	OR	1
Joseph L Meek Land Claim Historical Marker	OR	1
Joseph P Kelly Park	CA	1
Joseph Whidbey State Park	WA	1
Josephine County Fairgrounds	OR	1
Josephine Lake	CA	2
Josephine Lake	OR	2
Josephine Lake	WA	2
Josephine Lakes	WA	2
Josephine Mountain	OR	2
Josephine Peak	CA	2
Joshua	CA	0
Joshua Drive Park	CA	1
Joshua Mountain	CA	2
Joshua Tree	CA	0
Joshua Tree Campground	CA	1
Joshua Tree National Park	CA	1
Joshua Tree Wilderness	CA	1
Joslyn Adult Recreation Center	CA	1
Joslyn Park	CA	1
Joso	WA	0
Joughin Cove	CA	2
Jove Lake	WA	2
Jove Peak	WA	2
Jovista	CA	0
Jovita	WA	0
Joy Mountain	WA	2
Joyce	WA	0
Joyce Lake	OR	2
Juan	CA	0
Juanita Bay	WA	2
Juanita Beach Park	WA	1
Juanita Lake Campground	CA	1
Juanita Point	WA	2
Juaquapin Trail	CA	1
Juarez Park	CA	1
Jubilee Lake Campground Boat Ramp	OR	1
Jubilee Mountain	CA	2
Judah Parker County Park	OR	1
Juday Truck Trail	CA	1
Judd Bay	WA	2
Judd Mountain	OR	2
Jude Lake	OR	2
Judge Hamilton County Park	OR	1
Judge Rock	CA	2
Judith Pool	WA	2
Judith Rock	CA	2
Judkins Park	WA	1
Judkins Point	OR	2
Judson Lake	WA	2
Judy Lake	WA	2
Jug Handle State Natural Reserve	CA	1
Jug Lake	WA	2
Jug Lake Trail	WA	1
Jug Mountain	OR	2
Julia A Henderson Pioneer Park	OR	1
Julia Butler Hansen Refuge for the Columbian White-Tailed Deer	WA	1
Julia Pfeiffer Burns State Park	CA	1
Julia Pfeiffer Burns Underwater Area	CA	1
Julian	CA	0
Julian County Park	CA	1
Julian Fisher Park	CA	1
Julian Rocks	CA	2
Julianna Park	CA	1
Juliette County Park	OR	1
Julliard Park	CA	1
July Creek Campground	WA	1
July Ridge Trail	WA	1
Jumble Lake	CA	2
Jumbo Mountain	WA	2
Jumbo Peak	WA	2
Jumbo Rocks	CA	2
Jumbo Rocks Campground	CA	1
Jump Off Joe	WA	2
Jump Off Joe Point	WA	2
Jump Off Lookout	WA	2
Jump Off Point	CA	2
Jump-off Joe Mountain	OR	2
Jumpoff Joe	WA	2
Jumpoff Joe Bluff	WA	2
Jumpoff Joe Camp	OR	1
Jumpoff Joe Lake	OR	2
Jumpoff Joe Lake	WA	2
Jumpoff Joe Mountain	OR	2
Jumpoff Joe Mountain	WA	2
Jumpoff Joe Peak	OR	2
Jumpoff Joe Trail	OR	1
Juncal Campground	CA	1
Junco Lake	OR	2
Junction	WA	0
Junction Bluffs	CA	2
Junction Butte	CA	2
Junction Camp	CA	0
Junction Campground	CA	1
Junction City	CA	0
Junction City	OR	0
Junction City	WA	0
Junction City Campground	CA	1
Junction House	CA	0
Junction Lake	CA	2
Junction Lake	OR	2
Junction Lake	WA	2
Junction Mountain	WA	2
Junction Peak	CA	2
Junction Ranch	CA	0
June Lake	CA	0
June Lake	OR	2
June Lake	WA	2
June Lake Beach Campground	CA	1
June Lake Campground	CA	1
June Lake Junction	CA	0
June Mountain	CA	2
June Mountain	WA	2
Jungfrau Lake	WA	2
Jungle Butte	WA	2
Jungle Creek Campsite	WA	1
Jungle Hill	WA	2
Junior High Park	CA	1
Junior Point	WA	2
Junior Point Campground	WA	1
Junior Probation Camp Number 4	CA	1
Juniper	CA	0
Juniper Beach	WA	0
Juniper Butte	CA	2
Juniper Butte	OR	2
Juniper Camp	CA	1
Juniper Camp	OR	1
Juniper Campground	CA	1
Juniper Canyon Trail	CA	1
Juniper Dunes Wilderness	WA	1
Juniper Hill	CA	2
Juniper Hill Park	OR	1
Juniper Hills	CA	0
Juniper Hills Park	CA	1
Juniper Hole	CA	2
Juniper Knoll	CA	2
Juniper Lake	CA	2
Juniper Lake	OR	2
Juniper Mobile Estates	WA	0
Juniper Mountain	CA	2
Juniper Mountain	OR	2
Juniper Mountain Waterhole	OR	2
Juniper Mountain Waterhole Number Two	OR	2
Juniper Park	CA	1
Juniper Park	OR	1
Juniper Peak	WA	2
Juniper Point	CA	2
Juniper Point	OR	2
Juniper Point	WA	2
Juniper Point Picnic Area	CA	1
Juniper Springs	CA	0
Juniper Top	OR	2
Juniper Trail	OR	1
Junipero Serra Park	CA	1
Junipero Serra Peak	CA	2
Juno	WA	0
Juntura	OR	0
Jupiter	CA	0
Jupiter	OR	2
Jupiter Hills	WA	2
Jupiter Lakes	WA	2
Jurgens City Park	OR	1
Juri Commons	CA	1
Jurupa	CA	0
Jurupa Valley	CA	0
Justice Island	WA	2
K C Mine Camp	CA	1
K Davis Hill	OR	2
K Flourney	CA	0
KM Mountain	WA	2
KT-22	CA	2
Kaba Island	CA	2
Kachess Campground	WA	1
Kachess Resort	WA	0
Kachess Ridge Trail	WA	1
Kadota	CA	0
Kagel Canyon	CA	0
Kagel Canyon Park	CA	1
Kagel Mountain	CA	2
Kahler Butte	OR	2
Kahlotus	WA	0
Kahlotus Ridgetop Natural Area Preserve	WA	1
Kahn Playground	CA	1
Kaidera Camp	WA	1
Kailapa Mountain	OR	2
Kailua Park	CA	1
Kaiser	CA	0
Kaiser Butte	WA	2
Kaiser Park	CA	1
Kaiser Peak	CA	2
Kaiser Ridge Powerline Park	OR	1
Kaiser Wilderness	CA	1
Kaiser Woods Park	OR	1
Kaisoots Mountain	WA	2
Kaketan Island	CA	2
Kala Point	WA	2
Kalaloch	WA	0
Kalaloch Campground	WA	1
Kalaloch Rocks	WA	2
Kalama	WA	0
Kalama City Park	OR	1
Kalama River Trail	WA	1
Kalamut Island (historical)	WA	2
Kaleetan Butte	OR	2
Kaleetan Lake	WA	2
Kaleetan Peak	WA	2
Kalibo Park	CA	1
Kalina	CA	0
Kalispell Rock	WA	2
Kalmia Lake	CA	2
Kalmiopsis Wilderness	OR	1
Kalset Point	WA	2
Kaluna Cliff	CA	2
Kam Wah Chung State Park	OR	1
Kamiak Butte	WA	2
Kamiak Butte County Park	WA	1
Kamiakan Butte	WA	2
Kamilche	WA	0
Kamilche Point	WA	2
Kamloops Island	WA	2
Kamloops Island Campground	WA	1
Kamph Memorial Park	CA	1
Kanaka Bay	WA	2
Kanaka Peak	CA	2
Kanaskat	WA	0
Kanaskat Junction	WA	0
Kanaskat-Palmer Recreation Area	WA	1
Kanaskat-Palmer State Park	WA	1
Kanawyers	CA	0
Kandra	CA	0
Kane Road Park	OR	1
Kane Spring	CA	0
Kanem Point	WA	2
Kaner Flat Campground	WA	1
Kaner Flat Trail	WA	1
Kangaroo Lake Campground	CA	1
Kangaroo Mountain	CA	2
Kangaroo Point	WA	2
Kangaroo Point (historical)	WA	2
Kangley	WA	0
Kansas City	OR	0
Kansas Cove	WA	2
Kansas Park	CA	1
Kapka Butte	OR	2
Kapowsin	WA	0
Karamin	WA	0
Kare Camp Campground	CA	1
Karen Lake	OR	2
Kariotis Mobile Estates	WA	0
Karl Holton Camp	CA	1
Karl Lake	OR	2
Karl Rosario Park	CA	1
Karlo	CA	0
Karls Lake	CA	2
Karlson Island	OR	2
Karnak	CA	0
Kaser Butte	OR	2
Kasian Recreation Area	CA	1
Kasler Point	CA	2
Kaslow Natural Preserve	CA	1
Kassab Camp	CA	1
Katalo Butte	OR	2
Kate O Sessions Memorial Park	CA	1
Kates Cow Camp	CA	1
Katskill Hill	CA	2
Katsuk Butte	OR	2
Katsuk Peak	WA	2
Katy Mountain	OR	2
Kauffman	CA	0
Kauppi Lake	OR	2
Kautz Ice Cliff	WA	2
Kawak Butte	OR	2
Kaweah	CA	0
Kaweah Camp	CA	1
Kaweah Queen	CA	2
Kaweah Recreation Area	CA	1
Kay Hill	OR	2
Kay Hill	WA	2
Kay Peak	WA	2
Kayak Point	WA	2
Kayostia Beach	WA	1
Keaney Park	WA	1
Kearney Park	CA	1
Kearny Mesa	CA	2
Kearny Mesa Park	CA	1
Kearny Mesa Recreation Center	CA	1
Kearsarge	CA	0
Kearsarge Peak	CA	2
Keas Corner	OR	0
Keasey	OR	0
Keating	OR	0
Keaton Cove	CA	2
Kechaye Cultural Preserve	CA	1
Keck Park	CA	1
Kecks Corner	CA	0
Keddie	CA	0
Keddie Peak	CA	2
Keddie Point	CA	2
Keedy Hill	WA	2
Keefe Lake	WA	2
Keel Mountain	OR	2
Keeler	CA	0
Keeling Park	CA	1
Keen Camp	CA	1
Keen Camp	OR	1
Keenan Meadows Trail	WA	1
Keenan Park	CA	1
Keenbrook	CA	0
Keene	CA	0
Keene Lake	WA	2
Keenes Horse Camp	WA	1
Keeney Point	OR	2
Keeps Mill Campground	OR	1
Keeran Camp	CA	1
Keesneck Lake	OR	2
Keevie Lake	WA	2
Keewaydin Park	WA	1
Kegg	CA	0
Kegler Butte	OR	2
Kegler Lake	OR	2
Kehoe Beach	CA	1
Kehoe Mountain	WA	2
Keil Cove	CA	2
Keiller Park	CA	1
Keiser Community Park	CA	1
Keith	CA	0
Keiths Dome	CA	2
Keizer	OR	0
Kekawaka	CA	0
Kelby Park	CA	1
Kelcema Lake	WA	2
Kelham Beach	CA	1
Keller	WA	0
Keller Butte	WA	2
Keller Cliffs	CA	2
Keller Lake	CA	2
Keller Meadows	CA	2
Keller Park	OR	1
Keller Peak	CA	2
Keller Place	CA	0
Kellers Beach	CA	1
Kellers Beach Park	CA	1
Kellers Shelter	CA	2
Kellett Bluff	WA	2
Kelley Field	OR	1
Kelley Mountain	WA	2
Kelley Park	CA	1
Kelley Point	OR	2
Kelley Point City Park	OR	1
Kelloch-Velasco Park	CA	1
Kellog Lake	WA	2
Kellog Park	CA	1
Kellogg	CA	0
Kellogg	OR	0
Kellogg Island	WA	2
Kellogg Lake	CA	2
Kellogg Mountain	CA	2
Kellogg Park	CA	1
Kellogg Road Beach	CA	1
Kellogg Village Mobile Home Park	WA	0
Kelly Butte	OR	2
Kelly Butte	WA	2
Kelly Butte Natural Area	OR	1
Kelly Butte Park and Overlook	OR	1
Kelly Butte Trail	WA	1
Kelly Camp	CA	1
Kelly Camp	WA	1
Kelly Creek Natural Area	OR	1
Kelly Field	CA	1
Kelly Hill	CA	2
Kelly Hill	WA	2
Kelly Island	WA	2
Kelly Lake	CA	2
Kelly Lake Campground	CA	1
Kelly Mountain	CA	2
Kelly Mountain	OR	2
Kelly Mountain	WA	2
Kelly Park	CA	1
Kelly Peak	CA	2
Kelly Ridge Recreation Area	CA	1
Kellys Bluff	OR	2
Kellys Butte	OR	2
Kellys Korner	WA	0
Kellys Point	WA	2
Kelp Point	CA	2
Kelsay Butte	OR	2
Kelsay Butte Trail	OR	1
Kelsay Mountain	OR	2
Kelsay Point	OR	2
Kelsay Valley Horse Camp	OR	1
Kelsay Way	OR	1
Kelsey	CA	0
Kelsey Butte	OR	2
Kelsey Camp	CA	1
Kelsey Creek Campground	CA	1
Kelsey Creek Farm	WA	1
Kelsey Creek Park	WA	1
Kelsey Peak	OR	2
Kelsey Trail	CA	1
Kelseyville	CA	0
Kelso	OR	0
Kelso	WA	0
Kelso Peak	CA	2
Kelsy Creek Campground	OR	1
Keltron Park	CA	1
Kelty Meadow Campground	CA	1
Kemble Park	CA	1
Kemble School Park	CA	1
Kemp Hill	WA	2
Kemper Campbell Ranch	CA	1
Ken Adam Park	CA	1
Ken Denman State Game Management Reserve	OR	1
Ken Malloy Harbor Regional Park	CA	1
Ken Mar Gardens Mobile Home Park	CA	0
Kendall	WA	0
Kendall Lake	WA	2
Kendall Monument	WA	1
Kendall Peak	WA	2
Kendall Peak Lakes	WA	2
Kendall Slough	OR	2
Kendrick Peak	CA	2
Kenilworth	WA	0
Kenilworth City Park	OR	1
Kenilworth Park	CA	1
Kenmore	WA	0
Kennard Corner	WA	0
Kennard Mobile Estates	WA	0
Kennebec Hill	CA	2
Kennebec Linear Park	CA	1
Kennedy	CA	0
Kennedy Butte	CA	2
Kennedy Creek Natural Area Preserve	WA	1
Kennedy Creek Natural Resources Conservation Area	WA	1
Kennedy Gardens Park	CA	1
Kennedy Grove Regional Recreation Area	CA	1
Kennedy Lake	CA	2
Kennedy Lake	WA	2
Kennedy Marsh	WA	2
Kennedy Meadow	CA	0
Kennedy Meadows Campground	CA	1
Kennedy Mountain	CA	2
Kennedy Park	CA	1
Kennedy Peak	CA	2
Kennedy Peak	WA	2
Kennedy Pond	CA	2
Kennedy Ridge Trail	WA	1
Kennedy School Park	CA	1
Kennedy Table	CA	2
Kennedy Tailing Wheels Park	CA	1
Kennedy Tract Park	CA	1
Kenner Lake	CA	2
Kenner Park	CA	1
Kenneth Birchfield Memorial Park	CA	1
Kenneth Hahn State Recreation Area	CA	1
Kenneth Lake	CA	2
Kennewick	WA	0
Kennewick Game Farm (historical)	WA	1
Kenney Grove Park	CA	1
Kennolyn Camp	CA	1
Kenny	CA	0
Kennydale	WA	0
Kennydale Lions Park	WA	1
Keno	OR	0
Keno Camp	CA	1
Kenova	WA	0
Kenroy Park	WA	1
Kensington	CA	0
Kensington Park	CA	1
Kent	OR	0
Kent	WA	0
Kent Island	CA	2
Kent Lake	WA	2
Kent Peak	OR	2
Kent Woodlands	CA	0
Kentfield	CA	0
Kenton City Park	OR	1
Kenton Mill	CA	0
Kentuck Inlet	OR	2
Kentucky Butte	OR	2
Kentwood-In-The-Pines	CA	0
Kenwood	CA	0
Kenwood Estates	CA	0
Kenwood Oaks Park	CA	1
Kenworthy Lake	WA	2
Kenyon Mountain	OR	2
Kenyon Overlook Trail	CA	1
Kenyon Scudder Boys Camp	CA	1
Keogh Lake	WA	2
Keough Hot Springs	CA	0
Kephart	CA	0
Kepple Lake	WA	2
Kerby	OR	0
Kerby Hill	OR	2
Kerby Mountain	OR	2
Kerby Peak	OR	2
Kerby Peak Trail	OR	1
Kerckhoff Dome	CA	2
Kergerson Lake	CA	2
Kerman	CA	0
Kerman Management Area	CA	1
Kermit E Roth City Park	OR	1
Kern City Park	OR	1
Kern County Fairgrounds	CA	1
Kern County Industrial Road Camp	CA	1
Kern County Park	CA	1
Kern County Regional Park	CA	1
Kern Delta Park	CA	1
Kern Lake	CA	0
Kern National Wildlife Refuge	CA	1
Kern Peak	CA	2
Kern Point	CA	2
Kern River County Park	CA	1
Kern River Preserve	CA	1
Kernan Point	OR	2
Kernell	CA	0
Kerns Waterhole	OR	2
Kernville	CA	0
Kernville	OR	0
Kernville Park Recreation Area	CA	1
Kerr Campground	WA	1
Kerr Lake	CA	2
Kerr Natural Area	OR	1
Kerr Park	CA	1
Kerr Peak	CA	2
Kerr Site	OR	1
Kerriston	WA	0
Kerry	OR	0
Kerry Canyon Campground	CA	1
Kerry Canyon Trail	CA	1
Kerry Island	OR	2
Kerry Slough	OR	2
Kershaw Lake	OR	2
Kerwin Lake	WA	2
Kessler Park	CA	1
Kessler Peak	CA	2
Kesters Camp	CA	1
Kesterson National Wildlife Refuge	CA	1
Keswick	CA	0
Ketch Park	CA	1
Ketchin Butte	OR	2
Ketchketch Butte	OR	2
Ketchum Pond	OR	2
Ketners Point	WA	2
Ketron	WA	0
Ketron Island	WA	2
Kett	CA	0
Kettenpom	CA	0
Kettenpom Peak	CA	2
Kettle Creek Trail	OR	1
Kettle Falls	WA	0
Kettle Falls Campground	WA	1
Kettle Lake	OR	2
Kettle Lake	WA	2
Kettle Mountain	CA	2
Kettle Peak	CA	2
Kettle River Arm	WA	2
Kettle River Campground	WA	1
Kettle Rock	CA	2
Kettle Rock Lake	CA	2
Kettleman	CA	0
Kettleman City	CA	0
Kettleman Station	CA	0
Kettling Lake	WA	2
Kevet	CA	0
Kevin Moran Park	CA	1
Kewa	WA	0
Kewin Park	CA	1
Key Center	WA	0
Key Peninsula	WA	2
Keyes	CA	0
Keyes Mountain	OR	2
Keyes Peak	CA	2
Keyesville	CA	0
Keynot Peak	CA	2
Keyport	WA	0
Keyport Lagoon	WA	2
Keys Mountain	CA	2
Keys Mountain	OR	2
Keys View	CA	2
Keystone	CA	0
Keystone	WA	0
Keystone Ferry Landing	WA	0
Keystone Harbor	WA	2
Keystone Mountain	CA	2
Keystone Point	WA	2
Kiapot Point	WA	2
Kiavah Wilderness	CA	1
Kibbey Peak	CA	2
Kibbie Lake	CA	2
Kibesillah	CA	0
Kibesillah Hill	CA	2
Kibesillah Rock	CA	2
Kibler	WA	0
Kicker Hill	WA	2
Kickerville	WA	0
Kickham Peak	CA	2
Kid Lakes	CA	2
Kid Mountain	CA	2
Kid Peak	CA	2
Kid Peak	OR	2
Kid Pond	WA	2
Kid Rock	CA	2
Kid Valley	WA	0
Kid Valley Park	WA	1
Kidd Cove	CA	2
Kidd Lake Campgrond	CA	1
Kidder Lake	CA	2
Kidders Butte	OR	2
Kidney Lake	CA	2
Kidney Lake	OR	2
Kidney Lake	WA	2
Kidney Lakes	WA	2
Kiechle Arm	OR	2
Kiesel	CA	0
Kiger Island	OR	2
Kiket Bay	WA	2
Kiket Island	WA	2
Kiku City Park	OR	1
Kilaga Springs	CA	0
Kilborn Lake	CA	2
Kilchis Point	OR	2
Kilchis River County Park	OR	1
Kildeer Park	CA	1
Kilisut Harbor	WA	2
Kilkare Woods	CA	0
Killamacue Lake	OR	2
Killanger Peak	CA	2
Killarney Glen Park	WA	1
Killarney Woods Mobile Home Park	WA	0
Killebrew Lake	WA	2
Killebrew Lake State Wildlife Area	WA	1
Killefer Park	CA	1
Killen Creek Campground	WA	1
Killin Wetlands Park	OR	1
Kilowatt	CA	0
Kilowatt Park	OR	1
Kilts	OR	0
Kimball	CA	0
Kimball Creek Swamp	WA	2
Kimball Hill	OR	2
Kimball Island	CA	2
Kimball Park	CA	1
Kimbell Playground	CA	1
Kimberly	OR	0
Kimmel Park	OR	1
Kimple Beach	WA	1
Kimshew Point	CA	2
Kimta Lake	WA	2
Kimta Peak	WA	2
Kimtah Peak	WA	2
Kinbee Hill	WA	2
Kincaid	CA	0
Kincaid City Park	OR	1
Kincaid Lake	WA	2
Kincaid Trail	WA	1
Kincheloe Point	OR	2
Kindig Camp	CA	1
Kindred Island	WA	2
Kindred Slough	WA	2
King Camp	OR	1
King City	CA	0
King City	OR	0
King City Park	CA	1
King Corner	WA	0
King County Enumclaw Park	WA	1
King County Park	WA	1
King Crest Trail	CA	1
King Farms	CA	0
King Forest Camp	OR	1
King George Peak	CA	2
King Hill	WA	0
King Island	CA	2
King Lake	OR	2
King Lake	WA	2
King Mountain	CA	2
King Mountain	OR	2
King Mountain	WA	2
King Mountain Preserve	CA	1
King Mountain Truck Trail	OR	1
King Peak	CA	2
King Pond	WA	2
King Range Wilderness	CA	1
King Salmon	CA	0
King School Park	OR	1
King Spruce Camp	OR	1
King Spruce Trail	OR	1
King Street Park	OR	1
King's Mobile Home Court	WA	0
Kingfisher Point	CA	2
Kinglet Lake	OR	2
Kingley Campground Boat Ramp	OR	1
Kingry Marsh	OR	2
Kings Beach	CA	0
Kings Beach State Recreation Area	CA	1
Kings Campsite	CA	1
Kings Canyon National Park	CA	1
Kings Castle	CA	2
Kings County Fairgrounds	CA	1
Kings Garden	WA	1
Kings Hill	CA	2
Kings Hill Point	CA	2
Kings Island	CA	2
Kings Lake	WA	2
Kings Lake Bog Natural Area Preserve	WA	1
Kings Mountain	CA	2
Kings Mountain	OR	2
Kings Mountain	WA	2
Kings Point	WA	2
Kings River Trail	CA	1
Kings Valley	OR	0
Kingsborough Park	OR	1
Kingsbriar Park	CA	1
Kingsburg	CA	0
Kingsburg City Park	CA	1
Kingsbury East Mobile Home Park	WA	0
Kingsbury West Mobile Home Park	WA	0
Kingsley	OR	0
Kingsley City Park	OR	1
Kingsley D Bundy City Park	OR	1
Kingsley Lake	CA	2
Kingsley Park	CA	1
Kingsley Reservoir County Park	OR	1
Kingston	OR	0
Kingston	WA	0
Kingston Historical Marker	CA	1
Kingston Peak	CA	2
Kingston Range Wilderness	CA	1
Kingswood Estates	CA	0
Kingvale	CA	0
Kingwood Mini Park	OR	1
Kingwood Park	CA	1
Kinman Pond	CA	2
Kinnear Park	WA	1
Kinneloa Mesa	CA	0
Kinney Camp	CA	1
Kinney Lake	OR	2
Kinney Mountain	OR	2
Kinney Plaza	CA	1
Kinney Point	WA	2
Kinney Point State Park	WA	1
Kinnikinnic Lake	OR	2
Kinnikinnick Campground	CA	1
Kins Road Park	CA	1
Kinsey Marsh	WA	2
Kinton	OR	0
Kinton Point	CA	2
Kinyon	CA	0
Kinzel Lake	OR	2
Kinzel Lake Campground	OR	1
Kinzua Mountain	OR	2
Kiona	WA	0
Kiona Creek State Wildlife Area	WA	1
Kiona Peak	WA	2
Kip Camp	CA	1
Kips Korner Park	CA	1
Kirby	WA	0
Kirby Beach	CA	1
Kirby Cove	CA	2
Kirby Cove Campground	CA	1
Kirby Hill	CA	2
Kirby Island	WA	2
Kirby Park	CA	1
Kirby Peak	CA	2
Kirch Flat Campground	CA	1
Kirchenmann Park	CA	1
Kirk	OR	0
Kirk Creek Campground	CA	1
Kirk Lake	WA	2
Kirk Park	CA	1
Kirk Park	OR	1
Kirk Rock	WA	2
Kirkland	WA	0
Kirkland Campground	OR	1
Kirkman Hill	CA	2
Kirkpatrick	OR	0
Kirkville	CA	0
Kirkwood	CA	0
Kirkwood Lake	CA	2
Kirkwood Park	CA	1
Kirman Lake	CA	2
Kirtsis Park	OR	1
Kirwood Campground	CA	1
Kiska	CA	0
Kismet	CA	0
Kissack Bay	CA	2
Kissack Cove	CA	2
Kister	CA	0
Kisūmxi Mountain	WA	2
Kit Carson	CA	0
Kit Carson Campground	CA	1
Kit Carson Park	CA	1
Kit Carson Park	OR	1
Kit Fox Park	CA	1
Kit Fox RV Park	CA	1
Kitching Peak	CA	2
Kitching Peak Trail	CA	1
Kitling Lake	WA	2
Kitling Peak	WA	2
Kitsap Forest Natural Area Preserve	WA	1
Kitsap Lake	WA	0
Kitsap Memorial State Park	WA	1
Kitsap West Mobile Home Court	WA	0
Kitson Ridge Trail	OR	1
Kittitas	WA	0
Kittredge Lake (historical)	OR	2
Kittridge Mini Park	CA	1
Kitts Corner	WA	0
Kitzmiller	WA	0
Kiva Beach	CA	0
Kiwa Butte	OR	2
Kiwanda Beach	OR	1
Kiwanis Camp	OR	1
Kiwanis Field	OR	1
Kiwanis Field	WA	1
Kiwanis Marine Park	OR	1
Kiwanis Park	OR	1
Kiwanis Park	WA	1
Kiya Lake	WA	2
Klaber	WA	0
Klachopis Point	WA	2
Klahanie	WA	0
Klahanie Campground	WA	1
Klahowa Campground	WA	1
Klak Butte	OR	2
Klamath	CA	0
Klamath Agency	OR	0
Klamath Falls	OR	0
Klamath Falls Sports Complex / Skatepark	OR	1
Klamath Falls-Lakeview Forest State Park	OR	1
Klamath Glen	CA	0
Klamath Hills	OR	2
Klamath Marsh	OR	2
Klamath Marsh National Wildlife Refuge	OR	1
Klamath Park	CA	1
Klamath Point	OR	2
Klamath Rim	CA	2
Klamath River	CA	0
Klamath River Recreation Site	OR	1
Klamath Wildlife Area	OR	1
Klapatche Park	WA	1
Klapatche Point	WA	2
Klatt Camp	WA	1
Klau	CA	0
Klaus	WA	0
Klaus Lake	WA	2
Klawatti Lake	WA	2
Klawatti Peak	WA	2
Klawhop Butte	OR	2
Kleaver Lake	CA	2
Kleeberger Field	CA	1
Klein Park	OR	1
Kleiner Park	CA	1
Klensendorf Point	CA	2
Klicker Mountain	WA	2
Klickitat	WA	0
Klickitat Camp	WA	1
Klickitat Canyon Community Forest	WA	1
Klickitat Canyon Natural Resources Conservation Area	WA	1
Klickitat Heights	WA	0
Klickitat Lake	OR	2
Klickitat Mall	OR	1
Klickitat Mountain	OR	2
Klickitat Springs	WA	0
Klickitat Trail	WA	1
Klindt Point	OR	2
Klinefelter	CA	0
Klinger Lake	WA	2
Klingerman Park	CA	1
Klingers Camp Historical Marker	OR	1
Klinker Mountain	CA	2
Klinkhammer Lakes	WA	2
Klipchuck Campground	WA	1
Klippel Point	OR	2
Klipple Lake	OR	2
Klipsan Beach	WA	0
Klipsan Meadows Park	WA	0
Klondike	CA	0
Klondike	OR	0
Klondike Gold Rush National Historic Park	WA	1
Klondike Lake	CA	2
Klondike Mountain	WA	2
Klone Butte	OR	2
Klone Lakes	WA	2
Klone Peak	WA	2
Kloochman Butte	WA	2
Kloochman Rock	WA	2
Klooqueh Rock	OR	2
Klootchy Creek County Campground	OR	1
Klose Butte	WA	2
Kloshe Illahee Mobile Home Park	WA	0
Kloshe Nanitch	WA	2
Kloss Park	CA	1
Kloster Mountain	OR	2
Klovdahl Bay	OR	2
Klum Landing County Campground	OR	1
Kluntuchi Butte	CA	2
Knapp	WA	0
Knapp Landing	WA	0
Knapp Point	WA	2
Knapp Pond	WA	2
Knapp Ranch Park	CA	1
Knappa	OR	0
Knappton	WA	0
Kneecap	CA	2
Kneeland	CA	0
Knight County Park	OR	1
Knight Hill	CA	2
Knight Island	CA	2
Knight Lake	WA	2
Knight Monument	CA	1
Knighton Square	OR	1
Knights Ferry	CA	0
Knights Ferry Recreation Area	CA	1
Knights Landing	CA	0
Knights Pond	OR	2
Knights of Pythias Camp	OR	1
Knightsen	CA	0
Knob	CA	0
Knob Hill	CA	2
Knob Hill	OR	2
Knob Hill	WA	2
Knob Hill Park	CA	1
Knob Lake	CA	2
Knob Peak	CA	2
Knob Peak	OR	2
Knob Point	CA	2
Knob Point	OR	2
Knob Trail	OR	1
Knobcone Butte	CA	2
Knobcone Camp	CA	1
Knobs Sheep Camp	OR	1
Knoll Park	CA	1
Knolls Park	CA	1
Knott City Park	OR	1
Knott Sky Park Campground	CA	1
Knott's Soak City Water Park	CA	1
Knottingham Butte	OR	2
Knotty Pine Park	CA	1
Knowland State Arboretum and Park	CA	1
Knowles	CA	0
Knowles Corner	CA	0
Knowles Hill	WA	2
Knowles Junction	CA	0
Knowlton Knob	WA	2
Knownothing Lake	CA	2
Knox Butte	OR	2
Knox Lake	WA	2
Knox Mountain	CA	2
Knox Mountain	OR	2
Knox Park	CA	1
Knox Park	WA	1
Knox Ridge City Park	OR	1
Knox Rock	OR	2
Knoxton Point	CA	2
Knoxville	CA	0
Knoxway Bay	WA	2
Knuedler Lake	CA	2
Knuppenburg Lake	WA	2
Knuppenburg Lake Campground	WA	1
Ko Butte	OR	2
Koberg Beach	OR	1
Koberg Beach State Park	OR	1
Koberg Slough	OR	2
Koch Butte	OR	2
Koch Mountain	OR	2
Koch Mountain Trail	OR	1
Kodak Peak	WA	2
Koenig Lake	CA	2
Kofu Park	CA	1
Kohler Park	CA	1
Kohr Pond	WA	2
Koip Peak	CA	2
Koitlah Point	WA	2
Kokanee Campground	CA	1
Koko Lake	OR	2
Kokostick Butte	OR	2
Kokoweef Peak	CA	2
Kolana Rock	CA	2
Kolb Park	CA	1
Kole Lake	CA	2
Koll Center Wetlands Park	OR	1
Komandorski Village	CA	0
Kono Tayee Point	CA	2
Konocti Bay	CA	2
Konocti Conservation Camp	CA	1
Kool-Aid Lake	WA	2
Koontzville	WA	0
Koosah Mountain	OR	2
Kooskooskie	WA	0
Kootenai Camp	WA	1
Kopachuck State Park	WA	1
Kopiah	WA	0
Koppen Mountain	WA	2
Kopta Slough Boat-In Camp	CA	1
Korbel	CA	0
Korblex	CA	0
Koren	WA	0
Koshland Park	CA	1
Koski Hill	WA	2
Kosmos State Wildlife Area	WA	1
Kotate Park	CA	1
Kottinger Village Park	CA	1
Kotzman Butte	OR	2
Kovacevich Park	CA	1
Kraemer Memorial Park	CA	1
Krag Lake	OR	2
Krag Peak	OR	2
Krain	WA	0
Kramer	CA	0
Kramer Hill	WA	2
Kramer Hills	CA	0
Kramer Junction	CA	0
Kramer Point	OR	2
Kramm	CA	0
Krause Park	OR	1
Kreger Lake	WA	2
Krell Hill	WA	2
Kres	CA	0
Kreyenhagen Peak	CA	2
Kriegler Lake	WA	2
Kroger-Melrose Historic District	CA	1
Kronenberg County Park	OR	1
Krotona Hill	CA	2
Krug	CA	0
Kruger Mountain	WA	2
Krugur Park	OR	1
Krumbo Butte	OR	2
Kruse	WA	0
Kruse Junction	WA	0
Kruse Rhododendron State Natural Reserve	CA	1
Krusi Park	CA	1
Kuamaksi Butte	OR	2
Kuitan Lake	OR	2
Kukutali Preserve	WA	1
Kulakala Point	WA	2
Kulshan	WA	0
Kulshan Campground	WA	1
Kulzer	WA	0
Kumeyaay Soapstone Cultural Preserve	CA	1
Kummer	WA	0
Kumtux	WA	0
Kuna Lake	CA	2
Kuna Peak	CA	2
Kuns Park	CA	1
Kunz Lake	WA	2
Kurtz Lake	WA	2
Kusim Hill	CA	2
Kutch Mountain	OR	2
Kutras Park	CA	1
Kweo Butte	OR	2
Kwinnum Butte	OR	2
Kwiskwis Butte	OR	2
Kwolh Butte	OR	2
Kyburz	CA	0
Kydaka Point	WA	2
Kydikabbit Point	WA	2
Kyen Campground	CA	1
Kyes Peak	WA	2
L C Bandell Park	CA	1
L L Stub Stewart State Park	OR	1
L Lake	CA	2
L Presley and Vera C Gill State Park	OR	1
L Street Park	WA	1
L T Murray State Wildlife Area	WA	1
LACD Fire Camp 9	CA	1
LDS Camp	CA	1
LIla Keiser Park	CA	1
La Barge Lake	WA	2
La Barr Meadows	CA	0
La Barranca Park	CA	1
La Bohn Lakes	WA	2
La Bonita Park	CA	1
La Brea Tar Pits	CA	1
La Brie Lake	OR	2
La Butte	OR	2
La Capilla Park	CA	1
La Carretera Park	CA	1
La Cañada Flintridge	CA	0
La Center	WA	0
La Cienega Park	CA	1
La Cima	CA	2
La Cima Conservation Camp	CA	1
La Clavija	CA	2
La Colina Park	CA	1
La Colonia County Park	CA	1
La Coma Tallac	CA	2
La Conchita	CA	0
La Conchita Beach	CA	1
La Conner	WA	0
La Corona	CA	2
La Costa Beach	CA	1
La Costa Canyon Park	CA	1
La Costa Meadows-Fuerte Park	CA	1
La Crescenta	CA	0
La Crescenta-Montrose	CA	0
La Cresta	CA	0
La Cresta Highlands	CA	0
La Cristianita Historic Site	CA	1
La Crosse	WA	0
La Cruz Rock	CA	2
La Cuba	CA	2
La Cuesta	CA	2
La Cumbre	CA	2
La Cumbre Peak	CA	2
La Delta	CA	0
La Fetra	CA	0
La Fleur Lake	WA	2
La Granada Mountain	CA	2
La Grande	OR	0
La Grande	WA	0
La Grange	CA	0
La Grange Regional Park	CA	1
La Habra	CA	0
La Habra Heights	CA	0
La Hermosa Park	CA	1
La Honda	CA	0
La Honda Creek Open Space Preserve	CA	1
La Honda Park	CA	0
La Honda Store State Historic Landmark	CA	1
La Jenelle Park	CA	1
La Jolla Amago	CA	0
La Jolla Bay	CA	2
La Jolla Beach	CA	1
La Jolla Cove	CA	2
La Jolla Heights Park	CA	1
La Jolla Hermosa Park	CA	1
La Jolla Mesa	CA	2
La Jolla Park	CA	1
La Jolla Peak	CA	2
La Jolla Ranch	CA	0
La Jolla Shores Beach	CA	1
La Jolla Shores Park	CA	1
La Jolla Strand Park	CA	1
La Jolla Valley Natural Preserve	CA	1
La Loma Park	CA	0
La Loma del Cruz	CA	2
La Lomica	CA	2
La Luneta	CA	2
La Mancha Park	CA	1
La Mesa	CA	0
La Mesa Park	CA	1
La Mesa Village Park	CA	1
La Meseta	CA	2
La Mesita Park	CA	1
La Mirada	CA	0
La Mirada Creek Park	CA	1
La Mirada Park	CA	1
La Moine Valley View Park	CA	1
La Morra	CA	2
La Oveja	CA	2
La Palma	CA	0
La Palma Park	CA	1
La Palomera	CA	2
La Panza	CA	0
La Panza Campground	CA	1
La Piedra State Beach	CA	1
La Pine	OR	0
La Pine State Park	OR	1
La Pintoresca Park	CA	1
La Plata Park	CA	1
La Playa	CA	1
La Playa Field	CA	1
La Porte	CA	0
La Porte Bald Mountain	CA	2
La Posta Indian Reservation	CA	1
La Presa	CA	0
La Puente	CA	0
La Puente Park	CA	1
La Puerta Sports Park	CA	1
La Purisima Mission State Historic Park	CA	1
La Push	WA	0
La Quinta	CA	0
La Quinta Community Park	CA	1
La Riviera	CA	0
La Romeria Park	CA	1
La Rush Lake	WA	2
La Salle	CA	0
La Selva Beach	CA	0
La Sere Point	OR	2
La Sierra Park	CA	1
La Tercera Park	CA	1
La Tete Lake	CA	2
La Tierra Mobile Home Park	WA	0
La Tinta Hill	CA	2
La Verne	CA	0
La Verne Recreation Park	CA	1
La Vina	CA	0
La Vista Park	CA	1
La Wis Wis Campground	WA	1
LaCreole Sports Complex	OR	1
LaFollette Butte	OR	2
LaPlaza Park	CA	1
LaVerne County Park	OR	1
Labish Center	OR	0
Labish Village	OR	0
Labyrinth Mountain	WA	2
Lacamas	WA	0
Lacamas Campground	WA	1
Lacamas Park	WA	1
Lacamas Prairie Natural Area Preserve	WA	1
Lacamas Prairie Natural Resources Conservation Area	WA	1
Lace Camp	OR	1
Lace Lichen Trail	CA	1
Lacey	WA	0
Lacjac	CA	0
Lackawanna Beach	WA	0
Lackey Place	CA	0
Lackeys Cabin	CA	1
Lackeys Lake	OR	2
Lackner Pond	OR	2
Lacomb	OR	0
Lacy Camp	CA	1
Lacy Hill	CA	2
Lacy Park	CA	1
Ladd Camp	WA	1
Ladd Canyon Pond	OR	2
Ladd Creek Campground	OR	1
Ladd Hill	OR	0
Ladd Marsh	OR	2
Ladd Marsh Game Management Area	OR	1
Ladd Mountain	WA	2
Ladd Pond	WA	2
Ladd's Rose Gardens Circle and Squares	OR	1
Ladder Butte	CA	2
Ladder Camp	CA	1
Ladder Lake	CA	2
Ladera	CA	0
Ladera Linda Park	CA	1
Ladera Park	CA	1
Ladera Ranch	CA	0
Ladera Serra Park	CA	1
Ladow	WA	0
Ladow Butte	WA	2
Lady Bug Park	CA	1
Lady Camp	WA	1
Lady Comb	OR	2
Lady Fern City Park	OR	1
Lady Island	WA	2
Lady Lake	CA	2
Lady Lake	OR	2
Ladybug Butte	CA	2
Ladybug Campsite	CA	1
Ladybug Peak	CA	2
Ladycomb Peak	OR	2
Ladyface	CA	2
Ladys Harbor	CA	2
Ladysmith Park	WA	1
Lafayette	CA	0
Lafayette	OR	0
Lafayette Locks County Park	OR	1
Lafayette Park	CA	1
Lafayette Point	CA	2
Lafayette Ridge Trail	CA	1
Lafayette Square	CA	1
Lafferty City Park	OR	1
Lafferty Peak	CA	2
Lafky City Park	OR	1
Lafler Rock	CA	2
Lagitos Hill	WA	2
Lago Seco Park	CA	1
Lago de Plata Villa Mobile Home Park	WA	0
Lagol	CA	0
Lagonita Point	CA	2
Lagoon	CA	2
Lagoon Island Park	CA	1
Lagoon Lake	CA	2
Lagoon Park	CA	1
Lagoon Point	WA	2
Lagoon Pond	CA	2
Lagoon Trail	CA	1
Lagos De Moreno Park	CA	1
Laguna Beach	CA	0
Laguna Beach Marine Life Refuge	CA	1
Laguna Blanca	CA	2
Laguna Campground	CA	1
Laguna Del Rey	CA	2
Laguna Grande Regional Park	CA	1
Laguna Harbor	CA	2
Laguna Hills	CA	0
Laguna Hills Park	CA	1
Laguna Honda	CA	2
Laguna Junction	CA	0
Laguna Lake	CA	2
Laguna Lake Park	CA	1
Laguna Mountain	CA	2
Laguna Niguel	CA	0
Laguna Niguel Regional Park	CA	1
Laguna Park	CA	1
Laguna Peak	CA	2
Laguna Point	CA	2
Laguna Point Beach	CA	1
Laguna Puerca	CA	2
Laguna Recreation Area	CA	1
Laguna Riviera City Park	CA	1
Laguna Salada	CA	2
Laguna Seca	CA	2
Laguna Seca (historical)	CA	2
Laguna Seca Community Garden	CA	1
Laguna Trail	CA	1
Laguna Verde Park	CA	1
Laguna Vista Park	CA	1
Laguna Woods	CA	0
Laguna de las Trancas	CA	2
Laguna del Sargento	CA	2
Laguna-Pine Valley	CA	0
Lagunas	CA	2
Lagunita Lake	CA	2
Lagunitas	CA	0
Lagunitas Fire Trail	CA	1
Lagunitas-Forest Knolls	CA	0
Lahar Lookout	WA	2
Lahar Viewpoint	WA	1
Laidlaw Butte	OR	2
Laidlaw Island	WA	2
Laidlow	WA	0
Laing	WA	0
Lair Hill City Park	OR	1
Lair of the Golden Bear Camp	CA	1
Laird Lake	CA	2
Laird Lake	OR	2
Laird Landing	CA	0
Laird Mobile Home Park	WA	0
Laird Park	CA	1
Lairds	WA	0
Lairds Camp	CA	1
Lairds Corner	CA	0
Lairds Landing	CA	0
Lairport	CA	0
Lake Abert	OR	2
Lake Adams	OR	2
Lake Agnes	WA	2
Lake Albert	WA	2
Lake Alice	OR	2
Lake Alice	WA	2
Lake Allen	WA	2
Lake Almanor Country Club	CA	0
Lake Almanor Peninsula	CA	0
Lake Almanor West	CA	0
Lake Alpine	CA	0
Lake Alpine Campground	CA	1
Lake Alta	CA	2
Lake Alta	OR	2
Lake Andrews	WA	2
Lake Angeles	WA	2
Lake Angeline	WA	2
Lake Ann	OR	2
Lake Ann	WA	2
Lake Anna	CA	2
Lake Annie	CA	2
Lake Annie Mountain	CA	2
Lake Aphis	OR	2
Lake Armstrong	WA	2
Lake Arrowhead	CA	0
Lake Arrowhead	WA	2
Lake Arrowhead Scout Camps	CA	1
Lake Audrian	CA	2
Lake Augusta	WA	2
Lake Balboa Park	CA	1
Lake Barrett	CA	2
Lake Basin Recreation Area	CA	1
Lake Bay	WA	0
Lake Beauty	WA	2
Lake Bed Waterhole	OR	2
Lake Beds	WA	2
Lake Beecher	WA	2
Lake Ben	WA	2
Lake Bernice	OR	2
Lake Berryessa	CA	0
Lake Berryessa Recreation Area	CA	1
Lake Blethen	WA	2
Lake Bordeaux	CA	2
Lake Boren	WA	2
Lake Bosworth	WA	0
Lake Bowman Mobile Home Park	WA	0
Lake Brigham	WA	2
Lake Britton	CA	2
Lake Bronson	WA	2
Lake Bryan	WA	2
Lake Bryant	WA	2
Lake Burgundy	CA	2
Lake Butte	OR	2
Lake Butte	WA	2
Lake Byrne	WA	2
Lake Cachuma County Park	CA	1
Lake Cachuma Recreation Area	CA	1
Lake Cahuilla County Park	CA	1
Lake Cahuilla Park	CA	1
Lake Camanche Ranches	CA	0
Lake Camp	WA	1
Lake Camp Fire Girls	WA	2
Lake Campbell	WA	2
Lake Campground	CA	1
Lake Canyon Park	CA	1
Lake Caroline	WA	2
Lake Casitas Recreation Area	CA	1
Lake Cassidy	WA	2
Lake Catherine	CA	2
Lake Cavanaugh	WA	0
Lake Center Athletic Park	CA	1
Lake Chalet	WA	2
Lake Chapot Park	CA	1
Lake Charles	WA	2
Lake Charline	OR	2
Lake Chelan National Recreation Area	WA	1
Lake Chelan State Park	WA	1
Lake Chelan-Sawtooth Wilderness	WA	1
Lake Chetlo	OR	2
Lake Christine	WA	2
Lake Christine Trail	WA	1
Lake City	CA	0
Lake City	WA	0
Lake City Lakes	WA	2
Lake Clarice	WA	2
Lake Cleone	CA	2
Lake Clovis	OR	2
Lake Cochran	WA	2
Lake Comcomly	WA	2
Lake Como	OR	2
Lake Confusion	CA	2
Lake Connie	WA	2
Lake Constance	WA	2
Lake Corral	WA	2
Lake County Fairgrounds	CA	1
Lake Creek	OR	0
Lake Creek Campground	WA	1
Lake Creek Forest Camp	OR	1
Lake Creek Organization Camp	OR	1
Lake Creek Recreation Area	OR	1
Lake Creek Trail	OR	1
Lake Creek Trail	WA	1
Lake Crescent	WA	2
Lake Crest Estates	CA	0
Lake Crowley Campground	CA	1
Lake Cuitin	WA	2
Lake Cushman State Park	WA	1
Lake Cushman State Park Campground	WA	1
Lake Dalwigk Park	CA	1
Lake Davis	CA	0
Lake Davis Wetlands and Coastal Dunes Natural Preserve	CA	1
Lake Dawn	WA	2
Lake Del Valle State Recreation Area	CA	1
Lake Desire	WA	0
Lake Dilly	WA	2
Lake Dolloff	WA	2
Lake Donald	WA	2
Lake Doreen	WA	2
Lake Doris	CA	2
Lake Doris	WA	2
Lake Dorothy	CA	2
Lake Dorothy	WA	2
Lake Earl	CA	2
Lake Easton State Park	WA	1
Lake Edna	OR	2
Lake Edna	WA	2
Lake Eiler	CA	2
Lake Eleanor	CA	2
Lake Eleanor	WA	2
Lake Eleanor Campgound	CA	1
Lake Eleanor Open Space	CA	1
Lake Elias	WA	2
Lake Elizabeth	CA	2
Lake Elizabeth	OR	2
Lake Elizabeth	WA	2
Lake Ellen	CA	2
Lake Ellen	WA	2
Lake Ellen Campground	WA	1
Lake Elsey	WA	2
Lake Elsie	WA	2
Lake Elsinore	CA	0
Lake Erie	WA	2
Lake Estelle	CA	2
Lake Ethel	CA	2
Lake Ethel	WA	2
Lake Evan	WA	2
Lake Evans	CA	2
Lake Ewauna	OR	2
Lake Fazon	WA	2
Lake Fenwick	WA	2
Lake Fenwick Park	WA	1
Lake Fifteen	WA	2
Lake Fizrenken	WA	2
Lake Flora	WA	2
Lake Flore	WA	2
Lake Florence	OR	2
Lake Fontal	WA	2
Lake Forest	CA	0
Lake Forest Campground	CA	1
Lake Forest Park	CA	1
Lake Forest Park	WA	0
Lake Frances	CA	2
Lake Frances	OR	2
Lake Francis	OR	2
Lake Francis Park	WA	1
Lake Geneva	WA	2
Lake Genevieve	CA	2
Lake George	CA	2
Lake George	WA	2
Lake George Campground	CA	1
Lake Gladys	OR	2
Lake Goodwin	WA	0
Lake Goss	WA	2
Lake Grace	WA	2
Lake Greenhaven	CA	2
Lake Gregory	CA	2
Lake Grove Park	OR	1
Lake Hancock	WA	2
Lake Hannan	WA	2
Lake Harriet	CA	2
Lake Harriette	OR	2
Lake Hazard	WA	2
Lake Hazel	OR	2
Lake Heights	WA	0
Lake Helen	CA	2
Lake Helen	WA	2
Lake Helen of Troy	CA	2
Lake Hemet Campground	CA	1
Lake Henry	OR	2
Lake Henshaw	CA	1
Lake Heritage	WA	2
Lake Hilda	OR	2
Lake Hildebrand	WA	2
Lake Hill	CA	2
Lake Hill	WA	2
Lake Hill Cove	CA	2
Lake Hills	WA	0
Lake Hills Green Belt Park	WA	1
Lake Hills Park	WA	1
Lake Hollywood Park	CA	1
Lake Holm	WA	2
Lake Honda	CA	2
Lake Howard	WA	2
Lake Hughes	CA	0
Lake Hughes Truck Trail	CA	1
Lake Hunice	OR	2
Lake Ida	WA	2
Lake Idell	CA	2
Lake Ilswoot	WA	2
Lake Ingalls	WA	2
Lake Inlet Campground	CA	1
Lake Isabel	WA	2
Lake Isabella	CA	0
Lake Isabella	WA	2
Lake Italy	CA	2
Lake Ivanhoe	WA	2
Lake Ivern	OR	2
Lake James	WA	2
Lake Janice	OR	2
Lake Janus	WA	2
Lake Jason	WA	2
Lake Jean	CA	2
Lake Jennings Park	CA	1
Lake Josephine	CA	2
Lake Joy	WA	2
Lake Juanita	WA	2
Lake Julia	WA	2
Lake Julius	WA	2
Lake Kahlotus	WA	2
Lake Kanim	WA	2
Lake Kapowsin	WA	2
Lake Katherine	CA	2
Lake Kathleen	WA	2
Lake Kaweah Recreation Area	CA	1
Lake Kawkawak	WA	2
Lake Ketchum	WA	0
Lake Ki	WA	2
Lake Ki Mobile Home Park	WA	0
Lake Killarney	WA	2
Lake Kiwa	OR	2
Lake Koeneman	WA	2
Lake Koeneman State Wildlife Area	WA	1
Lake Kulla Kulla	WA	2
Lake Kwaddis	WA	2
Lake LaCrosse	WA	2
Lake Labish County Park	OR	1
Lake Ladgunn	WA	2
Lake Land	OR	2
Lake Laura	WA	2
Lake Lawrence	WA	2
Lake Le Conte	CA	2
Lake Leland	WA	2
Lake Leo	WA	2
Lake Leo Campground	WA	1
Lake Leota	WA	2
Lake Leprechaun	WA	2
Lake Lepul	WA	2
Lake Lillian	WA	2
Lake Limerick	WA	2
Lake Liza	OR	2
Lake Lois	CA	2
Lake Lois	WA	2
Lake Loma	WA	2
Lake Lorraine	WA	2
Lake Lorraine Point	WA	2
Lake Los Angeles	CA	0
Lake Los Carneros Park	CA	1
Lake Louis	WA	2
Lake Louise	CA	2
Lake Louise	WA	2
Lake Louise Natural Resources Conservation Area	WA	1
Lake Lower	CA	2
Lake Lucerne	WA	2
Lake Lucile	OR	2
Lake Lucille	CA	2
Lake Lytle	OR	2
Lake Madera Country Estates	CA	0
Lake Malachite	WA	2
Lake Malice	OR	2
Lake Mamie	CA	2
Lake Marcel	WA	2
Lake Marcel-Stillwater	WA	0
Lake Margaret	CA	2
Lake Margaret	WA	2
Lake Margery	CA	2
Lake Marie	OR	2
Lake Marie	WA	2
Lake Marie Campground	OR	1
Lake Marjorie	CA	2
Lake Marr	OR	2
Lake Martha	WA	2
Lake Mary	CA	0
Lake Mary	OR	2
Lake Mary	WA	2
Lake Mary Campground	CA	1
Lake Mathews	CA	0
Lake Mathews Ecological Reserve	CA	1
Lake May	WA	2
Lake McDermand	CA	2
Lake McDonald	WA	2
Lake McMurray	WA	0
Lake Mendocino Recreation Area	CA	1
Lake Merced	CA	2
Lake Merced Sports Center	CA	1
Lake Meridian	WA	2
Lake Meridian Estates Mobile Home Park	WA	0
Lake Meridian Park	WA	1
Lake Merritt	CA	2
Lake Merritt Channel Park	CA	1
Lake Merritt Wildlife Sanctuary	CA	1
Lake Metam	WA	2
Lake Michael Trail	WA	1
Lake Miller	CA	2
Lake Minterwood	WA	2
Lake Moic	CA	2
Lake Mondress	WA	2
Lake Money Smith Estates Mobile Home Park	WA	0
Lake Moolock	WA	2
Lake Moran	CA	2
Lake Moree Park	CA	1
Lake Morena Campground	CA	1
Lake Morena County Park	CA	1
Lake Morton	WA	0
Lake Morton-Berrydale	WA	0
Lake Mountain	CA	2
Lake Mountain	OR	2
Lake Mountain	WA	2
Lake Mountain Trail	OR	1
Lake Murphy	OR	2
Lake Murphy	WA	2
Lake Myron	WA	2
Lake Nacimiento	CA	0
Lake Nadeau	WA	2
Lake Natoma Trail	CA	1
Lake Neskowin	OR	2
Lake Newport State Park	WA	1
Lake No-Se-Um	OR	2
Lake Norconian	CA	2
Lake Norvell	CA	2
Lake Notasha	OR	2
Lake Number 1	WA	2
Lake Number 2	WA	2
Lake Number 8	WA	2
Lake Number Five	CA	2
Lake Number Nine	CA	2
Lake Number Three	CA	2
Lake Number Twelve	WA	2
Lake Olrun	WA	2
Lake One	CA	2
Lake Oroville State Recreation Area	CA	1
Lake Osoyoos State Park	WA	1
Lake Oswego	OR	0
Lake Outlet Campground	CA	1
Lake Owyhee State Park	OR	1
Lake Padden Estates Mobile Home Park	WA	0
Lake Park	CA	1
Lake Park	WA	0
Lake Patricia	OR	2
Lake Peak	CA	2
Lake Perris State Recreation Area	CA	1
Lake Philippa	WA	2
Lake Phoebe	WA	2
Lake Pidgeon (historical)	OR	2
Lake Pleasant	WA	2
Lake Pleasant Mobile Home	WA	0
Lake Pleasant Recreation Area	WA	1
Lake Point	OR	2
Lake Pondilla	WA	2
Lake Poway Recreation Area	CA	1
Lake Prairie	CA	2
Lake Pugsley	WA	2
Lake Quinault	WA	2
Lake Ranch Trail	CA	1
Lake Rebecca	WA	2
Lake Redding Park	CA	1
Lake Reflection	CA	2
Lake Reginleif	WA	2
Lake Reveille	WA	2
Lake Ridge Trail	CA	1
Lake Roesiger	WA	0
Lake Roesiger Park	WA	1
Lake Roosevelt National Recreation Area	WA	1
Lake Rosannah	WA	2
Lake Rowena	WA	2
Lake Rowland	WA	2
Lake Ruden	OR	2
Lake Ruth	CA	2
Lake Ruth	WA	2
Lake Sabrina	CA	2
Lake Sacajawea	WA	2
Lake Sacajawea Park	WA	1
Lake Sahalee Tyee	WA	2
Lake Saint Clair	WA	2
Lake Sally Ann	WA	2
Lake Samish	WA	2
Lake Samish Terrace Mobile Home Park	WA	0
Lake Sammamish	WA	2
Lake Sammamish State Park	WA	1
Lake Sarah	OR	2
Lake Saul	WA	2
Lake Sawyer	WA	2
Lake School Park	CA	1
Lake Sebago	WA	2
Lake Selmac County Park	OR	1
Lake Serene	WA	2
Lake Shoecraft	WA	2
Lake Shore	WA	0
Lake Sigrun	WA	2
Lake Simms	WA	2
Lake Siskiyou Campground	CA	1
Lake Sixteen	WA	2
Lake Skinner County Park	CA	1
Lake Sonya	OR	2
Lake South America	CA	2
Lake Spaulding Campground	CA	1
Lake Standstill	WA	2
Lake Stevens	WA	0
Lake Stickney	WA	0
Lake Stickney Mobile Home Park	WA	0
Lake Stilwell	WA	2
Lake Stuart	WA	2
Lake Stuart Trail	WA	1
Lake Sturtevant	WA	2
Lake Success	WA	2
Lake Sundown	WA	2
Lake Susan Jane	WA	2
Lake Sutherland	WA	2
Lake Sylvester	WA	2
Lake Sylvia	CA	2
Lake Sylvia State Park	WA	1
Lake Tahoe	CA	0
Lake Talawa	CA	2
Lake Tamarisk	CA	0
Lake Tanganyika	CA	2
Lake Tapps County Park	WA	1
Lake Temescal Regional Park	CA	1
Lake Terence	WA	2
Lake Terrace Court Mobile Home Park	WA	0
Lake Terrell	WA	2
Lake Terrell State Game Refuge	WA	1
Lake Thirty Two	WA	2
Lake Thirty-Two	WA	2
Lake Thomas	WA	2
Lake Thomas Campground	WA	1
Lake Titicaca	WA	2
Lake Toke Tie	WA	2
Lake Toketie	WA	2
Lake Tom	WA	2
Lake Trail	CA	1
Lake Trail	WA	1
Lake Tupso	WA	2
Lake Twentytwo	WA	2
Lake Tyee	WA	2
Lake Tynan	CA	2
Lake Umtux	WA	2
Lake Union	WA	2
Lake Valhalla	WA	2
Lake Valley	CA	0
Lake Valley State Recreation Area	CA	1
Lake Vernon	CA	2
Lake Vicente	WA	2
Lake Victoria	WA	2
Lake View Campground	CA	1
Lake View Park	CA	1
Lake View Point	CA	2
Lake Virginia	CA	2
Lake Viviane	WA	2
Lake Waban	OR	2
Lake Walton Campground	CA	1
Lake Wapiki	WA	2
Lake Washington	CA	2
Lake Washington	WA	2
Lake Washington Boulevard Park	WA	1
Lake Way	OR	1
Lake Webb	CA	2
Lake Wenatchee	WA	2
Lake Wenatchee Campground	WA	1
Lake Wenatchee State Park	WA	1
Lake West	WA	2
Lake Whatcom	WA	2
Lake Whitman	WA	2
Lake Wilderness Park	WA	1
Lake Wildwood	CA	0
Lake Winifred	CA	2
Lake Wiseman	WA	2
Lake Wit-So-Nah-Pah	CA	2
Lake Wolverine	WA	2
Lake Wooten	WA	2
Lake Youngs Park	WA	1
Lake Yvonne	WA	2
Lake Zitella	CA	2
Lake de Balon	WA	2
Lake in the Brush	OR	2
Lake in the Woods	OR	2
Lake los Nietos	CA	2
Lake of The Woods	CA	2
Lake of the Angels	WA	2
Lake of the Cedars	OR	2
Lake of the Fallen Moon	CA	2
Lake of the Island	CA	2
Lake of the Lone Indian	CA	2
Lake of the Pines	CA	0
Lake of the Pines	WA	2
Lake of the Woods	CA	0
Lake of the Woods	OR	0
Lake of the Woods	WA	2
Lake of the Woods Mountain	OR	2
Lake of the Woods State Wildlife Area	CA	1
Lakebay	WA	0
Lakebed Waterhole	OR	2
Lakebrook	OR	0
Lakecamp Lake	CA	2
Lakedale	WA	0
Lakehead	CA	0
Lakeland	WA	0
Lakeland North	WA	0
Lakeland South	WA	0
Lakeland Village	CA	0
Lakeland Village	WA	0
Lakemont Pines	CA	0
Lakepoint Park	CA	1
Lakeport	CA	0
Lakeport Peak	CA	2
Lakeridge	WA	0
Lakeridge Park	WA	1
Lakes Basin Campground	CA	1
Lakes End Campground	OR	1
Lakes Trail in Sequoia National Park	CA	1
Lakeshore	CA	0
Lakeshore	WA	0
Lakeshore Campground	CA	1
Lakeshore City Park	OR	1
Lakeshore East Campground	CA	1
Lakeshore Loop Campground	CA	1
Lakeshore Park	CA	1
Lakeshore Park	WA	1
Lakeside	CA	0
Lakeside	OR	0
Lakeside	WA	0
Lakeside Campground	CA	1
Lakeside City Park	WA	1
Lakeside County Park	CA	1
Lakeside Farms	CA	0
Lakeside Mobile Home Park	WA	0
Lakeside Park	CA	1
Lakeside Park	OR	1
Lakeside Terrace	CA	0
Lakeside Terrace Mobile Home Park	WA	0
Lakeside Trail	OR	1
Lakeside Trail	WA	1
Lakeview	CA	0
Lakeview	OR	0
Lakeview	WA	0
Lakeview Hot Springs	CA	0
Lakeview Junction	CA	0
Lakeview Labor Camp	CA	1
Lakeview Mobile Home Park	WA	0
Lakeview Mountain	OR	2
Lakeview Mountain	WA	2
Lakeview Park	WA	0
Lakeview Peak	WA	2
Lakeview Peak Lake	WA	2
Lakeview Recreation Area	CA	1
Lakeview Resort	CA	0
Lakeview Terrace Campground	CA	1
Lakeview Terrace Recreation Center	CA	1
Lakeview Wildlife Administrative Site	OR	1
Lakeville	CA	0
Lakeway Mobile Estates	WA	0
Lakewood	CA	0
Lakewood	OR	0
Lakewood	WA	0
Lakewood Bay	OR	2
Lakewood Equestrian Center	CA	1
Lakewood Highlands	CA	0
Lakewood Meadows Park	CA	1
Lakewood Mobile Home Park	WA	0
Lakewood Park	CA	0
Lakewood Park	WA	1
Lakewood Sierra	CA	0
Lakewood Villa Mobile Home Park	WA	0
Lakin	CA	0
Lakota	WA	0
Lamar	WA	0
Lamar County Park	CA	1
Lamar Lake	WA	2
Lamb Butte	OR	2
Lamb Butte	WA	2
Lamb Camp	CA	1
Lamb Hill	CA	2
Lamberson Butte	OR	2
Lamberson Butte Spur Trail	OR	1
Lambert	WA	0
Lambert Hill	CA	2
Lambert Hill	WA	2
Lambert Lake	CA	2
Lambert Lake Estates	CA	0
Lambert Mountain	WA	2
Lambert Park	CA	1
Lambert Point	OR	2
Lamberts Corner	WA	0
Lamer Pond	OR	2
Lamm Camp	OR	1
Lamms Camp	OR	1
Lamoine	CA	0
Lamoine	WA	0
Lamona	WA	0
Lamont	CA	0
Lamont	WA	0
Lamont Lake	WA	2
Lamont Park	CA	1
Lamont Peak	CA	2
Lamont Springs City Park	OR	1
Lamotte Pond	WA	2
Lampa Mountain	OR	2
Lamplighter Mobile Park	WA	0
Lamson Park	OR	1
Lan Su Chinese Garden	OR	1
Lanare	CA	0
Lanark Park	CA	1
Lancaster	CA	0
Lancaster	OR	0
Lancaster	WA	0
Lancaster Lake	WA	2
Lancaster Mountain	CA	2
Lancelot Lake	OR	2
Land Park	CA	1
Land Peak	CA	2
Landax Landing Park	OR	1
Landels-Hill Big Creek Reserve	CA	1
Lander Crossing	CA	0
Landers	CA	0
Landers Lake	CA	2
Landes Park	CA	1
Landing Cove	CA	2
Landing Hill	CA	2
Landingham Hill	WA	2
Lands End	CA	2
Lands Island	CA	2
Lands end	CA	1
Landsburg	WA	0
Landslide Campground	CA	1
Lane	CA	0
Lane Hill	CA	2
Lane Lake	CA	2
Lane Lake	OR	2
Lane Mountain	CA	2
Lane Mountain	OR	2
Lane Mountain	WA	2
Lane Peak	WA	2
Lane Spit	WA	2
Lane Trail Camp	CA	1
Lanfair	CA	0
Lanfair Buttes	CA	2
Lang	CA	0
Lang Bay	WA	2
Lang Forest State Park	OR	1
Lang Lake	WA	2
Lang Park	CA	1
Lang Ranch Open Space	CA	1
Langdon	WA	0
Langell Valley	OR	0
Langer City Park	OR	1
Langford Well Lake	CA	2
Langille Peak	CA	2
Langille Peak	WA	2
Langley	WA	0
Langley Bay	WA	2
Langley City Park	OR	1
Langley Hill	CA	2
Langley Hill	WA	2
Langley Park	CA	1
Langley Park	WA	1
Langlois	OR	0
Langlois Lake	WA	2
Langs Peak	CA	2
Langslet Monument Rest Area	OR	1
Langston Hill	WA	2
Lanham Lake	WA	2
Lankner	WA	0
Lantern Bay County Park	CA	1
Lanyan Trail	CA	1
Lapoel Point	WA	2
Lapover Lake	OR	2
Laqua Buttes	CA	2
Larabee	CA	0
Larabee Buttes	CA	2
Larch Clover Park	CA	1
Larch Lake	WA	2
Larch Lake Campground	WA	1
Larch Lakes	WA	2
Larch Mountain	OR	2
Larch Mountain	WA	2
Larch Mountain Corridor	OR	1
Larch Way	WA	0
Larchmont Community Park	CA	1
Larchmont Park	CA	1
Lard Lake	OR	2
Large Brown Rock	OR	2
Large Lake	OR	2
Large Park	CA	1
Largent Pond	OR	2
Largo	CA	0
Largo Vista	CA	0
Larieu Park	CA	1
Larimers Corner	WA	0
Larios Peak	CA	2
Larison Cove	OR	2
Larison Creek Trail	OR	1
Lark City Park	OR	1
Lark View Park	CA	1
Larkey Park	CA	1
Larkfield	CA	0
Larkfield-Wikiup	CA	0
Larkin Lake	CA	2
Larkin Park	CA	1
Larkin Valley	CA	0
Larkmead	CA	0
Larkspur	CA	0
Larkspur Trail	OR	1
Larrabee State Park	WA	1
Larry Flat Campground	CA	1
Larsen Field	CA	1
Larsen Lake	WA	2
Larsen Mobile Manor	WA	0
Larsen Park	CA	1
Larson	CA	0
Larson Cove	OR	2
Larson Field	CA	1
Larson Hill	WA	2
Larson Island	OR	2
Larson Lake	WA	2
Larson Lakes	WA	2
Larson Mill	WA	0
Larson Park	CA	1
Larson Park	WA	1
Larson Way Trail	OR	1
Larwaood Wayside County Park	OR	1
Larwin Park	CA	1
Las Animas Park	CA	1
Las Arenas Park	CA	1
Las Cantilles	CA	0
Las Colinas Mobile Home Park	CA	0
Las Cruces	CA	0
Las Flores	CA	0
Las Flores Marsh	CA	2
Las Flores Park	CA	1
Las Juntas	CA	0
Las Juntas Park	CA	1
Las Lomas	CA	0
Las Lomas Park	CA	1
Las Palmas Park	CA	1
Las Palmas Playground	CA	1
Las Piedras Park	CA	1
Las Posadas State Forest	CA	1
Las Positas Park	CA	1
Las Positas Tennis Courts	CA	1
Las Robles Park	CA	1
Las Trampas Peak	CA	2
Las Tunas Beach	CA	1
Lasco	CA	0
Lasells D Stewart County Park	OR	1
Lasen County Fairgrounds	CA	1
Lash Lighter Basin	CA	2
Lasher Lake	WA	2
Laskey Mesa	CA	2
Lassen County Youth Camp	CA	1
Lassen Peak	CA	2
Lassen Pines Camp	CA	1
Lassen Trail	CA	1
Lassen Volcanic National Park	CA	1
Lassen Volcanic Wilderness	CA	1
Last Camp	CA	1
Last Camp	OR	1
Last Chance	CA	0
Last Chance Camp	CA	1
Last Chance Campground	CA	1
Last Chance Meadow Research Natural Area	CA	1
Last Chance Mountain	CA	2
Last Chance Mountain	OR	2
Last Chance Point	WA	2
Last Chance Rustic Campsite	CA	1
Last Chance Trail	CA	1
Last Lake	OR	2
Last Spur Park	WA	1
Lasts Island (historical)	WA	2
Lasuan Mall	CA	1
Latah	WA	0
Latham	OR	0
Lather Mountain	OR	2
Lathrop	CA	0
Lathrop County Park	OR	1
Latigo Lake	OR	2
Latiwi Mountain	OR	2
Laton	CA	0
Laton Point	OR	2
Laton-Kingston Park	CA	1
Latona	WA	0
Latopie Lake	CA	2
Latour Trail	CA	1
Latourell	OR	0
Latourette Park	OR	1
Latrobe	CA	0
Lattig Lake	WA	2
Lauderbach Park	CA	1
Lauderdale Junction	WA	0
Lauer	WA	0
Laufman Campground	CA	1
Laughin Park	CA	1
Laughing Jacobs Lake	WA	2
Laughlin	CA	0
Laughlin Hills	OR	2
Laughlin Range	CA	2
Laughlin Table	OR	2
Launching Forest Camp Boat Launch	OR	1
Launtz Creek Campground	CA	1
Laupp Lake	WA	2
Laura Lake	CA	2
Laura Lake	WA	2
Laura Peak	CA	2
Laurel	CA	0
Laurel	OR	0
Laurel	WA	0
Laurel Beach	CA	1
Laurel Beach County Park	OR	1
Laurel Butte	CA	2
Laurel Butte	OR	2
Laurel Canyon Park	CA	1
Laurel Creek Park	CA	1
Laurel Dell Camp	CA	1
Laurel Dell Campground	CA	1
Laurel Grove	OR	0
Laurel Hill	CA	2
Laurel Hill	OR	2
Laurel Hill	WA	2
Laurel Hill City Park	OR	1
Laurel Hill Playground	CA	1
Laurel Lake	CA	2
Laurel Lake	OR	2
Laurel Mountain	CA	2
Laurel Mountain	OR	2
Laurel Park	CA	1
Laurel Park	OR	1
Laurel Park	WA	1
Laurelhurst City Park	OR	1
Laurelhurst Park	WA	1
Laurelwood	OR	0
Laurelwood City Park	OR	1
Laurelwood Mobile Home Park	WA	0
Laurelwood Park	CA	1
Laurelwood Park	OR	1
Laurelwood Valley Mobile Home Park	WA	0
Laureola Park	CA	1
Laurie Meadows Park	CA	1
Laurier	WA	0
Lauserica Camp	OR	1
Lava Beds National Monument	CA	1
Lava Beds Wilderness	CA	1
Lava Butte	CA	2
Lava Butte	OR	2
Lava Butte	WA	2
Lava Butte Trail	WA	1
Lava Camp	CA	1
Lava Camp Lake	OR	2
Lava Camp Lake Recreation Site	OR	1
Lava Campground	CA	1
Lava Flow Campground Boat Launch	OR	1
Lava Lake	CA	2
Lava Lake	OR	2
Lava Lakes	WA	2
Lava Lakes Wildlife Sanctuary	CA	1
Lava Peak	CA	2
Lava Top Butte	OR	2
Lava Trail	OR	1
Laveaga Peak	CA	2
Lavender	WA	0
Lavender Lake	WA	2
Laverty Lakes	OR	2
Lavic	CA	0
Lavigia Hill	CA	2
Lavilla	WA	0
Lavista	WA	0
Lavista Lake	WA	2
Law Lake	WA	2
Lawen	OR	0
Lawler Park	CA	1
Lawndale	CA	0
Lawndale Park	OR	1
Lawndale Trail	CA	1
Lawnridge Park	OR	1
Lawrence	CA	0
Lawrence	WA	0
Lawrence Lake	CA	2
Lawrence Park	CA	1
Lawrence Playground	CA	1
Lawrence Point	WA	2
Lawrence Scott Park	WA	1
Lawrence Welk Resort Village	CA	0
Laws	CA	0
Laws Camp	CA	1
Laws Corner	WA	0
Laws Trail	WA	1
Lawson Bluff	WA	2
Lawson Butte	OR	2
Lawson Hill	CA	2
Lawson Lake	WA	2
Lawson Mountain	OR	2
Lawson Peak	CA	2
Lawters Beach	WA	0
Lawyer Cow Camp	CA	1
Lawyer Trail	CA	1
Laxson Park	OR	1
Lay Inlet	WA	2
Layman Camp	CA	1
Layne Park	CA	1
Layng Creek Fossil Beds	OR	1
Layout Camp	WA	1
Layton Hill	WA	2
Layton Park	WA	1
Laytonville	CA	0
Laytonville-Leggett	CA	0
Lazarus Island	OR	2
Lazear Recreation Center	CA	1
Lazy Acres Mobile Home Park	WA	0
Lazy Campground	CA	1
Lazy J Ranch Park	CA	1
Lazy Landing Mobile Home Park	CA	0
Lazy Wheels Mobile Park	WA	0
Lazyman Butte	CA	2
Lazyman Butte Trail	CA	1
Lazyman Camp	CA	1
Le Conte Lake	WA	2
Le Conte Mountain	WA	2
Le Conte Point	CA	2
Le Fay Lake	WA	2
Le Grand	CA	0
Le Grow	WA	0
Le Mesa Park	OR	1
Le Page Park	OR	1
Le Page Treaty Fishing Access Site	OR	1
Le Perron Peak	CA	2
Le Roy Park	CA	1
LeBard Park	CA	1
LeClerc State Wildlife Area	WA	1
LeConte Lake	WA	2
Lea Hill	WA	0
Lea Hill  (historical)	WA	0
Lea Hill Park	WA	1
Leaburg	OR	0
Leaburg Landing County Park	OR	1
Leach Botanical Garden	OR	1
Leach Camp Trail	OR	1
Leach Field	CA	1
Lead Hill	WA	2
Lead Mountain	CA	2
Lead Pencil Mountain	WA	2
Leadbetter Beach	CA	1
Leadbetter Point	WA	2
Leadbetter Point State Park	WA	1
Leader Lake Campground	WA	1
Leader Mountain	WA	2
Leadfield	CA	0
Leadpoint	WA	0
Leaf	CA	0
Leaf Camp	CA	1
Leahy	WA	0
Leaky Lake	WA	2
Leaning Pine Hill	CA	2
Leaning Rock	OR	2
Leaning Tower	CA	2
Leary	WA	0
Leary Hill	CA	2
Lease Camp	CA	1
Lease Lake	WA	2
Least Tern Natural Preserve	CA	1
Leavenworth	WA	0
Leavenworth National Fish Hatchery	WA	1
Leavenworth Winter Sports Area	WA	1
Leavey Field	CA	1
Leavis Flat Campground	CA	1
Leavitt	CA	0
Leavitt Lake	CA	2
Leavitt Meadows Campground	CA	1
Leavitt Peak	CA	2
Lebam	WA	0
Lebanon	OR	0
Lebec	CA	0
Leber	WA	0
Lebo Recreation Area	WA	1
Lechuza Point	CA	2
Ledbetter Lake	WA	2
Ledge Lake	CA	2
Ledge Lake	OR	2
Ledger Island	CA	2
Ledson Marsh	CA	2
Leduc Acres	CA	0
Lee	WA	0
Lee Bell Park	CA	1
Lee Camp	CA	1
Lee City Park	OR	1
Lee Garner Park	CA	1
Lee Island	WA	2
Lee Lake	CA	2
Lee Lake	OR	2
Lee Lake	WA	2
Lee Logan Camp	CA	1
Lee Peak	OR	2
Lee Price Camp	CA	1
Lee Promontory	WA	2
Lee Recreation Center	CA	1
Lee School Park	OR	1
Lee Shansky Camp	CA	1
Lee Vining	CA	0
Lee Vining Peak	CA	2
Lee Ware Park	CA	1
Leech Lake	CA	2
Leech Lake	OR	2
Leech Lake	WA	2
Leech Lake Mountain	CA	2
Leeds Island	OR	2
Leek Spring Hill	CA	2
Lees Camp	CA	1
Lees Camp	OR	1
Lees Peak	OR	2
Leesdale	CA	0
Leesville	CA	0
Leewood Camp	OR	1
Leffingwell Cove	CA	2
Leffingwell Ranch Park	CA	1
Legg Lake	CA	2
Legger Flat Campground	CA	1
Leggett	CA	0
Legion Field	OR	1
Legion Memorial Park	CA	1
Legion Park	CA	1
Legion Park	OR	1
Legion Park	WA	1
Legoe Bay	WA	2
Legore Lake	OR	2
Leguna Seca Recreational Area	CA	1
Lehman Springs	OR	0
Lehnherr Park	OR	1
Lehrman Pond	WA	2
Leif Erikson Statue	WA	1
Leighton Lake	CA	2
Leighty Camp	WA	1
Leimbach School Park	CA	1
Leimert	CA	0
Leimert Park	CA	1
Leinenweber Lake	OR	2
Leininger Camp	CA	1
Leisure Estates Mobile Home Park	WA	0
Leisure Lagoon	CA	2
Leisure Manor Mobile Community	WA	0
Leisure Manor Mobile Home Park	WA	0
Leisure Town	CA	0
Leisure World	CA	0
Leiva Park	CA	1
Leland	OR	0
Leland	WA	0
Leland Lake	WA	2
Leland Lake Campground	WA	1
Leland Lakes	CA	2
Leland Park	CA	1
Leland Stanford Mansion State Historic Park	CA	1
Lely Aquatic Park	CA	1
Lemah Mountain	WA	2
Lemanasky Mountain	WA	2
Lembert Dome	CA	2
Lembi Park	CA	1
Lemei Lake	WA	2
Lemei Rock	WA	2
Lemei Trail #34	WA	1
Lemish Butte	OR	2
Lemish Lake	OR	2
Lemiti Butte	OR	2
Lemiti Campground	OR	1
Lemolo	WA	0
Lemon Butte	OR	2
Lemon Cove	CA	0
Lemon Creek Bicentennial Park	CA	1
Lemon Grove	CA	0
Lemon Grove Park	CA	1
Lemon Heights	CA	0
Lemon Hill	CA	2
Lemon Hill	WA	2
Lemon Island	OR	2
Lemon Park	CA	1
Lemoncove	CA	0
Lemongrass Park	CA	1
Lemonwood Park	CA	1
Lemoore	CA	0
Lemoore Station	CA	0
Lems Ridge Trail	CA	1
Len Hester Park	CA	1
Lena	OR	0
Lena Creek Campground	WA	1
Lena Lake	WA	2
Lena Lake Campground	WA	1
Leneve	OR	0
Lenhart Butte	OR	2
Lennox	CA	0
Lennox Lake	WA	2
Lennox Mountain	WA	2
Lennox Park	CA	1
Lenon Hill	OR	2
Lenore Lake	WA	2
Lent Butte	OR	2
Lento	CA	0
Lenton Lake	WA	2
Lents Park	OR	1
Lentz Field	CA	1
Lenwood	CA	0
Lenwood Park	CA	1
Lenz	OR	0
Lenz Butte	OR	2
Lenz Lake	WA	2
Leo Carrillo Campground	CA	1
Leo Carrillo State Park	CA	1
Leo J Ryan Memorial Park	CA	1
Leola Peak	WA	2
Leoma Lakes	CA	2
Leon	WA	0
Leona	OR	0
Leona Heights Park	CA	1
Leona Ridge	CA	2
Leona Valley	CA	0
Leonard	CA	0
Leonard Andrews Tennis Center	CA	1
Leonard Park	CA	1
Leonardi	CA	0
Leone Lake	OR	2
Leopold Lake	CA	2
Lepoil Rock	CA	2
Leprechaun Lake	WA	2
Leque Island	WA	2
Leque Island State Wildlife Area	WA	1
Lerdo	CA	0
Lerona	CA	0
Leroy E Botts Memorial Park	CA	1
Lertora Lake	CA	2
Les Grove Park	WA	1
Les Shirley Park	OR	1
Leschi Park	WA	1
Leslie Groves Park	WA	1
Leslie Gulch Camp	OR	1
Leslie N Shaw Park	CA	1
Leslie Park	CA	1
Lesser City Park	OR	1
Lester	WA	0
Lester Beach	CA	1
Lester Trail	WA	1
Letsom Mountain	OR	2
Letterbox Hill	CA	2
Letterman Park	CA	1
Lettuce Lake	CA	2
Leucadia Park	CA	1
Leucadia State Beach	CA	1
Levante School Park	CA	1
Levdansky County Park	WA	1
Leverich Park	WA	1
Levering	WA	0
Levey	WA	0
Levey Ditch Camp	CA	1
Levey Landing Park	WA	1
Leviathan Peak	CA	2
Levis	CA	0
Lew Howard Park	CA	1
Lewelling Elementary School Tennis Courts	OR	1
Lewelling Playground	CA	1
Lewellyn City Park	OR	1
Lewin City Park	OR	1
Lewis	OR	0
Lewis	WA	1
Lewis And Clark National Wildlife Refuge	OR	1
Lewis Butte	OR	2
Lewis Butte	WA	2
Lewis Camp	OR	1
Lewis Campground	CA	1
Lewis Creek County Park	OR	1
Lewis Flat Campsite	CA	1
Lewis Horn	WA	2
Lewis Lake	CA	2
Lewis Lake	WA	2
Lewis Lakes	CA	2
Lewis Park	CA	1
Lewis Peak	WA	2
Lewis Pond	OR	2
Lewis River Campground	WA	1
Lewis Rock	OR	2
Lewis and Clark National Historical Park	WA	1
Lewis and Clark Park	WA	1
Lewis and Clark River Boat Ramp	OR	1
Lewis and Clark Salt Cairn Historic Monument	OR	1
Lewis and Clark State Park	OR	1
Lewis and Clark State Park	WA	1
Lewis and Clark Trail State Park	WA	1
Lewisburg	OR	0
Lewiston	CA	0
Lewiston Community Park	CA	1
Lewiston Historic District	CA	1
Lewisville	OR	0
Lewisville	WA	0
Lexington	OR	0
Lexington	WA	0
Lexington Hill	CA	2
Lexington Hills	CA	0
Lexington Park	OR	1
Leydecker Park	CA	1
Leylandi Park	CA	1
Leyva Lakes	OR	2
Liahona Camp	CA	1
Libbey Park	CA	1
Libby	OR	0
Libby Arm	OR	2
Libby Lake City Park	CA	1
Libby Point	WA	2
Libby-Mingo Park	CA	1
Liberal	OR	0
Liberty	CA	0
Liberty	OR	0
Liberty	WA	0
Liberty Bay	WA	2
Liberty Bell Mountain	WA	2
Liberty Canyon Natural Preserve	CA	1
Liberty Cap	CA	2
Liberty Cap	WA	2
Liberty City Park	OR	1
Liberty Hill	CA	2
Liberty Island	CA	2
Liberty Lake	WA	0
Liberty Lake Regional Park	WA	1
Liberty Mountain	WA	2
Liberty Park	CA	1
Liberty Park	WA	1
Liberty Peak	CA	2
Liberty Plaza	CA	1
Liberty Square	CA	1
Liberty Street Historic District	CA	1
Liberty Street Park	OR	1
Liberty Village Mobile Home Park	WA	0
Library City Park	OR	1
Library Park	CA	1
Library Park	OR	1
Lichtenberg Mountain	WA	2
Lichtenberger Park	CA	1
Lichtenwasser Lake	WA	2
Lichty	WA	0
Lick Creek Trail	OR	1
Lick Creek Trail (historical)	OR	1
Lick Mountain	CA	2
Lick Rock	OR	2
Lid Kay Camp	WA	1
Lider Lake	WA	2
Lido Bay	CA	2
Lido Peninsua	CA	2
Lido Peninsula	CA	2
Liebel Peak	CA	2
Liebre Mountain	CA	2
Liebre Twins	CA	2
Liechti Pond	OR	2
Liechti Pond Number One	OR	2
Liechti Pond Number Two	OR	2
Lieser Point	WA	2
Light Peak	OR	2
Lightening Spring Trail	OR	1
Lighthouse Beach	OR	1
Lighthouse Field State Beach	CA	1
Lighthouse Marine Park Campground	WA	1
Lighthouse Point	WA	2
Lighthouse Point Park	CA	1
Lighthouse Trail	CA	1
Lighting Creek Campground	WA	1
Lightner Peak	CA	2
Lightning Camp	CA	1
Lightning Camp	WA	1
Lightning Lake	WA	2
Lightning Mountian	CA	2
Lightning Peak	WA	2
Lightning Point Campground	CA	1
Lightning Trail	CA	1
Lightning Tree Point	CA	2
Likely	CA	0
Likely Mountain	CA	2
Lila Lake	WA	2
Lilac	CA	0
Lilac Oaks Campground	CA	1
Lilac Park	CA	0
Lilac Terrace	CA	0
Lilienthal Mountain	WA	2
Lillard Hill	WA	2
Lilley Mountain	CA	2
Lillian Hill	CA	2
Lillian Lake	CA	2
Lillian Park	CA	1
Lillian River Trail	WA	1
Lillie King Park	CA	1
Lilliput Trail	CA	1
Lillis Albina City Park	OR	1
Lilliwaup	WA	0
Lilliwaup Bay	WA	2
Lilliwaup Creek Campground	WA	1
Lilliwaup Swamp	WA	2
Lilly City Park	OR	1
Lilly Glen County Campground	OR	1
Lilly K Johnson Park	OR	1
Lilly Lake	OR	2
Lilly Lake	WA	2
Lilly Mountain	CA	2
Lilly Pond	OR	2
Lillyville Forest Camp	OR	1
Lils Lake	OR	2
Lily Basin Trail	WA	1
Lily Camp	OR	1
Lily Cove	CA	2
Lily Gulch Trail	CA	1
Lily Lake	CA	2
Lily Lake	OR	2
Lily Lake	WA	2
Lily Meadows Campground	CA	1
Lily Pad Campground	CA	1
Lily Pad Lake	CA	2
Lily Pad Lake	OR	2
Lily Pond	CA	2
Lily Pond	OR	2
Lily Pond	WA	2
Lily Pond Lake	WA	2
Lily Rock	CA	2
Lilypad Lake	CA	2
Lilypad Lake	OR	2
Lilypad Lake	WA	2
Limantour Beach	CA	1
Limatour Estero Reserve	CA	1
Limber Jim Trail	OR	1
Limberry Point	WA	2
Lime	OR	0
Lime Belt	WA	2
Lime Creek Mountain	WA	2
Lime Hill	CA	2
Lime Hill	WA	2
Lime Kiln Point State Park	WA	1
Lime Lake	WA	2
Lime Mountain	CA	2
Lime Mountain	WA	2
Lime Point	CA	2
Lime Ridge Open Space	CA	1
Lime Saddle Memorial Park	CA	1
Lime Street Park	CA	1
Limedyke Mountain	CA	2
Limekiln Beach Redwoods Campground	CA	1
Limekiln Canyon Park	CA	1
Limekiln Hill	CA	2
Limekiln Hill	WA	2
Limekiln Point	WA	2
Limekiln State Park	CA	1
Limekiln State Wilderness	CA	1
Limerock Peak	CA	2
Limestone Bluffs	CA	2
Limestone Butte	OR	2
Limestone Campground	CA	1
Limestone Campsite	CA	1
Limestone Hill	WA	2
Limestone Junction	WA	0
Limestone Point	CA	2
Limestone Point	WA	2
Limestone Trail	OR	1
Limon	CA	0
Limoneira	CA	0
Limpy Mountain	OR	2
Lincoln	CA	0
Lincoln	OR	0
Lincoln	WA	0
Lincoln Acres	CA	0
Lincoln Acres County Park	CA	1
Lincoln Beach	CA	1
Lincoln Beach	OR	0
Lincoln Beach Wayside	OR	1
Lincoln Bluff	CA	2
Lincoln Butte	WA	2
Lincoln City	OR	0
Lincoln City Park	OR	1
Lincoln Creek Campground	CA	1
Lincoln Crest	CA	0
Lincoln Cunningham Park	CA	1
Lincoln Estates Park	CA	1
Lincoln Glen Park	CA	1
Lincoln Heights Recreation Center	CA	1
Lincoln Highway Park	CA	1
Lincoln Hill	CA	2
Lincoln Mini Park	CA	1
Lincoln Park	CA	1
Lincoln Park	OR	1
Lincoln Park	WA	1
Lincoln Park Recreation Center	CA	1
Lincoln Peak	WA	2
Lincoln Playground	CA	1
Lincoln Rock	WA	2
Lincoln Rock State Park	WA	1
Lincoln School City Park	OR	1
Lincoln Village Park	CA	1
Lincton Mountain	OR	2
Lind	WA	0
Linda	CA	0
Linda Creek Park	CA	1
Linda Heights Park	WA	1
Linda Isle	CA	2
Linda Lake	OR	2
Linda Lane Park	CA	1
Linda Vista Park	CA	1
Lindaraka Park	CA	1
Lindberg Lake	WA	2
Lindberg Park	CA	1
Lindbergh	OR	0
Lindbergh Park	CA	1
Lindbergh School Park	CA	1
Lindcove	CA	0
Lindemenn Lake	CA	2
Linden	CA	0
Linden Park	CA	1
Linden-Farmington	CA	0
Lindh Lake	OR	2
Lindick Lake	OR	2
Lindo Lake	CA	2
Lindo Lake Park	CA	1
Lindros Arm	OR	2
Lindsay	CA	0
Lindsay Campground	WA	1
Lindsay City Park	CA	1
Lindsay Lake	OR	2
Lindsay Lake	WA	2
Lindsay Peak	CA	2
Lindsey Campground	CA	1
Lindsey Creek State Park	OR	1
Lindseys Mobile Home Park	WA	0
Line Bluff	OR	2
Line Butte	OR	2
Line Creek Lake	CA	2
Linear Park	CA	1
Lingard	CA	0
Link Creek Campground Boat Ramp	OR	1
Link Lake	OR	2
Links Lake	OR	2
Linkshire Market Mobile Home Park	WA	0
Linn Mount	CA	2
Linne	CA	0
Linnell Camp	CA	0
Linney Butte	OR	2
Linnie	CA	0
Linnton	OR	0
Linsey Lake Trail	CA	1
Linslaw	OR	0
Linslaw County Park	OR	1
Linton Lake	OR	2
Linton Mountain	WA	2
Linwood Park	CA	1
Linwood Park	WA	1
Lion Campground	CA	1
Lion Head	CA	2
Lion Head Mountain	CA	2
Lion Lake	CA	2
Lion Peak	CA	2
Lion Point	CA	2
Lion Rock	CA	2
Lion Rock	OR	2
Lion Rock	WA	2
Lion Rock Spring Campground	WA	1
Lions City Park	WA	1
Lions Club Park	CA	1
Lions Club Park	OR	1
Lions Den Campground	CA	1
Lions Field	CA	1
Lions Head	CA	2
Lions Island	WA	2
Lions Lake	OR	2
Lions Memorial Park	OR	1
Lions Park	CA	1
Lions Park	OR	1
Lions Park	WA	1
Lions Peak	CA	2
Lionshead	OR	2
Liplip Point	WA	2
Lippincott Mountain	CA	2
Lipps Camp	CA	1
Lipstick Lake	CA	2
Lipsy Lake	WA	2
Lira	CA	0
Lisabeula	WA	0
Liscom Hill	CA	2
Lish Lake	OR	2
Liskey	CA	0
Lisko	CA	0
List	CA	0
Lister Hill	WA	2
Litchfield	CA	0
Lithia Park	OR	1
Litschke Lake	WA	2
Littell	WA	0
Little Acorn Park	CA	1
Little Albany	OR	0
Little Aldrich Mountain	OR	2
Little Alkali Lake	CA	2
Little Alps	OR	0
Little Anderson Lake	WA	2
Little Annapurna	WA	2
Little Antelope Campground	CA	1
Little Applegate Butte	OR	2
Little Applegate Recreation Site	OR	1
Little Arrka Campground	CA	1
Little Ashes Lake	WA	2
Little Aspen Butte	OR	2
Little Badger Creek Trail	OR	1
Little Bagley Mountain	CA	2
Little Bald Hill	CA	2
Little Bald Mountain	CA	2
Little Bald Mountain	OR	2
Little Bald Mountain	WA	2
Little Bald Rock	CA	2
Little Baldy	CA	2
Little Baldy	OR	2
Little Baldy	WA	2
Little Baldy Mountain	CA	2
Little Baldy Mountain	OR	2
Little Baldy Peak	WA	2
Little Baldy Trail	WA	1
Little Baldy Trail (historical)	OR	1
Little Bally	CA	2
Little Battle Mountain	OR	2
Little Bear Camp	OR	1
Little Bear Lake	CA	2
Little Bear Park	CA	1
Little Bear Peak	CA	2
Little Bear Rock	CA	2
Little Beaver Campground	WA	1
Little Beef Harbor	WA	2
Little Belknap	OR	2
Little Belknap Trail	OR	1
Little Bell Mountain	CA	2
Little Bend Park (historical)	OR	1
Little Black Butte	OR	2
Little Black Fox Mountain	CA	2
Little Black Lake	WA	2
Little Black Mountain	CA	2
Little Black Rock	CA	2
Little Black Rock	OR	2
Little Blair Valley Cultural Preserve	CA	1
Little Blalock Island	WA	2
Little Blue Dome	CA	2
Little Blue Grouse Mountain	WA	2
Little Blue Lake	WA	2
Little Bonaparte Mountain	WA	2
Little Borax Lake	CA	2
Little Boston	WA	0
Little Boulder Lake	CA	2
Little Boulder Lake	OR	2
Little Boulder Way Trail	OR	1
Little Bowerman Lake	OR	2
Little Brother	OR	2
Little Brush Lake	WA	2
Little Buck Mountain	CA	2
Little Buck Mountain	WA	2
Little Buck Rock	CA	2
Little Burnt Peak	CA	2
Little Butte	CA	2
Little Butte	OR	2
Little Butte	WA	2
Little Buttonwillow Lake	CA	2
Little Cache Mountain	OR	2
Little Cahuilla Mountain	CA	2
Little Calispell Peak	WA	2
Little Calligan Lake	WA	2
Little Campbell	CA	2
Little Canyon Mountain	OR	2
Little Caribou Lake	CA	2
Little Carmen Lake	CA	2
Little Caroline Lake	WA	2
Little Castle Lake	CA	2
Little Cavanaugh Lake	WA	2
Little Cedars Campground	CA	1
Little Cedars Mobile Home Park	WA	0
Little Chaparral Mountain	CA	2
Little Charlton Peak	CA	2
Little Chemise Knob	CA	2
Little Chetwoot Lake	WA	2
Little Chief	CA	2
Little Chief Mountain	CA	2
Little Chief Peak	WA	2
Little Chinquapin Mountain	OR	2
Little Chopaka Mountain	WA	2
Little Chuckwalla Mountains Wilderness	CA	1
Little Cienaga Seca	CA	2
Little Cincha Lake	OR	2
Little Claire Lake	CA	2
Little Clam Bay	WA	2
Little Corona Del Mar Beach	CA	1
Little Cottonwood Park	CA	1
Little Cottonwood Peak	CA	2
Little Cougar Lake	WA	2
Little Cow	WA	2
Little Cow Mountain	CA	2
Little Cowhole Mountain	CA	2
Little Cowhorn Mountain	OR	2
Little Coyote Mountain	WA	2
Little Coyote Point	CA	2
Little Craggy Peak	OR	2
Little Crater	CA	2
Little Crater Campground Boat Ramp	OR	1
Little Crater Lake	CA	2
Little Crater Lake	OR	2
Little Crater Lake Geological Area	OR	1
Little Crater Meadow	OR	2
Little Creek Basin Trail	WA	1
Little Cultus Lake	OR	2
Little Cultus Lake Campground Boat Ramp	OR	1
Little Darby Peak	CA	2
Little Dark Canyon Trail	OR	1
Little Deadman Island	WA	2
Little Deep Lake	WA	2
Little Deer Lake	CA	2
Little Deer Mountain	CA	2
Little Deer Peak	WA	2
Little Denver Church Campground	CA	1
Little Derrick Lake	WA	2
Little Deschutes Campground (historical)	OR	1
Little Devil Peak	WA	2
Little Devils Mountain	CA	2
Little Dewatto	WA	2
Little Dick Lake	WA	2
Little Digger Mountain	OR	2
Little Doe Campground	CA	1
Little Doris Lake	CA	2
Little Dry Lake	CA	2
Little Duck Lake	CA	2
Little Duffy Lake	OR	2
Little Dumont Dunes	CA	2
Little Dyer Mountain	CA	2
Little Eagle Lake	WA	2
Little Edson Butte	OR	2
Little Egg Lake	CA	2
Little Eightmile Lake	WA	2
Little Elk Lake	CA	2
Little Elk Mountain	OR	2
Little Elkhorn	WA	0
Little Euchre Mountain	OR	2
Little Falls	WA	0
Little Fan Creek Campground	OR	1
Little Fawn Group Camp	OR	1
Little Finger Lake	OR	2
Little Finney Lake	WA	2
Little Fish Lake	OR	2
Little Fish Lake	WA	2
Little Fish Trap	WA	2
Little Fishhole Flat	OR	2
Little Fishtrap	WA	2
Little Franks Tract	CA	2
Little Frazier Lake	OR	2
Little Fredonyer	CA	2
Little French Lake	CA	2
Little Funny Butte	OR	2
Little Gee Lake	WA	2
Little George Lake	CA	2
Little Gibraltar	CA	2
Little Glass Butte	OR	2
Little Glass Mountain	CA	2
Little Goat Mountain	WA	2
Little Gold Hill	CA	2
Little Gold Lake	CA	2
Little Goose Bay	WA	2
Little Goose Campground	WA	1
Little Goose Lake	WA	2
Little Granite Mountain	WA	2
Little Granite Peak	CA	2
Little Grass Mountain	OR	2
Little Grass Valley	CA	0
Little Grass Valley Trail	CA	1
Little Grassy Mountain	OR	2
Little Grayback	CA	2
Little Grayback Mountain	OR	2
Little Grayback Peak	OR	2
Little Green Mountain	OR	2
Little Greider Lake	WA	2
Little Grinnell Lake	CA	2
Little Grizzly Campground	CA	1
Little Grizzly Mountain	CA	2
Little Groundhog Mountain	OR	2
Little Hancock Lake	CA	2
Little Hanks Lake	WA	2
Little Harbor	CA	2
Little Harvey Mountain	CA	2
Little Haskell Peak	CA	2
Little Hat Mountain	CA	2
Little Haystack Mountain	WA	2
Little Head	CA	2
Little Heart Lake	WA	2
Little Hebo	OR	2
Little Hester Lake	WA	2
Little Hogsback	WA	2
Little Hollywood Park	CA	1
Little Honker Bay	CA	2
Little Hoquiam	WA	0
Little Horse Mountain	CA	2
Little Horse Peak	CA	2
Little House Recreation Center	CA	1
Little Houston Lake	OR	2
Little Huckleberry Mountain	CA	2
Little Huckleberry Mountain	WA	2
Little Huckleberry Trail	WA	1
Little Hump	WA	2
Little Humpy Peak	OR	2
Little Iman Lake	WA	2
Little Inskip Hill	CA	2
Little Island	CA	2
Little Island	WA	2
Little Island Lake	WA	2
Little Jackass Campground	CA	1
Little Jackass Creek Camp	CA	1
Little Jackass Mountain	WA	2
Little Jacks Lake	CA	2
Little Jackson Lake	CA	2
Little James Island	WA	2
Little Jerusalem Island	WA	2
Little Jimmy Campground	CA	1
Little Jo Lake	CA	2
Little Joe Lake	WA	2
Little John Cove	CA	2
Little Juniper Mountain	OR	2
Little Kachess Lake	WA	2
Little Kern Lake	CA	2
Little Kulla Lake	WA	2
Little Lagoon	CA	2
Little Laguna Lake	CA	2
Little Lake	CA	0
Little Lake	OR	2
Little Lake	WA	2
Little Lake (historical)	CA	2
Little Lake Campground	CA	1
Little Lake Park	CA	1
Little Lake Trail	OR	1
Little Lakes	CA	2
Little Lakes	OR	2
Little Landers Park	CA	1
Little Larch Mountain	WA	2
Little Last Chance Canyon Scenic Area	CA	1
Little Last Chance Lake	CA	2
Little Lava Lake	OR	2
Little League Park	CA	1
Little League Park	OR	1
Little League Western Regional	CA	1
Little Libby Lake	CA	2
Little Logan Butte	CA	2
Little Lookout Mountain	OR	2
Little Lookout Mountain	WA	2
Little Mandeville Island	CA	2
Little Marble Cone	CA	2
Little Marble Mountain	WA	2
Little Marshy Lake	CA	2
Little Mason Lake	WA	2
Little McGee Lake	CA	2
Little Meadows Campground	CA	1
Little Medicine Lake	CA	2
Little Medicine Mountain	CA	2
Little Medora Lake (historical)	CA	2
Little Menzel Lake	WA	2
Little Meysan Lake	CA	2
Little Mile Rock	CA	2
Little Miller Lake	OR	2
Little Mix-up Lake	OR	2
Little Moccasin Lake	CA	2
Little Morongo Heights	CA	0
Little Moses Mountain	WA	2
Little Mosquito Lake	WA	2
Little Mount Adams	WA	2
Little Mount Hoffman	CA	2
Little Mountain	CA	2
Little Mountain	WA	2
Little Mountain Estates Mobile Home Park	WA	0
Little Mowich Mountain	OR	2
Little Mud Lake	CA	2
Little Mud Lake	OR	2
Little Mud Lake	WA	2
Little Mutau Campground	CA	1
Little Myrtle Lake	WA	2
Little Mystery	WA	2
Little Naches Campground	WA	1
Little Needle Lake	CA	2
Little Nestucca County Park	OR	1
Little North Fork Campground	CA	1
Little North Woahink Lake	OR	2
Little Norway	CA	0
Little Oat Mountain	CA	2
Little Odell Butte	OR	2
Little Oklahoma	WA	0
Little Onion	WA	2
Little Oso Flaco Lake	CA	2
Little Otter Lake	CA	2
Little Owhi Lake	WA	2
Little Owyhee Butte	OR	2
Little Palmer Lake	WA	2
Little Patos Island	WA	2
Little Peacock Mountain	WA	2
Little Peak	CA	2
Little Pend Oreille Lakes	WA	2
Little Pend Oreille National Wildlife Refuge	WA	1
Little Pend Oreille River Natural Area Preserve	WA	1
Little Pend Orielle State Wildlife Area	WA	1
Little Penny	CA	0
Little People Park	OR	1
Little Peoples Park	CA	1
Little Pete Lake	WA	2
Little Petes Camp Lake	WA	2
Little Phoenix Park	CA	1
Little Picacho Peak	CA	2
Little Picacho Wilderness	CA	1
Little Pierre Lake	WA	2
Little Pigeon Prairie	OR	2
Little Pilot	CA	2
Little Pilot Peak	OR	2
Little Pilot Rock	OR	2
Little Pine Mountain	CA	2
Little Pine Spring RUstic Campsite	CA	1
Little Pines	CA	2
Little Pines Camp	CA	1
Little Pinnacle	CA	2
Little Plug Lake	WA	2
Little Poison Butte	OR	2
Little Pop Lake	OR	2
Little Potato Butte	CA	2
Little Pothole Lake	CA	2
Little Pratt Lake	WA	2
Little Preston	CA	2
Little Quilcene Trail (historical)	WA	1
Little Ranger Peak	WA	2
Little Rattlesnake Mountain	CA	2
Little Red Mountain	CA	2
Little Red Mountain	OR	2
Little Red Rock Mountain	CA	2
Little Retreat Lake	WA	2
Little River	CA	0
Little River Christian Camp	OR	1
Little River Hill	CA	2
Little River Rock	CA	2
Little River State Beach	CA	1
Little River Summit	WA	2
Little River Trail	WA	1
Little Rock Lake	WA	2
Little Round Butte	OR	2
Little Round Meadow	OR	2
Little Round Mountain	CA	2
Little Round Top	CA	2
Little Round Valley Campground	CA	1
Little Roundtop	WA	2
Little Roundtop Mountain	OR	2
Little Sage Hill	CA	2
Little San Gorgonio Peak	CA	2
Little Sand Butte	CA	2
Little Sand Truck Trail	CA	1
Little Sandy Campground	CA	1
Little Sandy Trail	OR	1
Little Sanger Peak	CA	2
Little Shasta	CA	0
Little Shay Mountain	CA	2
Little Shoeinhorse Mountain	CA	2
Little Shot Lake	CA	2
Little Shuteye Peak	CA	2
Little Si	WA	2
Little Signal	CA	2
Little Signal Peak	CA	2
Little Silver Creek Lake	OR	2
Little Sister	WA	2
Little Skidder Hill	WA	2
Little Skookum Inlet	WA	2
Little Skookum Lake	OR	2
Little Slate Lake	WA	2
Little Slide Lake	OR	2
Little Smokey	OR	2
Little Snow Lake	WA	2
Little Soap Lake	WA	2
Little Soda Creek Trail	CA	1
Little Soda Springs Campground	WA	1
Little South Fork Lake	CA	2
Little Spanish Lake	CA	2
Little Spearfish Lake	WA	2
Little Spokane River Park	WA	1
Little Spur Truck Trail	WA	1
Little Steamboat Mountain	CA	2
Little Steamboat Point	OR	2
Little Stonewall Peak	CA	2
Little Storm Lake	OR	2
Little Strawberry Lake	OR	2
Little Sucia Island	WA	2
Little Sugar Pine Mountain	CA	2
Little Sugarloaf Peak	CA	2
Little Sugarloaf Peak	OR	2
Little Sullivan Lake	WA	2
Little Summit	WA	2
Little Summit Campground	OR	1
Little Summit Lake	CA	2
Little Summit Lake	OR	2
Little Sur Campground	CA	1
Little Switzerland	OR	0
Little Sycamore Campground	CA	1
Little Table Mountain	CA	2
Little Table Mountain	OR	2
Little Table Rock	CA	2
Little Tahoma Peak	WA	2
Little Tamarack Mountain	OR	2
Little Tecate Peak	CA	2
Little Thomas Mountain	CA	2
Little Thorne Mountains	CA	2
Little Three Creek Lake	OR	2
Little Tiffany Lake	WA	2
Little Tokyo Historic District	CA	1
Little Trout Lake	WA	2
Little Troxel Point	CA	2
Little Tule Lake	CA	2
Little Tule Lake	WA	2
Little Twin Lake	WA	2
Little Twin Lakes	WA	2
Little Tykel Cove	WA	2
Little Valley	CA	0
Little Venice Island	CA	2
Little Volcano	CA	2
Little Vulcan Lake	OR	2
Little Vulcan Mountain	WA	2
Little Walker Mountain	OR	2
Little Walls Lake	OR	2
Little Wapato Lake	WA	2
Little Wenatchee Ford Campground	WA	1
Little Whisky Mountain	WA	2
Little White Mountain	WA	2
Little White Salmon National Fish Hatchery	WA	1
Little White Salmon Trail	WA	1
Little Whitney Cow Camp	CA	1
Little Wildcat Trail	WA	1
Little Wildhorse Lake	OR	2
Little Willow Lake	CA	2
Little Wind River Camp	WA	1
Little Windy Creek Campground	OR	1
Little Wocus Bay	OR	2
Little Wocus Butte	OR	2
Little Woodrose Natural Area	OR	1
Little Yamsay Mountain	OR	2
Littlerock	CA	0
Littlerock	WA	0
Live Oak	CA	0
Live Oak Acres	CA	0
Live Oak Camp	CA	1
Live Oak Campground	CA	1
Live Oak Manor Park	CA	1
Live Oak Memorial Park	CA	1
Live Oak Memorial Pool	CA	1
Live Oak Mountain	OR	2
Live Oak Park	CA	1
Live Oak Picnic Area	CA	1
Live Oak Springs	CA	0
Live Oak Trail	CA	1
Livermore	CA	0
Livermore Downs Park	CA	1
Livermore Marsh	CA	2
Livermore-Pleasanton	CA	0
Living Desert Reserve	CA	1
Livingston	CA	0
Livingston	WA	0
Livingston Bay	WA	2
Livingston City Park	OR	1
Livingston Memorial Park	CA	1
Livingston Mountain	WA	2
Livingston Stone National Fish Hatchery	CA	1
Livingston-Delhi	CA	0
Lizard Head	CA	2
Lizard Head Peak	WA	2
Lizard Lake	OR	2
Lizard Lake	WA	2
Lizard Mountain	WA	2
Lizard Point	OR	2
Llagas-Uvas	CA	0
Llanada	CA	0
Llano	CA	0
Llao Bay	OR	2
Lllahee Camp	WA	1
Lloyd Lake	CA	2
Lloyd Park	CA	1
Lloyden Park	CA	0
Loafer Creek Campground	CA	1
Loafer Creek Recreation Area	CA	1
Lobe Lakes	CA	2
Lobitos	CA	0
Lobos Rock	CA	2
Lobster Bay	CA	2
Lobster Hill	OR	2
Lobster Point	CA	2
Locans	CA	0
Location Butte	OR	2
Loch Eileen	WA	2
Loch Katrine	WA	2
Loch Lane	CA	2
Loch Leven	CA	2
Loch Leven Lakes	CA	2
Loch Leven Trail	CA	1
Loch Lomond	CA	0
Loch Lomond Park	CA	1
Lochsloy	WA	0
Locke	CA	0
Locke	WA	0
Locke Historic District	CA	1
Locke Island	WA	2
Locke-Paddom Wetlands Park	CA	1
Lockeford	CA	0
Locket Lake	WA	2
Lockey Flat	OR	2
Lockhart	CA	0
Lockhart Hill	WA	2
Lockit Butte	OR	2
Lockwood	CA	0
Lockwood	WA	0
Lockwood Campground	CA	1
Lockwood Creek Campsite	CA	1
Lockwood Creek Rustic Campsite	CA	1
Lockwood Peak	CA	2
Lockwood Village Mobile Home Park	WA	0
Loco Lake	OR	2
Locomotive Park	OR	1
Locomotive Point	CA	2
Locust City Park	OR	1
Locust Grove	OR	0
Locust Grove Campground	CA	1
Lodato Park	CA	1
Lodge Hill	CA	0
Lodge Lake	WA	2
Lodgepole Campground	CA	1
Lodgepole Campground	WA	1
Lodgepole Campsite	CA	1
Lodgepole Lake	OR	2
Lodgepole Trail	OR	1
Lodi	CA	0
Lodi Lake Park	CA	1
Lodi Lake Wilderness Area	CA	1
Lodi Municipal Lake Park	CA	1
Lodoga	CA	0
Lodoga Peak	CA	2
Lofall	WA	0
Lofgren Mountain	WA	2
Lofton Campground Boat Ramp	OR	1
Lofton Lake	OR	2
Log Bridge Campground	CA	1
Log Cabin Campsite	CA	1
Log Cabin Island	WA	2
Log Cabin Mobile Home Park	WA	0
Log Cabin Resort Mobile Home Park	WA	0
Log Cabin Wilderness Boy Scout Camp	CA	1
Log Camp	OR	1
Log Creek Trail	WA	1
Log Lake	CA	2
Log Lake	OR	2
Log Pile Trail	OR	1
Log Pond	WA	2
Log Pond Lake	OR	2
Log Table Camp	OR	1
Logan	CA	0
Logan	OR	0
Logan Butte	OR	2
Logan Hill	WA	2
Logan Lake	CA	2
Logan Meadow Campground	CA	1
Logan Mountain	CA	2
Logan Park	CA	1
Logan Reservoir	OR	2
Logan Road County Wayside	OR	1
Loganberry Mobile Home Park	WA	0
Logandale	CA	0
Loganville	CA	0
Loganville Campground	CA	1
Logger Butte	OR	2
Logger Campground	CA	1
Logger Flat Campground	CA	1
Logger Point	CA	2
Loggers Field	WA	1
Logsden	OR	0
Logwood Campground	CA	1
Logy Creek Cow Camp	WA	1
Lois	CA	0
Lois Curtin Park	CA	1
Lois Island	OR	2
Lois Lake	CA	2
Lois Lake	OR	2
Lokern	CA	0
Lokoya	CA	0
Lola Montez Trail	CA	1
Lolah Butte	OR	2
Loleta	CA	0
Loletta Lakes	OR	2
Lolo Butte	OR	2
Loma	CA	0
Loma Alta	CA	2
Loma Alta Marsh	CA	2
Loma Alta Mountain	CA	2
Loma Alta Park	CA	1
Loma Alta Preserve	CA	1
Loma Chiquita	CA	2
Loma Linda	CA	0
Loma Linda Community Park	CA	1
Loma Linda Park	CA	1
Loma Mar	CA	0
Loma Norte Park	CA	1
Loma Park	CA	1
Loma Pelona	CA	2
Loma Prieta	CA	2
Loma Rica	CA	0
Loma Verde	CA	2
Loma Verde Park	CA	1
Loma Verde Preserve	CA	1
Loma Vista Park	CA	1
Lombardi	CA	0
Lombardi Point	CA	2
Lomerias Muertas	CA	2
Lomita	CA	0
Lomita Mall	CA	1
Lomita Park	CA	0
Lomita Recreation Center	CA	1
Lomo	CA	0
Lompico	CA	0
Lompoc	CA	0
Lona Beach	WA	0
London	CA	0
London	OR	0
London Peak	OR	2
London Springs	OR	0
Lone Buck Camp	WA	1
Lone Butte	CA	2
Lone Butte	OR	2
Lone Butte	WA	2
Lone Cedar Mobile Home Park	WA	0
Lone Doe Lake	CA	2
Lone Duck Pond	WA	2
Lone Elder	OR	0
Lone Fir Campground	WA	1
Lone Fir Point	CA	2
Lone Grave Butte	OR	2
Lone Hill	CA	2
Lone Hill Park	CA	1
Lone Juniper	OR	2
Lone Lake	CA	2
Lone Lake	WA	2
Lone Mountain	CA	2
Lone Mountain	OR	2
Lone Mountain	WA	2
Lone Oak Bay	CA	2
Lone Oak Mountain	CA	2
Lone Oak Park	CA	1
Lone Peak	WA	2
Lone Peak Campground	WA	1
Lone Pine	CA	0
Lone Pine	WA	0
Lone Pine Butte	CA	2
Lone Pine Butte	OR	2
Lone Pine Butte	WA	2
Lone Pine Camp	CA	1
Lone Pine Campground	CA	1
Lone Pine Group Campground	CA	1
Lone Pine Island	CA	2
Lone Pine Island	OR	2
Lone Pine Lake	CA	2
Lone Pine Lake	WA	2
Lone Pine Mountain	CA	2
Lone Pine Mountain	OR	2
Lone Pine Park	CA	1
Lone Pine Peak	CA	2
Lone Pine Reservation	CA	1
Lone Pine Trail	OR	1
Lone Pine Treaty Fishing Access Site	OR	1
Lone Pine Waterhole	OR	2
Lone Rabbit Water Hole	OR	2
Lone Ranch Beach	OR	1
Lone Rock	OR	2
Lone Rock Camp	OR	1
Lone Rock Campground	CA	1
Lone Rock Wayside County Park	OR	1
Lone Sequoia Campground	CA	1
Lone Spring Mountain	CA	2
Lone Spring Mountain	OR	2
Lone Star	CA	0
Lone Star Junction	CA	0
Lone Tree	CA	1
Lone Tree	WA	2
Lone Tree Creek Park	CA	1
Lone Tree Hill	CA	2
Lone Tree Hill	WA	2
Lone Tree Island	WA	2
Lone Tree Island (historical)	CA	2
Lone Tree Lake	WA	2
Lone Tree Mountain	WA	2
Lone Tree Point	CA	2
Lone Tree Point	OR	2
Lone Tree Point	WA	2
Lone Wolf	OR	2
Lone Wolf Camp	WA	1
Lonely Lake	CA	2
Lonelyville Lake	WA	2
Lonerock	OR	0
Lonesome Cove	WA	2
Lonesome Cove Campground	WA	1
Lonesome Lake	CA	2
Lonesome Lake	WA	2
Lonesome Pond	OR	2
Lonesome Pond	WA	2
Lonesome Spring Campground	OR	1
Lonetree Island (historical)	CA	2
Loney Lake	CA	2
Long	CA	1
Long	WA	0
Long Barn	CA	0
Long Bay	WA	2
Long Beach	CA	0
Long Beach	WA	0
Long Beach City Beach	CA	1
Long Beach Middle Harbor	CA	2
Long Bell State Game Refuge 1N	CA	1
Long Bow Group Camp	OR	1
Long Brown Rock	OR	2
Long Butte	OR	2
Long Butte	WA	2
Long Canyon Trail	CA	1
Long Creek	OR	0
Long Creek Mountain	OR	2
Long Draw Trail	WA	1
Long Fibre County Park	OR	1
Long Glade	CA	2
Long Gone Lake	WA	2
Long Gulch Lake	CA	2
Long High Lake	CA	2
Long Hill	CA	2
Long Hill	WA	2
Long Hollow Bay	WA	2
Long Hollow Trail	WA	1
Long Island	CA	2
Long Island	OR	2
Long Island	WA	2
Long Island Point	OR	2
Long John Lake	WA	2
Long John Mountain	WA	2
Long Lake	CA	2
Long Lake	OR	2
Long Lake	WA	0
Long Lake Camp	OR	1
Long Lake Campground	WA	1
Long Marsh	WA	2
Long Meadow Campground	CA	1
Long Mountain	CA	2
Long Mountain	OR	2
Long Mountain	WA	2
Long Point	CA	2
Long Point	WA	2
Long Point Campground	CA	1
Long Point Trail	CA	1
Long Pond	CA	2
Long Pond	OR	2
Long Prairie	OR	2
Long Prairie Forest Camp	OR	1
Long Ravine Campground	CA	1
Long Ridge Campground (historical)	OR	1
Long Ridge Trail	CA	1
Long Ridge Trail	WA	1
Long Rock	CA	2
Long Rock	OR	2
Long Swamp	WA	2
Long Swamp Campground	WA	1
Long Swamp Trail	WA	1
Long Top	CA	2
Long Tule Point	CA	2
Long Valley Mountain	CA	2
Long Valley Peak	CA	2
Long Valley Ponds	CA	2
Long Valley Trail	CA	1
Long Walk Island	OR	2
Long Water Holes	OR	2
Longbranch	WA	0
Longden Avenue Park	CA	1
Longfellow Hill	WA	2
Longfellow Mountain	WA	2
Longfellow Park	CA	1
Longmile Meadows Campground	WA	1
Longmire	WA	0
Longmire Campground	WA	1
Longs Pond	WA	2
Longvale	CA	0
Longview	CA	0
Longview	WA	0
Longview Heights	WA	0
Longview Junction	WA	0
Longview Park	CA	1
Longville	CA	0
Longwood Park	CA	1
Lonkey Hill	CA	2
Lonnie Davis Campground	CA	1
Lonoak	CA	0
Lonoke	CA	0
Lonsdale Station Park	CA	1
Lonsmith	CA	0
Look Lake	WA	2
Looking Glass Park (historical)	OR	1
Lookingglass	OR	0
Lookingglass Fish Hatchery	OR	1
Lookingglass Hill	OR	2
Lookingglass Lake	OR	2
Lookingglass Lake	WA	2
Lookout	CA	0
Lookout	WA	2
Lookout Butte	CA	2
Lookout Butte	OR	2
Lookout Campground Boat Ramp	OR	1
Lookout County Park	CA	1
Lookout Hill	CA	2
Lookout Hill	WA	2
Lookout Junction	CA	0
Lookout Lake	OR	2
Lookout Lake	WA	2
Lookout Mountain	CA	2
Lookout Mountain	OR	2
Lookout Mountain	WA	2
Lookout Mountain Forest Preserve	WA	1
Lookout Mountain Management Area	OR	1
Lookout Mountain Trail	OR	1
Lookout Peak	CA	2
Lookout Peak	WA	2
Lookout Point	CA	2
Lookout Point	OR	2
Lookout Point	WA	2
Lookout Point Park	CA	1
Lookout Point Trail	CA	1
Lookout Rock	CA	2
Lookout Rock	OR	2
Lookout Rock	WA	2
Lookout Springs Campground	OR	1
Lookout Trail	CA	1
Loomis	CA	0
Loomis	WA	0
Loomis Basin Regional Park	CA	1
Loomis Corners	CA	0
Loomis Lake	WA	2
Loomis Lake State Park	WA	1
Loomis Mountain	WA	2
Loomis Natural Resources Conservation Area	WA	1
Loomis Peak	CA	2
Loon Lake	OR	2
Loon Lake	WA	0
Loon Lake Acres Mobile Home Park	WA	0
Loon Lake Camp	CA	1
Loon Lake Campground	CA	1
Loon Lake Mountain	WA	2
Loon Lake Recreation Area	OR	1
Loon Lake Trail	CA	1
Loon Point	CA	2
Looney Butte	OR	2
Looney Spring Campground	OR	1
Loop Trail	CA	1
Loope	CA	0
Loper Peak	CA	2
Lopez Canyon Open Space	CA	1
Lopez Hill	WA	2
Lopez Island	WA	0
Lopez Island State Wildlife Area	WA	1
Lopez Lake	OR	2
Lopez Mountain	CA	2
Lopez Point	CA	2
Lopez Rock	CA	2
Lopez Sound	WA	2
Lora Lake	WA	2
Loraine	CA	0
Lorane	OR	0
Lorane Mountain	OR	2
Lord Hill	WA	2
Lord Hill Regional Park	WA	1
Lord Island	OR	2
Lorella	OR	0
Loren Miller Park	CA	1
Lorena Butte	WA	2
Lorenzo Beach	CA	1
Lorenzo Station	CA	0
Lorin Lake	OR	2
Loring Park	CA	1
Lorraine Lake	CA	2
Lort	CA	0
Los Alamitos	CA	0
Los Alamitos Junction	CA	0
Los Alamos	CA	0
Los Alamos Campground	CA	1
Los Alamos County Park	CA	1
Los Alamos Park	CA	1
Los Alamos Truck Trail	CA	1
Los Altos	CA	0
Los Altos Hills	CA	0
Los Amigos Park	CA	1
Los Angeles	CA	0
Los Angeles County Camp 10	CA	1
Los Angeles County Camp 7	CA	1
Los Angeles County and State Arboretum	CA	1
Los Angeles Equestrian Center	CA	1
Los Angeles High Memorial Park	CA	1
Los Angeles Plaza Historic District	CA	1
Los Angeles State Historic Park	CA	1
Los Angeles Y M C A Camp	CA	1
Los Angeles Zoo	CA	1
Los Arboles Park	CA	1
Los Banos	CA	0
Los Banos Del Mar	CA	1
Los Banos Fairgrounds Park	CA	1
Los Banos Regional Park	CA	1
Los Banos State Waterfowl Area	CA	1
Los Berros	CA	0
Los Caballos Campground	CA	1
Los Caballos Trail	CA	1
Los Cerritos Park	CA	1
Los Coches Mountain	CA	2
Los Coyotes Reservation Campground	CA	1
Los Encinos Park	CA	1
Los Encinos State Historic Park	CA	1
Los Frayles	WA	2
Los Frijoles Campground	CA	1
Los Gatos	CA	0
Los Gatos Creek County Park	CA	1
Los Gatos Creek Park	CA	1
Los Jilgueros Preserve	CA	1
Los Machos Hills	CA	2
Los Medanos	CA	0
Los Molinos	CA	0
Los Nietos	CA	0
Los Nietos Junction	CA	0
Los Nietos Park	CA	1
Los Ninos Park	CA	1
Los Olivos	CA	0
Los Osos	CA	0
Los Osos Oaks State Natural Reserve	CA	1
Los Padres	CA	0
Los Padres Open Space	CA	1
Los Padres Park	CA	1
Los Paseos Park	CA	1
Los Pelados	CA	2
Los Penasquitos Canyon Preserve	CA	1
Los Penasquitos Lagoon	CA	2
Los Penasquitos Marsh	CA	2
Los Penasquitos Marsh Natural Preserve	CA	1
Los Penasquitos Waterfowl Refuge	CA	1
Los Pinas Trail	CA	1
Los Pinos Mountain	CA	2
Los Pinos Peak	CA	2
Los Prados Park	CA	1
Los Prietos Boys Camp	CA	1
Los Prietos Campground	CA	1
Los Puertecitos Historical Marker	CA	1
Los Ranchitos	CA	0
Los Rio Street Historic District	CA	1
Los Robles County Park	CA	1
Los Robles Open Space	CA	1
Los Robles Park	CA	1
Los Serranos	CA	0
Los Terrenitos	CA	0
Los Trancas Open Space Preserve	CA	1
Los Trancos Woods	CA	0
Los Tules	CA	0
Los Vaqueros Group Camp	CA	1
Los Verdes Park	CA	1
Lost Boy Butte	OR	2
Lost Cabin Mountain	WA	2
Lost Camp	OR	1
Lost Camp Trail	OR	1
Lost Cannon Peak	CA	2
Lost Canyon Trail (historical)	CA	1
Lost City	CA	0
Lost Claim Camp Ground	CA	1
Lost Corner Mountain	CA	2
Lost Creek	WA	0
Lost Creek Camp	CA	1
Lost Creek Camp	OR	1
Lost Creek Organization Campground	CA	1
Lost Creek Ridge Trail (historical)	WA	1
Lost Creek State Recreation Site	OR	1
Lost Dog Lake	CA	2
Lost Hat Lake	WA	2
Lost Hill	CA	2
Lost Hills	CA	0
Lost Hills Park	CA	1
Lost Horse Mountain	CA	2
Lost Indian Trail	OR	1
Lost Keys Lakes	CA	2
Lost Lake	CA	2
Lost Lake	OR	2
Lost Lake	WA	2
Lost Lake Butte	OR	2
Lost Lake Butte Trail	OR	1
Lost Lake Campground	WA	1
Lost Lake Campground Unimproved Boat Launch	OR	1
Lost Lake Mobile Home Park	WA	0
Lost Lake Recreation Area	CA	1
Lost Lake Reservoir	OR	2
Lost Lake Resort	OR	0
Lost Lake Trail	OR	1
Lost Lake Trail	WA	1
Lost Lakes	CA	2
Lost Mountain	WA	2
Lost Palms Trail	CA	1
Lost Park	CA	1
Lost Park	OR	1
Lost Peak	CA	2
Lost Peak	OR	2
Lost Peak	WA	2
Lost Peak Trail	OR	1
Lost Point	CA	2
Lost Point	WA	2
Lost Prairie	OR	2
Lost Spoon Camp	WA	1
Lost Spoon Lake	CA	2
Lost Springs Campground	WA	1
Lost Tom Mountain	OR	2
Lost Trail	CA	1
Lost Valley Camp	CA	1
Lost Valley Campground	CA	1
Lost Valley Mountain	CA	2
Lost Valley Trail	CA	1
Lost Valley Wilderness Area	CA	1
Lostine	OR	0
Lottas Fountain	CA	1
Lottie Bay	WA	2
Lottie Potrero Campground	CA	1
Lotts Lake	CA	2
Lotus	CA	0
Lotus Isle City Park	OR	1
Lotus Lake	OR	2
Lou Beverly Lake	CA	2
Louden Lake	WA	2
Lough Lake	CA	2
Louie Francis Park	CA	1
Louis A Stelzer County Park	CA	1
Louis Guisto Baseball Field	CA	1
Louis Lake	WA	2
Louis Park	CA	1
Louis Rubidoux Nature Center	CA	1
Louis Sutter Playground	CA	1
Louis Trail	CA	1
Louise Creek Trail	OR	1
Louise Lake	WA	2
Louise Leydon Park	CA	1
Louise Lowry Davis Recreation Center	CA	1
Louise Park	CA	1
Louise Point	CA	2
Louisiana Butte	CA	2
Lounsbury Lake	WA	2
Loup Loup Campground	WA	1
Loup Loup Summit	WA	2
Louse Camp	CA	1
Louse Island	OR	2
Louse Lake	OR	2
Louse Rocks	WA	2
Loutsis Park	WA	1
Love Lake	OR	2
Lovejoy Buttes	CA	2
Lovejoy Camp	CA	1
Lovejoy Fountain	OR	1
Lovejoy Point	WA	2
Loveland	WA	0
Loveland Horse Camp	OR	1
Lovelock	CA	0
Lover Peak	OR	2
Lovers Bluff	WA	2
Lovers Camp	CA	1
Lovers Cove	CA	2
Lovers Cove	WA	2
Lovers Lane	WA	1
Lovers Leap	CA	2
Lovers Leap Campground	CA	1
Lovers Point	CA	2
Low Echo Camp	OR	1
Low Gap	WA	0
Low Gap Camp	CA	1
Low Gap Campsite	CA	1
Low Gap Regional Park	CA	1
Low Gap Trail	CA	1
Low Island	WA	2
Low Mountain	CA	2
Low Mountain	WA	2
Low Park	CA	1
Low Pass	OR	0
Low Point	WA	2
Low Rock	CA	2
Low Saddle Trail	WA	1
Lowami Hart Woods Park	OR	1
Lowden	WA	0
Lowden Park	CA	1
Lowder Baseball Field	CA	1
Lowder Mountain	OR	2
Lowe Creek Trail	OR	1
Lowell	OR	0
Lowell	WA	0
Lowell Brandt Park	CA	1
Lowell Mountain	OR	2
Lowell Park	CA	1
Lowell Park	WA	1
Lowell Point	WA	2
Lowell State Park	OR	1
Lower Alamar Campground	CA	1
Lower Arroyo Park	CA	1
Lower Bacon Camp	OR	1
Lower Bald Mountain Trail	CA	1
Lower Batch Lake	OR	2
Lower Bayview Campground	CA	1
Lower Bear Campground	CA	1
Lower Bear Lake	CA	2
Lower Bear River Campground	CA	1
Lower Bee Camp	CA	1
Lower Beebe Lake	CA	2
Lower Berley Lake	OR	2
Lower Betty Lake	OR	2
Lower Blayney Campground	CA	1
Lower Blue Lake	CA	2
Lower Blue Lake Campground	CA	1
Lower Boulder Lake	CA	2
Lower Bowman Campsite	WA	1
Lower Boy Scout Lake	CA	2
Lower Buckhorn Campground	CA	1
Lower Bucks Lake	CA	2
Lower Butte	WA	2
Lower Camp Creek Recreation Site	OR	1
Lower Campground	CA	1
Lower Camuesa Campground	CA	1
Lower Caribou Lake	CA	2
Lower Carton Campground	CA	1
Lower Cathedral Lake	WA	2
Lower Cedar Lake	WA	2
Lower Chewaucan Marsh	OR	2
Lower Chiquito Campground	CA	1
Lower Cliff Lake	CA	2
Lower Coon Mountain	CA	2
Lower Cottonwood Creek Wildlife Area	CA	1
Lower Cougar Camp	OR	1
Lower Cruickshank Campground	CA	1
Lower Crystal Lake	WA	2
Lower Davis Flat	OR	2
Lower Deadman Campground	CA	1
Lower Desolation Lake	CA	2
Lower Devils Peak	CA	2
Lower Dinkey Creek Campground	CA	1
Lower Doane Trail	CA	1
Lower Dry Lake	CA	2
Lower Eagle Point Campground	CA	1
Lower Echo Lake	CA	2
Lower Eddeeleo Lake	OR	2
Lower Elwha	WA	0
Lower Enchantment Lakes	WA	2
Lower Erma Bell Lake	OR	2
Lower Falls Campground	WA	1
Lower Fisher Lake	WA	2
Lower Fishermans Trail	CA	1
Lower Fishhole	OR	2
Lower Florence Lake	WA	2
Lower Foster Island	CA	2
Lower Fox Lake	WA	2
Lower Garfield Mountain Lake	WA	2
Lower Glade Camp	CA	1
Lower Golden Trout Lake	CA	2
Lower Granite Lake	WA	2
Lower Grapevine Campground	CA	1
Lower Hoh Fire Camp	WA	1
Lower Honeymoon Lake	CA	2
Lower Hopkins Lake	CA	2
Lower Horse Lake	OR	2
Lower Horsethief Lake	CA	2
Lower Howard Camp	OR	1
Lower Indian Lake	CA	2
Lower Island Lake	OR	2
Lower Jordan Lake	WA	2
Lower Jug Lake	WA	2
Lower Kiger Island	OR	2
Lower Kinney Lake	CA	2
Lower Klamath Lake	CA	2
Lower Klamath Lake Sump	CA	2
Lower Klamath National Wildlife Refuge	CA	1
Lower Lake	CA	0
Lower Lake Schoolhouse Historic Site	CA	1
Lower Lakes Trail	WA	1
Lower Lamarck Lake	CA	2
Lower Lead King Lake	WA	2
Lower Little Truckee Campground	CA	1
Lower Lola Montez Lake	CA	2
Lower Long Lake	CA	2
Lower Lynch Cove	WA	2
Lower Marilyn Lake	OR	2
Lower Meadow Trail	CA	1
Lower Merced Pass Lake	CA	2
Lower Mill Lake	CA	2
Lower Mills Creek Lake	CA	2
Lower Morgan Lake	CA	2
Lower Naches Community Park	WA	1
Lower Newport Bay	CA	2
Lower Noble Trailhead	CA	1
Lower Noonday Camp	CA	1
Lower Nye Campground	CA	1
Lower Oso Campground	CA	1
Lower Otay Camping Area	CA	1
Lower Ottoway Lake	CA	2
Lower Pacifico Campground	CA	1
Lower Palisades Lake	WA	2
Lower Pawn Lake	WA	2
Lower Peppermint Campground	CA	1
Lower Petite Lake	CA	2
Lower Phoebe Lake	WA	2
Lower Pine Creek Rustic Campsite	CA	1
Lower Pines Campground	CA	1
Lower Piney Creek Campground	CA	1
Lower Pitt Lake	OR	2
Lower Point	OR	2
Lower Powell Butte Floodplain	OR	1
Lower Presidio Historic Park	CA	1
Lower Pylos Camp	CA	1
Lower Quinn Lake	OR	2
Lower Richbar Campground	CA	1
Lower Rigdon Lake	OR	2
Lower River Campground	CA	1
Lower River Trail	OR	1
Lower Rock Creek Campground	CA	1
Lower Rock Lake	OR	2
Lower Rosary Lake	OR	2
Lower Rose Lake	CA	2
Lower Rush Creek Campground	CA	1
Lower Russian Lake	CA	2
Lower Ruth Lake	CA	2
Lower Saddle Lake	CA	2
Lower Salmon Lake	OR	2
Lower Salt Creek Campground	CA	1
Lower San Juan Campground	CA	1
Lower Sardine Lake	CA	2
Lower Scrub Oak Campground	CA	1
Lower Seven Lake	CA	2
Lower Shake Campground	CA	1
Lower Signal Butte	CA	2
Lower Sky High Lake	CA	2
Lower Snowy Lake	WA	2
Lower Springhill Campground	CA	1
Lower Steves Trail	CA	1
Lower Stony Creek Recreation Area	CA	1
Lower Sunrise Recreational Area	CA	1
Lower Sunset Lake	CA	2
Lower Switzer Campground	CA	1
Lower Table Rock	OR	2
Lower Taylor	CA	2
Lower Town	CA	0
Lower Trail	CA	1
Lower Turret Lake	CA	2
Lower Tuscohatchie Lake	WA	2
Lower Twin Campground	OR	1
Lower Twin Lake	CA	2
Lower Velma Lake	CA	2
Lower Venus Lake	WA	2
Lower White Lake (historical)	CA	2
Lower White River Wilderness	OR	1
Lower Wildcat Lake	WA	2
Lower Wright Lake	CA	2
Lowes Corner	CA	0
Lowman Beach Park	WA	0
Lownsdale Square	OR	1
Lowrey	CA	0
Lowrey Lake	CA	2
Lowry Park	CA	1
Lowullo Butte	OR	2
Loyal Heights Playground	WA	1
Loyalton	CA	0
Loyalton Park	CA	1
Loyalty Park	WA	1
Loyola	CA	0
Loyola Corners	CA	0
Luana Beach	WA	0
Lubin School Park	CA	1
Lucas Hill	CA	2
Lucas Lake	OR	2
Lucas Park	CA	1
Lucas Point	CA	2
Lucas Valley	CA	0
Lucas Valley Preserve	CA	1
Lucas Valley-Marinwood	CA	0
Lucca	CA	0
Lucchesi Park	CA	1
Lucerne	CA	0
Lucerne	WA	0
Lucerne Campground	WA	1
Lucerne Mountain	WA	2
Lucerne Valley	CA	0
Lucerne Valley Park	CA	1
Lucerne-Clearlake Oaks	CA	0
Lucia	CA	0
Lucia	WA	0
Lucifer	OR	2
Luck Point	CA	2
Luckett Mountain	CA	2
Lucki Park	CA	1
Luckie Park	CA	1
Luckie Place	CA	0
Luckie Trail	CA	1
Lucky Butte	OR	2
Lucky Camp	OR	1
Lucky Camp Trail	OR	1
Lucky Jim Bluff	WA	2
Lucky Lake	CA	2
Lucky Lake	OR	2
Lucky Lake Trail	OR	1
Lucky Point	CA	2
Lucky Seven Cow Camp	OR	1
Luco Hill	CA	2
Ludden Peak	WA	2
Ludlow	CA	0
Ludlow Lake	WA	2
Ludtke Lake	WA	2
Ludvick Lake	WA	2
Luebow Point	CA	2
Luella Lake	CA	2
Luffenholtz Beach County Park	CA	1
Lugo	CA	0
Lugo Park	CA	1
Lugonia Park	CA	1
Lukarilla	OR	0
Lukens Lake	CA	2
Lula Lake	OR	2
Lumberyard Campground	CA	1
Lumer	CA	0
Lummi	WA	0
Lummi Bay	WA	2
Lummi Island	WA	0
Lummi Island Natural Resources Conservation Area	WA	1
Lummi Island State Wildlife Area	WA	1
Lummi Marine Park	WA	1
Lummi Peak	WA	2
Lummi Point	WA	2
Lummi Rocks	WA	2
Lummis Park	CA	1
Lumpkin	CA	0
Lumreau Mountain	CA	2
Lumrum Butte	OR	2
Lumsden Bridge Campground	CA	1
Lumsden Campground	CA	1
Lumsden Park	CA	1
Luna Butte	OR	2
Luna Butte	WA	2
Luna Lake	WA	2
Luna Mountain	CA	2
Luna Peak	WA	2
Lunada Bay	CA	2
Lunch Lake	OR	2
Lunch Lake	WA	2
Lund	CA	0
Lundberg Mountain	WA	2
Lundin Peak	WA	2
Lundstrom Bay	WA	2
Lundy	CA	0
Lunker Lake	WA	2
Lunker Point	CA	2
Lunnville	OR	0
Lupine Point	CA	2
Lupine-Cedar Bluffs Campground	CA	1
Lusardi Truck Trail	CA	1
Luscher Farm City Park	OR	1
Lusk Creek Trail	WA	1
Lutes Mountain	WA	2
Luther Burbank Gardens	CA	1
Luther Burbank Park	WA	1
Luther Butte	OR	2
Luther Lake	CA	2
Luther Mountain	OR	2
Lutton Pond	OR	2
Lutz Lake	WA	2
Luzon	CA	0
Lyall Mount	WA	2
Lyda Camp OHV Staging Area	OR	1
Lye Lake	WA	2
Lyford Cove	CA	2
Lyle	WA	0
Lyle Lake	WA	2
Lyle Point	WA	2
Lyle Sports Complex	OR	1
Lyle Treaty Fishing Access Site	WA	1
Lyman	WA	0
Lyman Hill	WA	2
Lyman Lake	WA	2
Lyman Mountain	OR	2
Lyman Springs	CA	0
Lynch Cove	WA	2
Lynch Creek Forest Camp	OR	1
Lynch Hill	WA	2
Lynch Lake	WA	2
Lynchburg Hill	CA	2
Lynchview City Park	OR	1
Lynchwood City Park	OR	1
Lynden	WA	0
Lynn Lake	WA	2
Lynn Park Acres	CA	0
Lynn Point	WA	2
Lynne Lake	WA	2
Lynnoaks Park	CA	1
Lynnwood	WA	0
Lynnwood Heights Mobile Home Park	WA	0
Lynwood	CA	0
Lynwood Center	WA	0
Lynwood Gardens	CA	0
Lynwood Hill Park	CA	1
Lynwood Hills	CA	0
Lynwood Park	CA	1
Lynx Cat Mountain	CA	2
Lynx Mountain	WA	2
Lynx Point	CA	2
Lyon Peak	CA	2
Lyons	OR	0
Lyons	WA	0
Lyons Beach	OR	1
Lyons City Park	WA	1
Lyons Ferry Fish Hatchery	WA	1
Lyons Ferry State Park	WA	1
Lyons Field	CA	1
Lyons Hill	WA	2
Lyons Lake	CA	2
Lyons Mehama County Park	OR	1
Lyons Peak	CA	2
Lyons Trail	CA	1
Lyons View Park	OR	1
Lyonsville	CA	0
Lyoth	CA	0
Lyre Conservation Area	WA	1
Lyre River Campground	WA	1
Lysett Tot Lot	CA	1
Lystair Lake	WA	2
Lytle Creek	CA	0
Lytle Creek Park	CA	1
Lytle Mountain	CA	2
Lytton	CA	0
Lytton Lake	CA	2
Lytton Plaza	CA	1
M Bar J Ranch Mobile Home Park	WA	0
M James Gleason Ramp	OR	1
M Justin Herman Plaza	CA	1
M L King Memorial Park	CA	1
M M Lake	WA	2
Ma and Pas Mobile Home Park	WA	0
Mabana	WA	0
Mabe Hill	OR	2
Mabel	OR	0
Mabel Park	OR	1
Mabie	CA	0
Mabton	WA	0
Mabury Park	CA	1
Mac Lake	OR	2
Mac Peak	WA	2
MacArthur Park	CA	1
MacArthur Park Lake	CA	2
MacArthur Park Recreation Center	CA	1
MacDonald Memorial Park	WA	1
MacDonald Park	CA	1
MacDorsa Park	CA	1
MacKay Marsh	WA	2
MacKenzie Island	CA	2
MacKerricher State Park	CA	1
MacLaren Forestry Camp	OR	1
MacLeay Park Lower	OR	1
Macabee Beach	CA	1
Macafee Hill	WA	2
Macdoel	CA	0
Macduff Mountain	OR	2
Mace Lake	CA	2
Mace Lake	WA	2
Mace Mountain	OR	2
Macey Cove	OR	2
Machado Park	CA	1
Machado Postpiles	CA	2
Machesna Mountain	CA	2
Machesna Mountain Wilderness	CA	1
Machesna Trail	CA	1
Machias	WA	0
Machias Mobile Manor	WA	0
Machris Park	CA	1
Macias Park	CA	1
Mack	WA	0
Mack Arch	OR	2
Mack Arch Cove	OR	2
Mack Brown Park	OR	1
Mack Lake	CA	2
Mack Mountain	WA	2
Mack Park	CA	1
Mack Point	OR	2
Mack School Park	CA	1
Mackaye Harbor	WA	2
Mackenson	CA	0
Mackenzie Park	CA	1
Mackey Butte	OR	2
Macklyn Cove	OR	2
Macks Peak	CA	2
Macksburg	OR	0
Macleay	OR	0
Macleay City Park	OR	1
Maclure Lake	CA	2
Macomber Palms	CA	0
Macready Park	CA	1
Macs Cove	WA	2
Mad Lake	WA	2
Mad Mule Mountain	CA	2
Mad River	CA	0
Mad River Beach County Park	CA	1
Mad River Buttes	CA	2
Mad River Campground	CA	1
Mad River Trail	CA	1
Madame Dorion Memorial Park	WA	1
Maddax Woods	OR	1
Madden Butte	OR	2
Maddox Lake	CA	2
Maddox Park	CA	1
Maddsens Knob	OR	2
Maddux Park	CA	1
Maddys Pond	OR	2
Madeira Park	CA	1
Madeiros Parkway	CA	1
Madeline	CA	0
Madeline Plains	CA	0
Madeline Plains Waterfowl Management Area	CA	1
Madera	CA	0
Madera Acres	CA	0
Madera Country Club Estates	CA	0
Madera County Fairgrounds	CA	1
Madera Highlands	CA	0
Madera Lake Park and Recreational Area	CA	1
Madera Lakes	CA	2
Madera Park	CA	1
Madera Peak	CA	2
Madera Ranchos	CA	0
Madera Southeast	CA	0
Madera West	CA	0
Madera-Lions Town and Country Regional Park	CA	1
Maderia Hill	CA	2
Madison	CA	0
Madison Butte	OR	2
Madison Butte Trail	OR	1
Madison County Wayside	OR	1
Madison Park	CA	1
Madison Playground	CA	1
Madison West Park	CA	1
Madora Lake	CA	2
Madora Lake Loop Trail	CA	1
Madras	OR	0
Madrid Fore Park	CA	1
Madrona Beach	WA	0
Madrona City Park	OR	1
Madrona Heights	WA	0
Madrona Heights Park	OR	1
Madrona Marsh Nature Preserve	CA	1
Madrona Mobile Home Park	WA	0
Madrona Open Space	OR	1
Madrona Park	OR	1
Madrona Park	WA	1
Madrona Point	WA	2
Madrona Ridge Mobile Home Park	WA	0
Madrone	CA	0
Madrone Campground	CA	1
Madrone Cove Campground	CA	1
Madrone Group Area Campground	CA	1
Madrone Rustic Campsite	CA	1
Madson	WA	0
Madulce Peak	CA	2
Madulce Rustic Campsite	CA	1
Madulce Trail	CA	1
Mae	WA	0
Mae Boyar Park	CA	1
Mae Boyar Recreation Center	CA	1
Magalia	CA	0
Magalia Camp	CA	1
Magallon	WA	0
Magee Hill	WA	2
Magee Lake	CA	2
Magee Park	CA	1
Magee Peak	CA	2
Magee Trail	CA	1
Maggie Creek Trail	WA	1
Maggie Lake	WA	2
Maggie Lakes	CA	2
Maggie Mountain	CA	2
Maggies Peaks	CA	2
Magic Mountain	CA	2
Magic Mountain	WA	2
Magic Mountain Wilderness	CA	1
Magnesia Canyon Ecological Reserve	CA	1
Magnet Creek Trail	WA	1
Magnison Butte	WA	2
Magnolia	CA	0
Magnolia Beach	WA	0
Magnolia Bluff	WA	0
Magnolia Heights	WA	0
Magnolia Park	CA	1
Magnolia Park	OR	1
Magnolia Park	WA	1
Magnolia Playground	WA	1
Magnuson Park	WA	1
Magone Lake	OR	2
Magonigal Camp	CA	1
Magoon Hill	CA	2
Magpie Butte	OR	2
Magpie Peak	OR	2
Magpie Table	OR	2
Magra	CA	0
Maguire Peaks	CA	2
Magunden	CA	0
Mahan Lake	CA	2
Mahan Peak	CA	2
Mahan Plaque	CA	1
Mahler Park	WA	1
Mahnckes Point	WA	2
Mahnke Peak	CA	2
Mahogany Butte	OR	2
Mahogany Cow Camp	OR	1
Mahogany Lake	CA	2
Mahogany Mountain	CA	2
Mahogany Mountain	OR	2
Mahogany Peak	CA	2
Mahogany Point	CA	2
Mahogany Rim	OR	2
Mahon Hill	WA	2
Maiden Lake	OR	2
Maiden Lake	WA	2
Maiden Peak	OR	2
Maiden Peak	WA	2
Maiden Peak Trail	OR	1
Maidu Lake	OR	2
Maidu Lake Way	OR	1
Maidu Park	CA	1
Mail Bay	WA	2
Mail Trail	CA	1
Mail Trail Pond	CA	2
Mailbox Peak	WA	2
Mailliard Camp	CA	1
Mailliard Redwoods State Natural Reserve	CA	1
Main Avenue Park	CA	1
Main Beach	CA	1
Main Beach Park	CA	1
Main City Park	OR	1
Main Creek Trail	OR	1
Main Dam Campground	CA	1
Main Divide Truck Trail	CA	1
Main Eagle Bridge Campground	OR	1
Main Intramural Field	CA	1
Main Island	CA	2
Main Street City Park	OR	1
Main Street Green	CA	1
Main Street Historic Commercial District	CA	1
Main Street Park	CA	1
Main Street Park	OR	1
Main Top	CA	2
Maine Prairie	CA	0
Maintop Bay	CA	2
Maintop Island	CA	2
Majestic Mobile Manor	WA	0
Majestic Mountain	WA	2
Major Butte	OR	2
Majors	CA	0
Makah Bay	WA	2
Makah National Fish Hatchery	WA	1
Makah Peaks	WA	2
Maklaks Crater	OR	2
Maklaks Mountain	OR	2
Mal Lake	WA	2
Malachite Peak	WA	2
Malaga	CA	0
Malaga	WA	0
Malaga Recreation Park	CA	1
Malakoff Diggins State Historic Park	CA	1
Malakoff Diggins-North Bloomfield Historic District	CA	1
Malapai Hill	CA	2
Malarky Lake	OR	2
Malby Crossing	CA	0
Malcolm Mountain	WA	2
Malden	WA	0
Maldonado Park	CA	1
Males Station Campground	CA	1
Maletti Hill	WA	2
Malheur Butte	OR	2
Malheur Lake	OR	2
Malheur National Wildlife Refuge	OR	1
Malheur Slough	OR	2
Malibu	CA	0
Malibu Beach	CA	1
Malibu Bluffs	CA	2
Malibu Bluffs Park	CA	1
Malibu Bowl	CA	0
Malibu Creek State Park	CA	1
Malibu Equestrian Park	CA	1
Malibu Hills	CA	0
Malibu Junction	CA	0
Malibu Lagoon	CA	2
Malibu Lagoon State Beach	CA	1
Malibu Point	CA	2
Malibu Springs Trail	CA	1
Malibu Vista	CA	0
Malin	OR	0
Mallard Arm	OR	2
Mallard Island	CA	2
Mallard Lagoon	CA	2
Mallard Lake	CA	2
Mallard Lake	WA	2
Mallard Marsh	WA	2
Mallory Meadows Park	OR	1
Malloy Park	CA	1
Malo	WA	0
Malo Lake	WA	2
Malone	OR	0
Malone	WA	0
Malone Peak	OR	2
Malone-Porter	WA	0
Maloney Field	CA	1
Maloney Lakes	WA	2
Maloney Mountain	WA	2
Malott	WA	0
Malpais Mesa	CA	2
Malpais Mesa Wilderness	CA	1
Maltby	CA	0
Maltby	WA	0
Maltby Lake	CA	2
Maltha	CA	0
Malva Real Anchorage	CA	2
Mameluke Hill	CA	2
Mammoth	CA	0
Mammoth Butte	CA	2
Mammoth Creek Park	CA	1
Mammoth Knolls	CA	2
Mammoth Lake	CA	2
Mammoth Lakes	CA	0
Mammoth Mountain	CA	2
Mammoth Peak	CA	2
Mammoth Rock Trail	CA	1
Man Eaten Lake	CA	2
Manastash Cow Camp	WA	1
Manastash Lake	WA	2
Manastash Lake Trail	WA	1
Manastash Ridge Trail	WA	1
Manchester	CA	0
Manchester	WA	0
Manchester Park	CA	1
Manchester State Park	CA	1
Manchester State Park	WA	1
Mancini Park	CA	1
Mandalay County Park	CA	1
Mandalay State Beach	CA	1
Mandana Plaza	CA	1
Mandell-Weiss Eastgate City Park	CA	1
Mandeville Island	CA	2
Mandeville Park	CA	1
Mandeville Point	CA	2
Mandeville Tip County Park	CA	1
Mangan City Park	OR	1
Mangan Park	CA	1
Mango Park	CA	1
Mangriff Lake	OR	2
Mangwar Park	CA	1
Manhattan Beach	CA	0
Manhattan Beach	OR	0
Manhattan Beach State Park	OR	1
Manhattan Heights Park	CA	1
Manhattan Mountain	WA	2
Manila	CA	0
Manitar	WA	0
Manito	WA	0
Manito Park	WA	1
Manitou	WA	0
Manitou Beach	WA	0
Manitou Park	WA	1
Manix	CA	0
Mankas Corner	CA	0
Mankas Park	CA	1
Mankato Mountain	WA	2
Manker Campground	CA	1
Manley Wham Campground	WA	1
Manlove	CA	0
Manlove Park	CA	1
Manly Beacon	CA	2
Manly Peak	CA	2
Manly Peak Wilderness	CA	1
Mann Butte	WA	2
Mann Lake	OR	2
Mann Park	OR	1
Mannel Park	CA	1
Manning	OR	0
Manning	WA	0
Manning Park	CA	1
Mannings Flat Trail Camps	CA	1
Manns Pond	OR	2
Manny Morris Park	CA	1
Manor	WA	0
Manor Heights Mobile Home Park	WA	0
Manresa State Beach	CA	1
Mansfield	WA	0
Mansfield Campground	CA	1
Mansfield Mountain	OR	2
Mansfield Pond	OR	2
Mansfield Rustic Campground	CA	1
Mansfield Trail	OR	1
Mansford	WA	0
Manson	WA	0
Manteca	CA	0
Manteca Junction	CA	0
Manteca Waterslide	CA	1
Mantel Lake	OR	2
Manthey's Country Mobile Home Park	WA	0
Manton	CA	0
Manuel Bairos Park	CA	1
Manuel Mill	CA	0
Manuel Peak	CA	2
Manuel Peak Trail	CA	1
Manuel Vierra Park	CA	1
Manuels Camp	CA	1
Manville Park	CA	1
Many Island Lake	CA	2
Many Trails Peak	WA	2
Manzana	CA	0
Manzana Camp	CA	1
Manzana Campground	CA	1
Manzana Narrows Camp	CA	1
Manzana Trail	CA	1
Manzanar	CA	0
Manzanar National Historic Site	CA	1
Manzanar War Relocation Center (historical)	CA	1
Manzanita	CA	0
Manzanita	OR	0
Manzanita	WA	0
Manzanita Bay	WA	2
Manzanita Butte	CA	2
Manzanita City Park	OR	1
Manzanita County Park	CA	1
Manzanita Hill	CA	2
Manzanita Knob	CA	2
Manzanita Lake	CA	0
Manzanita Lake Campground	CA	1
Manzanita Mountain	CA	2
Manzanita Park	CA	1
Manzanita Point	CA	2
Manzanita Recreation Center	CA	1
Manzanita Stuart Park	CA	1
Manzanita Trail	CA	1
Mape Park	CA	1
Mapes Cow Camp	CA	1
Mapes Lake	CA	2
Maple Beach	WA	0
Maple Campground	CA	1
Maple Campsite	CA	1
Maple Cove	WA	2
Maple Creek	CA	0
Maple Creek Campground	WA	1
Maple Falls	WA	0
Maple Grove	CA	0
Maple Grove	WA	0
Maple Grove Beach	WA	0
Maple Grove Camp Ground	CA	1
Maple Grove Campground	WA	1
Maple Heights-Lake Desire	WA	0
Maple Hill	OR	2
Maple Hill Park	CA	1
Maple Hills	WA	0
Maple Island (historical)	OR	2
Maple Knoll	OR	2
Maple Lane Mobile Home Court	WA	0
Maple Leaf Campground	WA	1
Maple Mall	CA	1
Maple Mountain	WA	2
Maple Mountain Trail	WA	1
Maple Park	CA	1
Maple Park	OR	1
Maple Pass Trail	WA	1
Maple Playground	CA	1
Maple Point	WA	2
Maple School Park	CA	1
Maple Spring Camp	CA	1
Maple Spring Truck Trail	CA	1
Maple Square	CA	1
Maple Street City Park	OR	1
Maple Street Park	CA	1
Maple Valley	WA	0
Maple Valley Heights	WA	0
Maplecreek	WA	0
Mapleton	OR	0
Mapleton Landing County Park	OR	1
Mapleton Ranger Station (historic)	OR	1
Maplewood	OR	0
Maplewood	WA	0
Maplewood Heights	WA	0
Maplewood Park	WA	1
Mar A Villa Mobile Home Park	WA	0
Mar Vista Gardens	CA	1
Mar Vista Recreation Center	CA	1
Mar-Tar-Awa Campground	CA	1
Marble	WA	0
Marble Caves Trail	CA	1
Marble Cone	CA	2
Marble Creek Camp	WA	1
Marble Creek Campground	WA	1
Marble Falls Trailheard	CA	1
Marble Mountain	CA	2
Marble Mountain	OR	2
Marble Mountain	WA	2
Marble Mountain Wilderness	CA	1
Marble Peak	CA	2
Marble Peak	WA	2
Marble Peak Trail	CA	1
Marble Place	CA	0
Marble Point	CA	2
Marble Point	OR	2
Marblemount	WA	0
Marcel	CA	0
Marcella Lake	CA	2
Marcellus	WA	0
Marcellus Shrub Steppe Natural Area Preserve	WA	1
March Air Force Base	CA	0
March Field	CA	0
March Point	WA	2
March Rock	CA	2
Marchant	CA	0
Marchant Park	CA	1
Marchbank Park	CA	1
Marche Chase City Park	OR	1
Marchetti Park	CA	1
Marcola	OR	0
Marconi	CA	0
Marconi Conference Center State Historic Park	CA	1
Marcus	WA	0
Marcus Island	WA	2
Marcus Island Campground	WA	1
Marcus Peak	WA	2
Marcy Park	CA	1
Mardee Lake	WA	2
Mardone Trail	CA	1
Mare Island	CA	2
Maredith Mill	CA	0
Marengo	WA	0
Marengo Hills	WA	2
Marg Lake	OR	2
Margaret Lake	CA	2
Margaret Lake	WA	2
Margaret McKenny Campground	WA	1
Margarita Community Park	CA	1
Margarita Peak	CA	2
Margo Dodd Park	CA	1
Marguerite M O'Neill Park	CA	1
Margurette Lake	OR	2
Maria B Freitas Memorial Park	CA	1
Maria C Jackson State Park	OR	1
Maria Field	CA	1
Marial	OR	0
Marian Campground	CA	1
Marian Place	CA	0
Mariana Ranchos	CA	0
Marias Creek Trail	WA	1
Maricara Natural Area	OR	1
Maricopa	CA	0
Marie Lake	CA	2
Marie Lake	OR	2
Marie Lake	WA	2
Mariemont	CA	0
Marien Creek Campground	WA	1
Marietta	WA	0
Marietta Mobile Home Court	WA	0
Marietta-Alderwood	WA	0
Marilyn Lakes	OR	2
Marilyn's City Park	OR	1
Marin City	CA	0
Marin Headlands State Park	CA	1
Marin Highlands Park	CA	1
Marin Islands National Wildlife Refuge	CA	1
Marin Peninsula	CA	2
Marin Sierra Boy Scout Camp	CA	1
Marina	CA	0
Marina Bay	CA	2
Marina City Park	CA	1
Marina Community Park	CA	1
Marina Dunes Natural Preserve	CA	1
Marina Green	CA	1
Marina Park	CA	1
Marina State Beach	CA	1
Marina View Park	CA	1
Marina Vista Park	CA	1
Marina West Park	CA	1
Marine Avenue Park	CA	1
Marine Drive	WA	0
Marine Memorial Airplane Crash Monument	WA	1
Marine Park	CA	1
Marine Park	OR	1
Marine Street Beach	CA	1
Marine Terrace	CA	0
Marine View Park	CA	1
Marine Vista Park	CA	1
Marine World	CA	1
Marineland (historical)	CA	1
Mariner Park	CA	1
Mariner Village Mobile Home Park	WA	0
Mariners Basin	CA	2
Mariners Bay	CA	2
Mariners Island Park	CA	1
Mariners Park	CA	1
Mariners Point	CA	2
Mariners Point Campground	CA	1
Mariners Roost Campground	CA	1
Marini Plaza	CA	1
Marinship Park	CA	1
Marinwood	CA	0
Marinwood Park	CA	1
Marion	OR	0
Marion Butte	OR	2
Marion Cannon Park	CA	1
Marion Forks	OR	0
Marion Jordan Trail	OR	1
Marion Lake	CA	2
Marion Lake	OR	2
Marion Lake	WA	2
Marion Lake Trail	OR	1
Marion Mountain	CA	2
Marion Mountain	OR	2
Marion Mountain Campground	CA	1
Marion Park	CA	1
Marion Peak	CA	2
Marion Peak	OR	2
Marion Point	OR	2
Marion Square City Park	OR	1
Mariposa	CA	0
Mariposa County Fairgrounds	CA	1
Mariposa Park	CA	1
Mariposa Peak	CA	2
Mariposa Town Historic District	CA	1
Mariposa Trail	CA	1
Maritime Plaza	CA	1
Marjorie Lake	WA	2
Mark Lane Tot Lot	OR	1
Mark O Hatfield Wilderness	OR	1
Mark Twain Monument	CA	1
Mark Twain Park	CA	1
Mark Twain Park	WA	1
Mark West Springs	CA	0
Mark White Park	CA	1
Market Square	CA	1
Market Street Theatre and Loft Historic District	CA	1
Marketown	WA	0
Markham	WA	0
Markham Nature Area	CA	1
Marklee Village	CA	0
Markleeville	CA	0
Markleeville Campground	CA	1
Markleeville Peak	CA	2
Marks Island	OR	2
Marks Mobile Home Park	WA	0
Marks Place	CA	0
Marl Mountains	CA	2
Marlahan Pond	CA	2
Marlake	WA	2
Marlene Lake	WA	2
Marlene Village	OR	0
Marlin	WA	0
Marlin Park	CA	1
Marlow Camp	CA	1
Marlow Campsite	CA	1
Marlow Park	CA	1
Marmac	WA	0
Marmot	OR	0
Marmot Butte	OR	2
Marmot Lake	CA	2
Marmot Lake	WA	2
Marmot Rock Campground	CA	1
Marne	CA	0
Marquam	OR	0
Marquam Lake	OR	2
Marquam Nature Park	OR	1
Marr Court Park	OR	1
Marr Flat Cow Camp	OR	1
Marriott Park	CA	1
Marrowstone	WA	0
Marrowstone Island	WA	2
Marrowstone Point	WA	2
Marrowstone Wildlife Area	WA	1
Mars	CA	0
Mars Hill	CA	2
Marsh Creek Springs	CA	0
Marsh Creek State Park	CA	1
Marsh Hill	OR	2
Marsh Island	OR	2
Marsh Island	WA	2
Marsh Island Light	OR	2
Marsh Lake	CA	2
Marsh Lakes	WA	2
Marsh Mill	CA	0
Marsh Park	WA	1
Marsh Trail	CA	1
Marshal Scottys Playland	CA	1
Marshall	CA	0
Marshall	WA	0
Marshall Beach	CA	1
Marshall Butte	OR	2
Marshall Canyon Regional Park	CA	1
Marshall City Park	OR	1
Marshall College Field	CA	1
Marshall Gold Discovery State Historic Park	CA	1
Marshall Hill	CA	2
Marshall Island	OR	2
Marshall Junction	CA	0
Marshall Lake	CA	2
Marshall Marsh	CA	2
Marshall Park	CA	1
Marshall Peak	CA	2
Marshall Square	CA	1
Marshall Street Park	CA	1
Marshland	OR	0
Marshman Lake	OR	2
Marston Campbell Park	CA	1
Marston Point	CA	2
Martell	CA	0
Martell Mobile Manor	WA	0
Marten Buttes	OR	2
Marten Lake	OR	2
Marten Lake	WA	2
Marten Rapids Park	OR	1
Martha Lake	CA	2
Martha Lake	WA	0
Marthas Bay	WA	2
Martin	WA	0
Martin Bluff	WA	2
Martin Bridge Trail	OR	1
Martin Creek Trail	OR	1
Martin Dairy Campground	CA	1
Martin Field	WA	1
Martin Hill	CA	2
Martin Island	WA	2
Martin Lake	OR	2
Martin Lake	WA	2
Martin Lakes	WA	2
Martin Luther King Jr Community Center	WA	1
Martin Luther King Jr. Civic Center Park	CA	1
Martin Luther King Junior City Park	OR	1
Martin Luther King Junior Memorial Park	CA	1
Martin Luther King Junior Park	CA	1
Martin Murphy Junior Park	CA	1
Martin Park	CA	1
Martin Peak	WA	2
Martin Point	CA	2
Martin Pond	CA	2
Martin Tudor-Jurupa Hills Regional Park	CA	1
Martin Way	OR	1
Martindale	WA	0
Martinelli Park	CA	1
Martinez	CA	0
Martinez Mountain	CA	2
Martinez Municipal Park	CA	1
Martinez Place	CA	0
Martinez Regional Shoreline Park	CA	1
Martinez Waterfront Park	CA	1
Martingale Trailhead Park	CA	1
Martins	CA	0
Martins Beach	CA	0
Martins Cow Camp	CA	1
Martins Lake	OR	2
Martins Lakes	WA	2
Martinus Corner	CA	0
Martis Peak	CA	2
Marvin Hill	OR	2
Mary Ann Lake	WA	2
Mary Blaine Mountain	CA	2
Mary Ellen Place	CA	0
Mary Gomez Park	CA	1
Mary Jane Hill	WA	2
Mary Lake	CA	2
Mary Lake	WA	2
Mary Murphey Park	WA	1
Mary S Young Park	OR	1
Mary Shelton Lake	WA	2
Mary Smith Campground	CA	1
Mary Van Dyke Park	CA	1
Maryhill	WA	0
Maryhill State Park	WA	1
Maryhill Treaty Fishing Access Site	WA	1
Marylhurst	OR	0
Marymeade Park	CA	1
Marymoor Park	WA	1
Marys Corner	WA	0
Marys Falls Camp	WA	1
Marys Peak	CA	2
Marys Peak	OR	2
Marys Peak Botanical Special Interest Area	OR	1
Marysville	CA	0
Marysville	WA	0
Marysville Northeast	CA	0
Mascall Trail	OR	1
Mascorini Place	CA	0
Masiker Mountain	OR	2
Mason Camp	CA	1
Mason City	WA	0
Mason Hill Park	OR	1
Mason Lake	WA	2
Mason Park	CA	1
Mason Valley Truck Trail	CA	1
Masonic Mountain	CA	2
Massack	CA	0
Massacre Bay	WA	2
Massie Lake	WA	2
Mast Park	CA	1
Mastedon Peak	CA	2
Masten Butte	OR	2
Masters Hill	CA	2
Masterson Campground	CA	1
Masterson Meadow Lake	CA	2
Mastodon Peak	CA	2
Mat Kwa'Kurr	CA	2
Mat Puy Nah Achhuukaayp	CA	2
Matanzas Park	CA	1
Matchin	CA	0
Mateo Coast State Beaches	CA	1
Mathenson Park	CA	1
Matheny	CA	0
Mather	CA	0
Mather Field	CA	0
Matheson	CA	0
Mathews Corner	WA	0
Mathews Lake	WA	2
Mathews Mill	CA	0
Mathews Point	WA	2
Mathias Botanical Garden	CA	1
Mathison Peak	CA	2
Matia Island	WA	2
Matia Island State Park	WA	1
Matilda Jackson State Park	WA	1
Matilija	CA	0
Matilija Campsite	CA	1
Matilija Lake	CA	2
Matilija Rustic Campsite	CA	1
Matilija Springs	CA	0
Matilija Wilderness	CA	1
Matlock	WA	0
Matlock Hill	OR	2
Matlock Lake	CA	2
Matlock Water Hole Camp	OR	1
Matlock Waterhole	OR	2
Matrix Hill Park	OR	1
Mats Mats	WA	0
Mats Mats Bay	WA	2
Matson County Park	OR	1
Matt Davis Trail	CA	1
Mattawa	WA	0
Mattei	CA	0
Matterhorn	OR	2
Matterhorn Peak	CA	2
Matthes Lake	CA	2
Matthew	WA	0
Matthews Beach	WA	1
Matthews Beach Park	WA	1
Matthews Creek Campground	CA	1
Matthews Lake	WA	2
Matthews Quadrangle	CA	1
Matthieu Lakes	OR	2
Mattie Harrell Park	CA	1
Mattie Lake	CA	2
Matties Hump	OR	2
Mattole Beach	CA	1
Mattole Point	CA	2
Maturango Peak	CA	2
Maud	WA	0
Maud Lake	WA	2
Maud Williamson State Park	OR	1
Maude Lake	CA	2
Maude Lake	OR	2
Maude Mountain	OR	2
Maul Lake	CA	2
Maupin	OR	0
Maupin Butte	OR	2
Maurice Thorner Memorial Preserve	CA	1
Maurie Jacobs City Park	OR	1
Maury	WA	0
Maury Island	WA	2
Maverick Peak	WA	2
Mavis Lake	CA	2
Mavis Stouffer Park	CA	1
Max Baer Park	CA	1
Max Patterson Memorial City Park	OR	1
Maxson	CA	0
Maxson Dome	CA	2
Maxson Lake	CA	2
Maxton Brown Park	CA	1
Maxville	OR	0
Maxwell	CA	0
Maxwell Butte	OR	2
Maxwell Farms Regional Park	CA	1
Maxwell Hill	WA	2
Maxwell Lake	CA	2
Maxwell Lake	OR	2
Maxwell Park	CA	1
Maxwell Point	OR	2
Maxwell Pond	OR	2
Maxwell Trail	OR	1
Maxwelton	WA	0
May Creek	WA	0
May Creek Park	WA	1
May Hill	WA	2
May Junction	WA	0
May Lake	CA	2
May Lake	OR	2
May Lake	WA	2
May Lake High Sierra Camp	CA	1
May Nissen Park	CA	1
May Park	OR	1
May Valley Manor Mobile Home Park	WA	0
Mayan Peak	CA	2
Mayaro	CA	0
Mayer State Park	OR	1
Mayfair	CA	0
Mayfair County Park	WA	1
Mayfair Park	CA	1
Mayfield	WA	0
Mayfield Buffer State Wildlife Area	WA	1
Mayfield County Park	WA	1
Mayfield Park	CA	1
Mayflower Meadow	OR	2
Mayflower Park	CA	1
Mayflower Trail	OR	1
Mayflower Village	CA	0
Mayger	OR	0
Mayhew	CA	0
Mayhews Landing Park	CA	1
Maylor Point	WA	2
Maynard	WA	0
Maynard Burn Way (historical)	WA	1
Maynard Peak	WA	2
Mayo Cove	WA	2
Mayor's Square City Park	OR	1
Mayors Bicentennial Park	CA	1
Mayors Park	CA	1
Mays Field	CA	1
Maytown	WA	0
Mayview	WA	0
Mayville	OR	0
Maywood	CA	0
Maywood	WA	0
Maywood Park	CA	1
Maywood Park	OR	0
Mazama	WA	0
Mazama Camp	WA	1
Mazama Campground	OR	1
Mazama Creek Campground (historical)	OR	1
Mazama Dome	WA	2
Mazama Lake	WA	2
Mazama Rock	OR	2
Mazama Trail	WA	1
Maze Stone Historical Marker	CA	1
Mazourka Peak	CA	2
McAbee Mountain	CA	2
McAdam	WA	0
McAdam Park	CA	1
McAlester Lake	WA	2
McAlester Mountain	WA	2
McAllister Trail	WA	1
McArdle Bay	WA	2
McArthur	CA	0
McArthur Cow Camp	CA	1
McArthur Mobile Home Park	CA	0
McArthur Swamp	CA	2
McArthur-Burney Falls Memorial State Park	CA	1
McAuley Peak	CA	2
McAvoy	CA	0
McBean Park	CA	1
McBee Island	OR	2
McBee Lake	OR	2
McBee Slough	OR	2
McBee Trail	OR	1
McBride Lake	WA	2
McBride Springs Campground	CA	1
McCabe Point	CA	2
McCaffrey Island	OR	2
McCall Hill	WA	2
McCall Memorial Park	CA	1
McCall Mountain	WA	2
McCall Point	OR	2
McCallen Park	CA	1
McCalls Horse Camp	CA	1
McCallum Trail	CA	1
McCambridge Park	CA	1
McCann	CA	0
McCarteney	WA	0
McCarthy Park	CA	1
McCartie Hill	CA	2
McCartney County Park	OR	1
McCartney Park	CA	1
McCartney Peak	WA	2
McCartney Place	CA	0
McCartneys Pond	CA	2
McCarty Butte	OR	2
McCarty Lake	OR	2
McCarty Meadow	OR	2
McCarty Pond	WA	2
McCash Lake	CA	2
McCaslin Marsh	WA	2
McCauley Hill	CA	2
McCay Trail	WA	1
McChord Air Force Base	WA	0
McClain Lake	WA	2
McClain Peaks	WA	2
McClarren Park	CA	1
McClatchy Park	CA	1
McClatchy School Park	CA	1
McCleary	WA	0
McCleary Junction	WA	0
McClellan Butte	WA	2
McClellan Meadows Sno-Park	WA	1
McClellan Mountain	CA	2
McClellan Mountain	OR	2
McClellan Mountain	WA	2
McClellan Park	CA	0
McClellan Peak	WA	2
McClellan Place	CA	0
McClellan Ranch Park	CA	1
McClellan Rock	CA	2
McClenney Tract	CA	0
McCloskey Knob	OR	2
McCloud	CA	0
McCloud Bridge Campground	CA	1
McCloud Camp	CA	1
McCloud Campsite	CA	1
McCloud Lake	CA	2
McCloud River Arm	CA	2
McCloud-Medicine Lake	CA	0
McClun Wayside County Park	OR	1
McClure Hill	OR	2
McClure Lake	OR	2
McClure Lake	WA	2
McClure Mountain	WA	2
McClure Place	CA	0
McClure Point Recreation Area	CA	1
McClure Rock	WA	2
McClures Beach	CA	1
McClusky Slough	CA	2
McClymonds Mini-Park	CA	1
McColl	CA	0
McCollum Pioneer Park	WA	1
McComb Butte	OR	2
McCombs Camp	CA	1
McConaghy Park	CA	1
McConnel Place	CA	0
McConnell Island	WA	2
McConnell Lake	CA	2
McConnell Peak	CA	2
McConnell State Recreation Area	CA	1
McConville Nudist Camp	CA	1
McConville Peak	OR	2
McCool Butte	OR	2
McCormack Slough	OR	2
McCormick	WA	0
McCormick Lake	OR	2
McCormick Park	OR	1
McCormick Park	WA	1
McCornack Point	OR	2
McCornick Campground	OR	1
McCoy	OR	0
McCoy	WA	0
McCoy Lake	WA	2
McCoy Peak	CA	2
McCoy Peak	WA	2
McCoys Cove	OR	2
McCracken Point	WA	2
McCrady Ridge Trail	CA	1
McCray Mountain	CA	2
McCray Park	CA	1
McCrea Memorial Park	CA	1
McCreary Meadow Campground	CA	1
McCredie	WA	0
McCredie Springs	OR	0
McCulloh	CA	0
McCully Mountain	OR	2
McCumber Spring	WA	2
McCurdy Campground	OR	1
McCurdy Point	WA	2
McCurdy Trail	CA	1
McCurry Heights Mobile Home Park	WA	0
McDaniel Cove	WA	2
McDaniel Lake	WA	2
McDaniel Mountain	WA	2
McDaniels Mobile Village	WA	0
McDermott Camp	CA	1
McDermott Point	WA	2
McDonald	CA	0
McDonald	OR	0
McDonald	WA	0
McDonald Bridge State Wildlife Area	WA	1
McDonald Camp	CA	1
McDonald Camp	OR	1
McDonald City Park	OR	1
McDonald Field	CA	1
McDonald Island	CA	2
McDonald Lake	CA	2
McDonald Lake (not official)	WA	2
McDonald Mountain	WA	2
McDonald Park	CA	1
McDonald Peak	CA	2
McDonald Peak	OR	2
McDonald Pond	OR	2
McDonald Waterhole	OR	2
McDougal Park	CA	1
McDougald Cow Camp	CA	1
McDougall Camp	OR	1
McDowell Butte	OR	2
McDowell Camp	CA	1
McDowell Creek Camp	OR	1
McDowell Creek County Park	OR	1
McDowell Creek Evangelical Church Camp	OR	1
McDowell Hill	WA	2
McDowell Lake	WA	2
McDowell Park	CA	1
McDowell Peak	OR	2
McElroy Hill	CA	2
McElroy Lake	WA	2
McEnery Park	CA	1
McEnniery Lake	WA	2
McEwen	OR	0
McEwen Butte	OR	2
McFadden Marsh	OR	2
McFadden Park	CA	1
McFadden Park	WA	1
McFarland	CA	0
McFarland Butte	OR	2
McFarland Lake	OR	2
McFarland Park	CA	1
McFarland Point	OR	2
McFly Island	CA	2
McGarva	CA	0
McGarvey Park	CA	1
McGavin Peak	CA	2
McGee Campground	CA	1
McGee Creek Campground	CA	1
McGee Lake	CA	2
McGee Mountain	CA	2
McGee Park	CA	1
McGill	CA	0
McGill Campground	CA	1
McGillicuddys Duck Pond	WA	2
McGilvara	WA	0
McGinn Hill	CA	2
McGinnis Lake	WA	2
McGinty Mountain	CA	2
McGinty Point	CA	2
McGlashan Point	CA	2
McGlinchy Dam	WA	2
McGlinn Island	WA	2
McGowan	WA	0
McGowan Butte	WA	2
McGowan Lake	CA	2
McGowan Mountain	OR	2
McGowan Mountain Way	OR	1
McGowan Pond	WA	2
McGrath Lake	CA	2
McGrath State Beach	CA	1
McGravey Lakes	WA	2
McGregor Island	OR	2
McGregor Lakes	WA	2
McGregor Mountain	WA	2
McGregor Park	OR	1
McGribble Campground	OR	1
McGriff Lakes	CA	2
McGroarty Park	CA	1
McGuire Hill	CA	2
McGuire Island	OR	2
McGuire Lakes	CA	2
McGuire Mountain	CA	2
McGuire Peak	CA	2
McGuire Spring Rustic Campsite	CA	1
McGuire Trail	CA	1
McHenry	CA	0
McIntosh	WA	0
McIntosh Hill	CA	2
McIntosh Island	CA	2
McIntosh Lake	WA	2
McIntosh Slough	OR	2
McIvers Road	CA	1
McKay	CA	0
McKay	OR	0
McKay	WA	0
McKay Butte	CA	2
McKay Butte	OR	2
McKay Camp	CA	1
McKay Creek Forest Camp	OR	1
McKay Creek National Wildlife Refuge	OR	1
McKay Hill	WA	2
McKay Park	OR	1
McKay School City Park	OR	1
McKay School Park	OR	1
McKays Butte	WA	2
McKays Point	CA	2
McKee	OR	0
McKee Bridge	OR	0
McKee Hill	CA	2
McKee Lake	OR	2
McKees Beach	WA	0
McKeever Mountain	OR	2
McKegney Field	CA	1
McKelvey Park	CA	1
McKenna	WA	0
McKenna City Park	OR	1
McKenna Heights Mobile Home Park	WA	0
McKennan Trail	CA	1
McKenzie Bridge	OR	0
McKenzie Bridge Campground Boat Ramp	OR	1
McKenzie Butte	CA	2
McKenzie Cow Camp	CA	1
McKenzie Head	WA	2
McKenzie Head Lagoon	WA	2
McKenzie Lake	WA	2
McKenzie Mountain	CA	2
McKenzie Park	CA	1
McKenzie Park	OR	1
McKenzie Place	CA	0
McKenzie Point	CA	2
McKenzie River National Recreational Trail	OR	1
McKenzie River Park	OR	1
McKercher County Park	OR	1
McKesick Peak	CA	2
McKie Camp	OR	1
McKinley	OR	0
McKinley Creek Trail	OR	1
McKinley Firebreak	CA	1
McKinley Lake	WA	2
McKinley Mountain	CA	2
McKinley Mountain	WA	2
McKinley Park	CA	1
McKinley Park	WA	1
McKinley Playground	CA	1
McKinley School City Park	OR	1
McKinley Square	CA	1
McKinleyville	CA	0
McKinney Bay	CA	2
McKinney Butte	OR	2
McKinney Lake	CA	2
McKinney Mountain	WA	2
McKinney Park	OR	1
McKinstry Lake	CA	2
McKinstry Peak	CA	2
McKinstry Trail	CA	1
McKittrick	CA	0
McKittrick Summit	CA	2
McLain Island	OR	2
McLane Cove	WA	2
McLean Mountain	OR	2
McLean Point	OR	2
McLennan Mountain	OR	2
McLeod	OR	0
McLeod Lake	CA	2
McLeod Lake	WA	2
McLeod Mountain	WA	2
McLeod Park	CA	1
McLeod Wayside	OR	1
McLoughlin	WA	0
McLoughlin Falls State Wildlife Area	WA	1
McLoughlin Heights	WA	0
McLoughlin House National Historic Site	OR	1
McLoughlin Promenade Park	OR	1
McLoughlin State Park	OR	1
McMannaman Lake	WA	2
McManus	CA	0
McManus Park	CA	1
McMaster Park	CA	1
McMicken Heights	WA	0
McMicken Island	WA	2
McMicken Island State Park	WA	1
McMillan Hill	WA	2
McMillan Lake	CA	2
McMillan Mountain	WA	2
McMillan Village Mobile Home Park	WA	0
McMillian Park	OR	1
McMillin	WA	0
McMinnville	OR	0
McMinnville City Park	OR	1
McMullen Mountain	CA	2
McMurray	WA	0
McMurray Campground	CA	1
McMurray Lake	CA	2
McNab Lake	CA	2
McNally Memorial Park	CA	1
McNamara Park	CA	1
McNary	OR	0
McNary Beach	OR	1
McNary Beach Recreation Area	OR	1
McNary City Park	OR	1
McNary Lake	OR	2
McNary National Wildlife Refuge	WA	1
McNear Park	CA	1
McNears Beach County Park	CA	1
McNee Ranch State Park (historical)	CA	1
McNeeley Peak	WA	2
McNees Park	CA	1
McNeil Island	WA	2
McNeil Peak	WA	2
McNeill Island	WA	2
McNulty	OR	0
McPhails Peak	CA	2
McPherrin Camp	CA	1
McPherson Camp	CA	1
McPherson Campground	CA	1
McPherson Peak	CA	2
McPhersons Island	OR	2
McRae City Park	OR	1
McVan	WA	0
McVay Rock State Park	OR	1
McVicar Trail	CA	1
McVicar Wildlife Sanctuary	CA	1
McVicker Park	CA	1
McWay Cove	CA	2
McWay Rocks	CA	2
Me-Kwa-Mooks Park	WA	1
Meacham	OR	0
Meacham Hill	CA	2
Meacham Lake	OR	2
Mead	WA	0
Mead Park	WA	1
Mead Valley	CA	0
Meade Hill	CA	2
Meade Hill	WA	2
Meader Mountain	WA	2
Meadow Bay	CA	2
Meadow Brook	CA	0
Meadow Brook Park	WA	1
Meadow Butte	WA	2
Meadow Camp	OR	1
Meadow Camp	WA	1
Meadow Campground	CA	1
Meadow Campground	WA	1
Meadow Cow Camp	OR	1
Meadow Creek Campground	OR	1
Meadow Creek Campground	WA	1
Meadow Creek Driveway Trail	OR	1
Meadow Creek Indian Camp	WA	1
Meadow Creek Trail	OR	1
Meadow Creek Trail	WA	1
Meadow Farms Trailer Park	CA	0
Meadow Fork Trail	OR	1
Meadow Glade	WA	0
Meadow Homes Park	CA	1
Meadow Lake	OR	2
Meadow Lake	WA	2
Meadow Lake Camp	OR	1
Meadow Lake Hill	CA	2
Meadow Lakes	CA	0
Meadow Mountain	OR	2
Meadow Mountain	WA	2
Meadow Mountain Trail	WA	1
Meadow Mountain Way (historical)	WA	1
Meadow Natural Preserve	CA	1
Meadow Park	CA	1
Meadow Park	OR	1
Meadow Pines Park	CA	1
Meadow Point	WA	2
Meadow Pond	WA	2
Meadow Reservoir	OR	2
Meadow Ridge Mobile Home Park	WA	0
Meadow Ridge Park	CA	1
Meadow Trail	CA	1
Meadow Valley	CA	0
Meadow View Park	CA	1
Meadow View Peak	CA	2
Meadow Vista	CA	0
Meadow Waterhole	OR	2
Meadowbrook	CA	0
Meadowbrook Lake	OR	2
Meadowbrook Mobile Home Park	WA	0
Meadowbrook Park	CA	1
Meadowbrook Park	OR	1
Meadowbrook Recreation Park	CA	1
Meadowbrook Slough	WA	2
Meadowdale	WA	0
Meadowdale Mobile Home Park	WA	0
Meadowdale Park	CA	1
Meadowlands Park	CA	1
Meadowlark Trail	CA	1
Meadowmont	CA	0
Meadowood Park	CA	1
Meadows Area Campground	CA	1
Meadows Campground	WA	1
Meadows Park	CA	1
Meadowsweet	CA	0
Meadowview Campground	CA	1
Meadowview Park	CA	1
Means Lake	CA	2
Meany Crest	WA	2
Meares	CA	0
Mears Lake Valley Trail	CA	1
Mecca	CA	0
Mecca Beach Campground	CA	1
Mecca Hills Wilderness	CA	1
Mechanics Monument	CA	1
Mechanics Plaza	CA	1
Meda	OR	0
Medco Pond	OR	2
Medea Creek Park	CA	1
Medeiros Area Campground	CA	1
Medford	OR	0
Medford Island	CA	2
Media Park	CA	1
Medical Lake	WA	0
Medical Lake Waterfront Park	WA	1
Medical Springs	OR	0
Medicine Hill	CA	2
Medicine Lake	CA	2
Medicine Lake	WA	2
Medicine Mountain	CA	2
Medicine Mountain	OR	2
Medina	WA	0
Medina Park	WA	1
Meditation Point	OR	2
Medley Lake	CA	2
Medlicott Dome	CA	2
Medo Lynn Mobile Home Park	WA	0
Medora Lake	CA	2
Meek Lake	OR	2
Meek Park	CA	1
Meeker	WA	0
Meeker Mountain	OR	2
Meeker Mountain	WA	2
Meeks Bay	CA	0
Meeks Bay Campground	CA	1
Meeks Meadow Lake	CA	2
Meeks Table	WA	2
Megler	WA	0
Megwil Point	CA	2
Mehama	OR	0
Mehlhorn Butte	OR	2
Meiners Oaks	CA	0
Meiners Oaks Trailer Park	CA	0
Meinig Memorial Park	OR	1
Meins Landing	CA	0
Meiss	CA	0
Meiss Lake	CA	2
Melakwa Boy Scout Camp	OR	1
Melakwa Lake	OR	2
Melakwa Lake	WA	2
Melbourne	CA	0
Melbourne	WA	0
Meldrim Point	WA	2
Meldrum Bar City Park	OR	1
Melilah Park	OR	1
Melinda Park	CA	1
Melis Lake	OR	2
Melissa Coray Peak	CA	2
Mellis Park	CA	1
Mello	CA	0
Melody Park	CA	1
Meloland	CA	0
Melones	CA	0
Melones Sunset Lake Estates	CA	0
Melrose	OR	0
Melsons Corner	CA	0
Melton Creek Trail	WA	1
Melville	OR	0
Melvin	CA	0
Melvin Butte	OR	2
Melvin Miller City Park	OR	1
Memaloose Island	WA	2
Memaloose Island (historical)	OR	2
Memaloose Lake	OR	2
Memaloose Overlook	OR	1
Memaloose Point	OR	2
Memaloose State Park	OR	1
Memaloose Trail	OR	1
Memorial Campground	WA	1
Memorial City Park	OR	1
Memorial Court	CA	1
Memorial Cross Park	CA	1
Memorial Grove Park	CA	1
Memorial Lumbermans Park	OR	1
Memorial Monument	CA	1
Memorial Open Air Theatre	CA	1
Memorial Park	CA	1
Memorial Park	OR	1
Memorial Park	WA	1
Memorial Park Recreation Center	CA	1
Menagerie Wilderness	OR	1
Mendel park	CA	1
Mendenhall Camp	CA	1
Mendenhall Park	CA	1
Mendenhall Peak	CA	2
Mendenhall Springs	CA	0
Mendi Suri	OR	2
Mendocino	CA	0
Mendocino Bay	CA	2
Mendocino Headlands State Park	CA	1
Mendocino Park	CA	1
Mendocino Woodlands Outdoor Center	CA	1
Mendocino Woodlands State Park	CA	1
Mendocino and Headlands Historic District	CA	1
Mendota	CA	0
Mendota Waterfowl Management Area	CA	1
Mendoza Park	CA	1
Menears Bend Campground	OR	1
Menefee County Park	OR	1
Menifee	CA	0
Menke Park	CA	1
Menlo	WA	0
Menlo Avenue-West Twenty-ninth Street Historic District	CA	1
Menlo Baths	CA	0
Menlo Oaks	CA	0
Menlo Park	CA	0
Menlo Park	OR	1
Menoken	WA	0
Mentone	CA	0
Mentone Drainage Basin Park	CA	1
Mentor	WA	0
Menzel Lake	WA	2
Menzies Girl Scout Camp	CA	1
Merazo	CA	0
Merced	CA	0
Merced Falls	CA	0
Merced Heights Playground	CA	1
Merced Lake	CA	2
Merced Lake High Sierra Camp	CA	1
Merced National Wildlife Refuge	CA	1
Merced Peak	CA	2
Mercer Heights	WA	0
Mercer Island	WA	0
Mercer Island Town	WA	0
Mercer Lake	OR	2
Mercer Lake County Park	OR	1
Mercer Mountain	CA	2
Mercerdale Field	WA	1
Mercey Hot Springs	CA	0
Merchant Peak	WA	2
Merchants Beach	OR	1
Mercur Peak	CA	2
Mercury Mountain	CA	2
Mercuryville	CA	0
Meredith	WA	0
Meridian	CA	0
Meridian	WA	0
Meridian Heights	WA	0
Meridian Hill	WA	2
Meridian Lake	OR	2
Meridian Mountain	WA	2
Meridian Park	CA	1
Meridian Terrace Mobile Manor	WA	0
Meridian Village Mobile Home	WA	0
Meridian-Robbins	CA	0
Merle Lake	OR	2
Merlie Butte	OR	2
Merlie Table	OR	2
Merlin	CA	0
Merlin	OR	0
Merlin Lake	WA	2
Merlo Field Sports Complex	CA	1
Merlo Lake	CA	2
Merriam Lake	CA	2
Merriam Peak	CA	2
Merriam Point	OR	2
Merriams Slough (historical)	OR	2
Merrifield City Park	OR	1
Merrifield Cove	WA	2
Merrilis Hill	CA	2
Merrill	OR	0
Merrill Campground	CA	1
Merrill Lake	CA	2
Merrill Lake	OR	2
Merrill Lake	WA	2
Merrill Lake Campground	WA	1
Merrill Lake Natural Resources Conservation Area	WA	1
Merrill Lake State Wildlife Area	WA	1
Merrill Mountain	CA	2
Merrill Springs Rim	OR	2
Merrills Landing	CA	0
Merrimac	CA	0
Merrit Orchard Park	OR	1
Merritt	CA	0
Merritt	WA	0
Merritt Island	CA	2
Merritt Lake	WA	2
Merritt Park (historical)	CA	1
Merry Camp	CA	1
Merry Mountain	CA	2
Merryman	CA	0
Mervin Morris Park	CA	1
Mesa	CA	0
Mesa	WA	0
Mesa Camp	CA	0
Mesa Campground	CA	1
Mesa Coyote	CA	2
Mesa Grande	CA	0
Mesa Grande Park	CA	1
Mesa Grande Truck Trail	CA	1
Mesa Lake	CA	2
Mesa Lake	WA	2
Mesa Lake State Wildlife Area	WA	1
Mesa Oaks	CA	0
Mesa Peak	CA	2
Mesa Roida	CA	2
Mesa Spring Campground	CA	1
Mesa Verde	CA	0
Mesa Verde Park	CA	1
Mesa Viking Park	CA	1
Mesa Village Park	CA	1
Mesa Vista	CA	0
Mesa de Burro	CA	2
Mesa de Colorado	CA	2
Mesa de la Punta	CA	2
Mesahchie Peak	WA	2
Mesaville	CA	0
Mescal Campground	CA	1
Mescal Neil Park	CA	1
Mescalitan Island	CA	2
Meserve Park	CA	1
Meskill	WA	0
Mesquite	CA	0
Mesquite Holes	CA	2
Mesquite Lake	CA	2
Mesquite Oasis	CA	0
Mesquite Park	CA	1
Mesquite Spring Campground	CA	1
Mesquite Wilderness	CA	1
Messenger Flats Campground	CA	1
Messenger Peak	CA	2
Messic Mountain	CA	2
Messick Lake	CA	2
Messner Marsh	OR	2
Meta Lake	WA	2
Metaline	WA	0
Metaline Falls	WA	0
Metate Hill	CA	2
Metcalf Bay	CA	2
Metcalf Lake	WA	2
Metcalf Marsh	WA	2
Meteor	WA	0
Meteor Lake	CA	2
Meteor Trail	CA	1
Methodist Church Camp	CA	1
Methodist Youth Camp	OR	1
Methow	WA	0
Methow Rapids Natural Area Preserve	WA	1
Methow Street Park	WA	1
Methow Wildlife Recreation Area	WA	1
Methow Winter Range and Wildlife Refuge	WA	1
Methuselah Trail	CA	1
Metolius	OR	0
Metropolitan	CA	0
Metropolitan Recreation Center	CA	1
Mettah	CA	0
Mettler	CA	0
Metum	WA	0
Metz	CA	0
Metz Park	CA	1
Metzger	OR	0
Metzger County Park	OR	1
Metzler Park Recreation Site	OR	1
Mexican Camp	CA	1
Mexican Colony	CA	0
Mexican Hat	CA	2
Meydenbauer Bay	WA	2
Meydenbauer Bay Park	WA	1
Meydenbauer Park	WA	1
Meyers	CA	0
Meyers Butte	OR	2
Meyers Hill	OR	2
Meyers Park	CA	1
Meyers Peak	CA	2
Meyers Place	CA	0
Meyers Pond	OR	2
Meysan Lake	CA	2
Meysan Trail	CA	1
Mezes Plaza	CA	1
Mi-Wuk Village	CA	0
Miami Beach	WA	1
Miami Cove	OR	2
Miami Mountain	CA	2
Mica	WA	0
Mica Butte	CA	2
Mica Lake	WA	2
Mica Mountain	WA	2
Micelli Park	OR	1
Michael Harding Park	OR	1
Michael Lake	WA	2
Michaels Hill	CA	2
Michelangelo Playground	CA	1
Michelson Street Park	CA	1
Michie Peak	CA	2
Michigan Bar Historical Marker	CA	1
Michigan Bluff	CA	0
Michigan Heights Trail	OR	1
Michigan Hill	WA	0
Michigan Park	CA	1
Michillinda Park	CA	1
Micke Grove Country Park	CA	1
Mickey Butte	OR	2
Mickey Lake	OR	2
Mid Hills Campground	CA	1
Midas	CA	0
Midco	CA	0
Middle Alkali Lake	CA	2
Middle Anacapa Island	CA	2
Middle Bear Camp	OR	1
Middle Boulder Lake	CA	2
Middle Branigan Lake	CA	2
Middle Buckhorn Campground	CA	1
Middle Butte	CA	2
Middle Butte	OR	2
Middle Butte	WA	2
Middle Camp	OR	1
Middle Campsite	CA	1
Middle Camuesa Campground	CA	1
Middle Cove	CA	2
Middle Cove	OR	2
Middle Creek Camp	CA	1
Middle Creek Campground	CA	1
Middle Creek County Park	OR	1
Middle Creek Flat Trail	CA	1
Middle Creek Recreation Site	OR	1
Middle Devils Peak	CA	2
Middle Eel Campground (historical)	OR	1
Middle Emigrant Lake	CA	2
Middle Erma Bell Lake	OR	2
Middle Farallon	CA	2
Middle Fishhole	OR	2
Middle Fork Camp	WA	1
Middle Fork Feather Wild and Scenic River	CA	1
Middle Fork Snoqualmie Natural Resources Conservation Area	WA	1
Middle Fork Trail	WA	1
Middle Ground Island	CA	2
Middle Grove	OR	0
Middle Hanks Lake	OR	2
Middle Hidden Lake	WA	2
Middle Horse Lake	OR	2
Middle Knob	CA	2
Middle Lake	CA	2
Middle Lake	OR	2
Middle Lake	WA	2
Middle Lake Waterhole	OR	2
Middle Lakes	WA	2
Middle Lion Campground	CA	1
Middle Matilija Campground	CA	1
Middle Matilija Campsite	CA	1
Middle Meadows Campground	CA	1
Middle Mesa	CA	2
Middle Mountain	CA	2
Middle Mountain	OR	2
Middle Mountain	WA	2
Middle Mountain Firebreak	CA	1
Middle Nemah	WA	0
Middle Oval Lake	WA	2
Middle Palisade	CA	2
Middle Peak	CA	2
Middle Peak	WA	2
Middle Peak Loop Trail	CA	1
Middle Point	CA	2
Middle Point	OR	2
Middle Point	WA	2
Middle Rock	CA	2
Middle Rock Lake	OR	2
Middle Rosary Lake	OR	2
Middle Santa Ynez Campground	CA	1
Middle Santiam Wilderness	OR	1
Middle School Park	CA	1
Middle Sespe Trail	CA	1
Middle Shaser Trail	WA	1
Middle Sister	OR	2
Middle Steves Trail	CA	1
Middle Tiffany Mountain	WA	2
Middle Trail	CA	1
Middle Velma Lake	CA	2
Middle Waddel Campground	WA	1
Middle Waterway	WA	2
Middlefork Campground	CA	1
Middleton	CA	0
Middleton	OR	0
Middleton Street Recreation Center	CA	1
Middletown	CA	0
Middlewaters Campground	CA	1
Midge Lake	CA	2
Midget Lake	OR	2
Midlakes	WA	0
Midland	CA	0
Midland	OR	0
Midland	WA	0
Midland City Park	OR	1
Midnight Lake	CA	2
Midnight Lake	OR	2
Midnight Mountain	WA	2
Midnight Point	OR	2
Midoil	CA	0
Midpines	CA	0
Midpines Park	CA	1
Midshipman Point	CA	2
Midtown Park	CA	1
Midtown Terrace Recreation Center	CA	1
Midvale	WA	0
Midvale Corner	WA	0
Midvalley	CA	0
Midway	CA	0
Midway	OR	0
Midway	WA	0
Midway Camp	WA	1
Midway Gardens Mobile Park	WA	0
Midway Lake	CA	2
Midway Mountain	CA	2
Midway Oil Camp	CA	1
Midway Peak	CA	2
Midway Point	CA	2
Midway Pond	OR	2
Mig Lake	WA	2
Miguel Campground	CA	1
Miguelito County Park	CA	1
Mike Fox Park	CA	1
Mike Howe Field	CA	1
Mike Miller County Park	OR	1
Mikes Peak	CA	2
Mikkalo	OR	0
Mil Potrero Organization Campground	CA	1
Mil Potrero Park	CA	1
Milagra Ridge County Park	CA	1
Milan	WA	0
Milan Hill	WA	2
Milard Lake	WA	2
Milbury Mountain	OR	2
Mildred Island	CA	2
Mildred Lake	CA	2
Mildred Lake	OR	2
Mildred Lakes	CA	2
Mildred Lakes	WA	2
Mildred Point	WA	2
Mile Camp Recreation Site	OR	1
Mile High	CA	0
Mile High Pines Camp	CA	1
Mile High Vista Campground	CA	1
Mile Lake	OR	2
Mile Mountain	WA	2
Mile Rock	CA	2
Mile Rock beach	CA	1
Mile Rocks	CA	2
Mile Square Regional Park	CA	1
Miles	CA	0
Miles	WA	0
Miles Crossing	OR	0
Miles Lake	OR	2
Miles Mountain	OR	2
Miles Park	CA	1
Miles Peak	OR	2
Milestone Mountain	CA	2
Mileta	WA	0
Miley	CA	0
Milford	CA	0
Milford Mini Park	CA	1
Milk Butte	OR	2
Milk Camp	CA	1
Milk Lake	CA	2
Milk Lake	WA	2
Milk Lakes	WA	2
Milk Peak	CA	2
Milk Pond	WA	2
Milk Ranch Peak	CA	2
Milk Ranch Trail	CA	1
Milk Shakes	OR	2
Milk Shakes	WA	2
Mill A	WA	0
Mill Bight	WA	2
Mill Butte	WA	2
Mill Camp	OR	0
Mill Camp	WA	1
Mill Campground	CA	1
Mill Center Park	CA	1
Mill City	OR	0
Mill City Park	OR	1
Mill Creek	CA	0
Mill Creek	WA	0
Mill Creek Campground	CA	1
Mill Creek Campgrounds	CA	1
Mill Creek County Park	OR	1
Mill Creek East	WA	0
Mill Creek Falls Campground	CA	1
Mill Creek Lake	CA	2
Mill Creek Lakes	CA	2
Mill Creek Loop Trail	CA	1
Mill Creek Park	CA	1
Mill Creek Park	WA	1
Mill Creek Point	WA	2
Mill Creek Ponds	CA	2
Mill Creek Recreation Site	OR	1
Mill Creek Reservation State Wildlife Recreation Area	WA	1
Mill Creek Rim	CA	2
Mill Creek Trail	CA	1
Mill Creek Trail	OR	1
Mill Creek Trail	WA	1
Mill Creek Truck Trail	WA	1
Mill Creek Wilderness	OR	1
Mill Ends City Park	OR	1
Mill Flat Campground	CA	1
Mill Hill	OR	2
Mill Ingalls Creek Trail	WA	1
Mill Lake	OR	2
Mill Ox Trail	CA	1
Mill Park	CA	1
Mill Park	OR	1
Mill Peak	CA	2
Mill Plain	WA	0
Mill Point	WA	2
Mill Pond	CA	2
Mill Pond	OR	2
Mill Pond	WA	2
Mill Pond Campground	WA	1
Mill Pond Trail	CA	1
Mill Potrero (historical)	CA	2
Mill River Park	OR	1
Mill Valley	CA	0
Mill Valley Campground	CA	1
Mill Village Mobile Home Park	WA	0
Mill Wheel Mobile Home Park	WA	0
Millbrae	CA	0
Millbrae Meadows	CA	0
Millbrae Meadows Park	CA	1
Millburn	WA	0
Millenium Plaza City Park	OR	1
Miller	CA	0
Miller Arm	OR	2
Miller Bay	WA	2
Miller Butte	OR	2
Miller Buttes	CA	2
Miller Canyon Camp	CA	1
Miller Canyon Campgropund	CA	1
Miller Canyon Rustic Campsite	CA	1
Miller Canyon Trail	CA	1
Miller Creek Camp	OR	1
Miller Farms	CA	0
Miller Heights	OR	2
Miller Hill	CA	2
Miller Hill	OR	2
Miller Hill	WA	2
Miller Island	OR	2
Miller Island	WA	2
Miller Lake	CA	2
Miller Lake	OR	2
Miller Lake	WA	2
Miller Memorial Park	CA	1
Miller Mountain	CA	2
Miller Mountain	OR	2
Miller Mountain	WA	2
Miller Natatorium and Gym/Stewart Field Complex	WA	1
Miller Park	CA	1
Miller Park	WA	1
Miller Peak	CA	2
Miller Peak	WA	2
Miller Peak Trail	WA	1
Miller Peninsula	WA	2
Miller Place	CA	0
Miller Point	WA	2
Miller Pond	WA	2
Miller Ridge	OR	2
Miller River	WA	0
Miller River Campground	WA	1
Miller Sands	OR	2
Miller Swamp	WA	2
Miller Trail	CA	1
Miller's Villa Mobile Home Park	WA	0
Millers Landing	CA	0
Millers Mobile Home Park	WA	0
Millers Point	CA	2
Millers Ranch	CA	0
Millersburg	OR	0
Millersville	CA	0
Millersylvania State Park	WA	1
Millerton	CA	0
Millerton Lake State Recreation Area	CA	1
Millerton Point	CA	2
Millican	OR	0
Millican Crater Trail	OR	1
Millicoma Myrtle Grove State Park	OR	1
Millie Lake	CA	2
Milligan	CA	0
Milliken Peak	CA	2
Millington	OR	0
Millionaire Camp	CA	1
Millionaire Lake	OR	2
Milliorn Hill	OR	2
Millis Peak	CA	2
Millpond Campground	OR	1
Millrace Park	OR	1
Mills	CA	0
Mills Butte	OR	2
Mills Creek Canyon Park	CA	1
Mills Estate Park	CA	1
Mills Hill	CA	2
Mills Lake	CA	2
Mills Little League Park	OR	1
Mills Orchard	CA	0
Mills Orchards	CA	0
Mills Park	CA	1
Mills-Kiwanis Park	OR	1
Millsite Park	OR	1
Millspaugh	CA	0
Milltown	WA	0
Milltown Hill	OR	2
Milltown Island	WA	2
Milltown Island State Wildlife Area	WA	1
Millux	CA	0
Millview Park	CA	1
Millville	CA	0
Millwood	OR	0
Millwood	WA	0
Millwood Park	WA	1
Milne Lake	CA	2
Milo	CA	0
Milo	OR	0
Milo McIver State Park	OR	1
Milpitas	CA	0
Milroy Park	WA	1
Milton	CA	0
Milton	WA	0
Milton City Park	OR	1
Milton Hill	OR	2
Milton Mountain	WA	2
Milton Myer Recreation Center	CA	1
Milton-Freewater	OR	0
Milwaukee Waterway	WA	2
Milwaukie	OR	0
Milwaukie Heights	OR	0
Mima	WA	0
Mima Mounds Natural Area Preserve	WA	1
Mimsi Marsh (not official)	WA	2
Mina	CA	0
Mina Falls Trailhead Campground	WA	1
Minaker Island	OR	2
Minam	OR	0
Minam Hill	OR	2
Minam Lake	OR	2
Minam Peak	OR	2
Minam State Park	OR	1
Miname Community Park	CA	1
Minaret Falls Campground	CA	1
Minaret Lake	CA	2
Minaret Summit	CA	2
Minarets	CA	2
Minaya Park	CA	1
Mindego Hill	CA	2
Mindego Lake	CA	2
Mine Campground	CA	1
Mine Gulch Camp	CA	1
Mine Hill	CA	2
Mine Mountain	CA	2
Miner Mountain	WA	2
Miner Park	CA	1
Miner Pond	OR	2
Mineral	CA	0
Mineral	WA	0
Mineral Butte	WA	2
Mineral Hill	CA	2
Mineral Hill	OR	2
Mineral Hill	WA	2
Mineral King	CA	0
Mineral King Game Refuge	CA	1
Mineral Lake	WA	2
Mineral Mountain	CA	2
Mineral Mountain	WA	2
Mineral Park	WA	1
Mineral Park Campground	WA	1
Mineral Peak	CA	2
Mineral Springs Campground	WA	1
Mineral Springs State Wildlife Area	WA	1
Mineral Summit	CA	2
Miners Bay	CA	2
Miners Butte	OR	2
Miners Creek Trail (historical)	WA	1
Miners Gulch Park	CA	1
Miners Lakes	WA	2
Miners Nose	CA	2
Miners Point	CA	2
Miners Ridge Trail	CA	1
Miners Square	CA	1
Minersville Campground	CA	1
Minerva	OR	0
Minerva Beach Mobile Village Resort	WA	0
Minetop Trail	OR	1
Ming Point	OR	2
Mingo Mountain	WA	2
Mingus Park	OR	1
Mini Park	OR	1
Mining Circle	CA	1
Mink Lake	OR	2
Mink Lake	WA	2
Mink Lake Loop Trail	OR	1
Mink Lake Trail	WA	1
Minkler	CA	0
Minkler	WA	0
Minkler Lake	WA	2
Minneapolis Beach	WA	1
Minnehaha	WA	0
Minnehaha Camp	OR	1
Minnehaha Park	WA	1
Minnehaha-Hurryon Trail	OR	1
Minnelusa	CA	0
Minneola	CA	0
Minnesota	CA	0
Minnesota Flat	CA	0
Minnesota Mountain	CA	2
Minnewawa Truck Trail	CA	1
Minnick	WA	0
Minnie Lake	CA	2
Minnie Meadows Trail	WA	1
Minnie Peak	WA	2
Minnie Peterson Campground	WA	1
Minnie Provis Park	CA	1
Minniece Point	OR	2
Minniece Point Trail	OR	1
Minnow Lake	CA	2
Minor Island	WA	2
Minor Park	CA	1
Minot Peak	WA	2
Minotaur Lake	WA	2
Minshall Trail	CA	1
Mint Canyon Campground	CA	1
Mint Grove	WA	0
Mint Marsh	WA	2
Minter	WA	0
Minthorn North Natural Area	OR	1
Minto County Park	OR	1
Minto Island	OR	2
Minto Lake	OR	2
Minto Mountain	OR	2
Minto Pass Trail	OR	1
Minto-Browns Island City Park	OR	1
Minturn	CA	0
Mira Costa Park	CA	1
Mira Mesa Park and Recreation Center	CA	1
Mira Monte	CA	0
Mira Vista Hills Park	CA	1
Mira Vista Park	CA	1
Mirabeau Meadows	WA	1
Mirabeau Park	CA	1
Mirabel Heights	CA	0
Mirabel Park	CA	0
Miracle Hill	CA	2
Miracle Hot Springs	CA	0
Mirador	CA	0
Miraleste	CA	0
Miralona Playground	CA	1
Miramar	CA	0
Miramar Beach	CA	1
Miramar Park	CA	1
Miramonte	CA	0
Miramonte Conservation Camp	CA	1
Miramonte Park North	CA	1
Miramonte Park South	CA	1
Miramontes Point	CA	2
Miranda	CA	0
Miranda Pine Campground	CA	1
Miranda Pine Mountain	CA	2
Miriam Lake	WA	2
Mirror Cove Picnic Area	CA	1
Mirror Lake	CA	2
Mirror Lake	OR	2
Mirror Lake	WA	0
Mirror Lake Trail	OR	1
Mirror Lakes	WA	2
Mirror Pond	OR	2
Mirrormont	WA	0
Mirrormount Estates	WA	0
Mise Park	CA	1
Misery Hill	CA	2
Misery Lake	WA	2
Misery Peak	WA	2
Misery Point	WA	2
Misery Spring Campground	WA	1
Mishawaka	OR	0
Mishe Mokwa Trail	CA	1
Mishop Bar Campground	CA	1
Mislatnah Peak	OR	2
Missile Park	CA	1
Missing Link Trail	CA	1
Mission	CA	0
Mission	OR	0
Mission Bay	CA	2
Mission Bay (historical)	CA	2
Mission Bay Athletic Area	CA	1
Mission Bay Park	CA	1
Mission Beach	WA	0
Mission Bell Park	CA	1
Mission Canyon	CA	0
Mission City Park	OR	1
Mission Community Recreation Center	CA	1
Mission Creek Preserve	CA	1
Mission Dolores Park	CA	1
Mission Heights Park	CA	1
Mission Highlands	CA	0
Mission Hills	CA	0
Mission Hills Park	CA	1
Mission Historical Park	CA	1
Mission Lake	OR	2
Mission Lake	WA	2
Mission Mountain	WA	2
Mission North Park	CA	1
Mission Oaks Community Park	CA	1
Mission Park	CA	1
Mission Park	WA	1
Mission Peak	CA	2
Mission Peak	WA	2
Mission Peak Regional Preserve	CA	1
Mission Pine Basin Campground	CA	1
Mission Pine Camp	CA	1
Mission Pine Trail	CA	1
Mission Playground	CA	1
Mission Plaza	CA	1
Mission Point	CA	2
Mission Ridge Trail	WA	1
Mission San Jose Community Park	CA	1
Mission San Jose Park	CA	1
Mission Santa Clara De Asis Historical Monument	CA	1
Mission Springs	CA	0
Mission Springs Campground	CA	1
Mission Springs Park	CA	1
Mission Street Park	WA	1
Mission Trail	CA	1
Mission Trails Park	CA	1
Mission Trails Regional Park	CA	1
Mission Verde Park	CA	1
Mission Viejo	CA	0
Mission Viejo Youth Athletic Park	CA	1
Mission View Park	CA	1
Mississippi Head	OR	2
Missouri Bar Trail	CA	1
Missouri Bend Recreation Site	OR	1
Missouri Harbor	WA	2
Missouri Triangle	CA	0
Mist	OR	0
Mist Lake	CA	2
Mist Trail	CA	1
Mistake Point	CA	2
Mistletoe Park	CA	1
Misty Mountain Mobile Home Park	WA	0
Mitchell	OR	0
Mitchell	WA	0
Mitchell Bay	WA	2
Mitchell Butte	OR	2
Mitchell Camp	CA	1
Mitchell Caverns Natural Preserve	CA	1
Mitchell Caverns State Park	CA	1
Mitchell Corner	CA	0
Mitchell Cove	CA	2
Mitchell Creek Campground	WA	1
Mitchell Creek Park	CA	1
Mitchell Field	CA	1
Mitchell Hill	CA	2
Mitchell Hill	WA	2
Mitchell Lake	WA	2
Mitchell Monument	OR	1
Mitchell Mountain	OR	2
Mitchell Mountain	WA	2
Mitchell Park	CA	1
Mitchell Park	OR	1
Mitchell Peak	CA	2
Mitchell Place	CA	0
Mitchell Point	OR	2
Mitchell Point	WA	2
Mitchell Recreation Area	OR	1
Mitchell Rock	CA	2
Mitchells Corner	CA	0
Miti Camp	CA	1
Miwok Beach	CA	1
Miwok Fire Trail	CA	1
Miwok Lake	CA	2
Miwok Park	CA	1
Miwok Trail	CA	1
Mix Park	CA	1
Mix-up Lake	OR	2
Mix-up Peak	WA	2
Moak Trail (historical)	CA	1
Moar Lake	OR	2
Moat Lake	CA	2
Moberg Hill	WA	2
Mobile Country Club	WA	0
Mobile Estates	WA	0
Mobile Haven Mobile Home Park	WA	0
Mobile Manor	WA	0
Mobile Ranch Park	WA	0
Moccasin	CA	0
Moccasin Lake	OR	2
Moccasin Peak	CA	2
Mocho Camp	CA	1
Mocho Park	CA	1
Mock	CA	0
Mock	WA	0
Mock City	WA	0
Mockonema	WA	0
Mocks Crest	OR	2
Mocks Crest Property	OR	1
Moclips	WA	0
Mococo	CA	0
Modelo Peak	CA	2
Modesto	CA	0
Modesto	OR	0
Modesto Camp	CA	1
Modeville	OR	0
Modjeska	CA	0
Modjeska Canyon Nature Preserve	CA	1
Modjeska Community Park	CA	1
Modjeska Park	CA	1
Modjeska Peak	CA	2
Modoc National Forest	CA	1
Modoc National Wildlife Refuge	CA	1
Modoc Peak	CA	2
Modoc Point	OR	0
Modoc Pond	OR	2
Modoc Rim	OR	2
Moe Hill	WA	2
Moffett Park	CA	1
Moffetts Hot Springs	WA	0
Moffit Table	OR	2
Moffitt Butte	OR	2
Mogul Peak	CA	2
Mohave Peak	CA	2
Mohawk	CA	0
Mohawk	OR	0
Mohawk Boys Camp	CA	1
Mohawk Hill	CA	2
Mohawk Vista	CA	0
Mohler	OR	0
Mohler	WA	0
Mohrweis	WA	0
Moira Lake	WA	2
Mojave	CA	0
Mojave Base	CA	0
Mojave East Park	CA	1
Mojave National Preserve	CA	1
Mojave West Park	CA	1
Mojonnier	WA	0
Mokelumne Beach	CA	1
Mokelumne City	CA	0
Mokelumne Hill	CA	0
Mokelumne Hill State Historic Landmark	CA	1
Mokelumne Peak	CA	2
Mokelumne River Campground	CA	1
Mokelumne Wilderness	CA	1
Mokst Butte	OR	2
Molalla	OR	0
Molalla River State Park	OR	1
Molalla Trail	OR	1
Mold	WA	0
Mole Mountain	WA	2
Molena	CA	0
Molera Point	CA	2
Molfait Tracts	WA	0
Molino	CA	0
Molino Park	CA	1
Moller Park	CA	1
Molo Mountain	CA	2
Molson	WA	0
Molson Hill	WA	2
Molson Lake	WA	2
Molus	CA	0
Molybdenite Mountain	WA	2
Mon Bluff	CA	2
Mona Campground Boat Ramp	OR	1
Mona Park	CA	1
Monache Cow Camps	CA	1
Monache Mountain	CA	2
Monaco	CA	0
Monahan Lake	OR	2
Monahan Mountain	WA	2
Monarch Butterfly Natural Preserve	CA	1
Monarch Mountain	CA	2
Monarch Peak	CA	2
Monarch Wilderness	CA	1
Monastery Beach	CA	1
Mondovi	WA	0
Monette Hill	WA	2
Money Creek Campground	WA	1
Moneysmith Lake	WA	2
Monitor	OR	0
Monitor	WA	0
Monitor Island	CA	2
Monitor Point	CA	2
Monkey Hill	CA	2
Monkey Hill	WA	2
Monkey Rock	CA	2
Monkland	OR	0
Monmouth	CA	0
Monmouth	OR	0
Monmouth Recreational Park	OR	1
Mono Alamar Trail	CA	1
Mono Basin National Forest Scenic Area	CA	1
Mono Camp	CA	1
Mono Campground	CA	1
Mono City	CA	0
Mono County Youth Camp	CA	1
Mono Creek Campground	CA	1
Mono Dome	CA	2
Mono Hot Springs	CA	0
Mono Hot Springs Campgorund	CA	1
Mono Jim Peak	CA	2
Mono Lake	CA	2
Mono Lake Tufa State Natural Reserve	CA	1
Mono Meadow Trail	CA	1
Mono Mills	CA	0
Mono Park	CA	1
Mono Rock	CA	2
Mono Trail	CA	1
Mono Village	CA	0
Mono Vista	CA	0
Monogram Lake	WA	2
Monogram Lakes	OR	2
Monola	CA	0
Monolith	CA	0
Monon Lake	OR	2
Monotti Hill	CA	2
Monroe	OR	0
Monroe	WA	0
Monroe City Park	OR	1
Monroe Lake	CA	2
Monroe Landing	WA	1
Monroe Landing County Park	OR	1
Monroe Mini Park	CA	1
Monroe North	WA	0
Monroe Park	CA	1
Monroe Ridge Trail	CA	1
Monroe Roughs	OR	2
Monrovia	CA	0
Monrovia Mountain Park	CA	1
Monrovia Peak	CA	2
Mons	CA	0
Monsanto	CA	0
Monse	WA	0
Monserate Mountain	CA	2
Monson	CA	0
Mont Marin Park	CA	1
Mont View Park	CA	1
Monta Loma School Park	CA	1
Monta Vista	CA	0
Monta Vista	WA	0
Monta Vista Park	CA	1
Montague	CA	0
Montague Memorial Plaque	OR	1
Montague Park	CA	1
Montalvin	CA	0
Montalvin Park	CA	1
Montalvo	CA	0
Montana Peak	CA	2
Montara	CA	0
Montara Bay Park	CA	1
Montara Beach	CA	1
Montara Knob	CA	2
Montara State Beach	CA	1
Montavilla City Park	OR	1
Montaña de Oro State Park	CA	1
Montborne	WA	0
Montclair	CA	0
Montclair Playground	CA	1
Montclaire Park	CA	1
Monte Arido	CA	2
Monte Arido Trail	CA	1
Monte Bello Open Space Preserve	CA	1
Monte Carlo	WA	2
Monte Cristo	WA	0
Monte Cristo Campground	WA	1
Monte Cristo Lake	WA	2
Monte Cristo Natural Area Preserve	WA	1
Monte Cristo Peak	WA	2
Monte Grande Heights	CA	0
Monte Nido	CA	0
Monte Rio	CA	0
Monte Rio Fire Trail	CA	1
Monte Rosa	CA	0
Monte Sereno	CA	0
Monte Toyon	CA	0
Monte Verde Park	CA	1
Monte Vista	CA	0
Monte Vista Nature Park	CA	1
Monte Vista Park	CA	1
Monte de Oro	CA	2
Montebello	CA	0
Montebello City Park	OR	1
Montebello Hills	CA	2
Montebello Park	CA	1
Montecito	CA	0
Montecito Heights Recreation Center	CA	1
Montecito Park	CA	1
Montecito Peak	CA	2
Monteith Park	CA	1
Monterey	CA	0
Monterey Bay	CA	2
Monterey County Fairgrounds	CA	1
Monterey Heights County Park	CA	1
Monterey Old Town Historic District	CA	1
Monterey Park	CA	0
Monterey Peninsula Regional Park	CA	1
Monterey Point	CA	2
Monterey State Beach	CA	1
Monterey State Historic Park	CA	1
Monteria Lake	CA	2
Montesano	CA	0
Montesano	WA	0
Monteverde Park	CA	1
Montezuma	CA	0
Montezuma Cove	CA	2
Montezuma Hill	CA	2
Montezuma Honor Camp	CA	1
Montezuma Island	CA	2
Montezuma Park	CA	1
Montfort Park	WA	1
Montgomery	CA	0
Montgomery City	CA	0
Montgomery County Park	CA	1
Montgomery Creek	CA	0
Montgomery Hill	CA	2
Montgomery Peak	CA	2
Montgomery Place	CA	0
Montgomery Waller Recreation Center	CA	1
Montgomery Woods State Natural Reserve	CA	1
Montlake Playground	WA	1
Montpelier	CA	0
Montrose	CA	0
Montrose Community Park	CA	1
Montvue Park	CA	1
Montwood Park	CA	1
Monty Lake	OR	2
Monument	OR	0
Monument Butte	WA	2
Monument Creek Trail	WA	1
Monument Hill	CA	2
Monument Hill Park	CA	1
Monument Hills	CA	0
Monument Island	WA	2
Monument Lake	CA	2
Monument Mountain	CA	2
Monument Mountain	OR	2
Monument Peak	CA	2
Monument Peak	OR	2
Monument Peak	WA	2
Monument Point	CA	2
Monument Point	OR	2
Monument Rock	OR	2
Monument Rock Wilderness	OR	1
Monument Trail	CA	1
Monumental Creek Trail	CA	1
Monumental Mountain	WA	2
Monumental Rock	OR	2
Monumental Rock	WA	2
Monzarita Day Use Campground	CA	1
Moody	CA	0
Moody	WA	0
Moody Island	OR	2
Moody Lake	OR	2
Moohoo'oo Mountain	OR	2
Moolack Beach	OR	1
Moolack Butte	OR	2
Moolack Lake	OR	2
Moolack Mountain	OR	2
Moon Hill	OR	2
Moon Hill	WA	2
Moon Island	WA	2
Moon Lake	CA	2
Moon Lake	OR	2
Moon Lake	WA	2
Moon Lake Trail	OR	1
Moon Mountain	CA	2
Moon Mountain	OR	2
Moon Mountain	WA	2
Moon Mountain City Park	OR	1
Moon Point	OR	2
Moona	WA	0
Moonay Treaty Fishing Access Site	WA	1
Moonbeam Bay	WA	2
Moondunes Beach	CA	1
Mooney Flat	CA	0
Mooney Island	CA	2
Mooney Mountain	OR	2
Mooney Swamp	WA	2
Mooneys Grove Park	CA	1
Moonlight Butte	OR	2
Moonlight Dome	WA	2
Moonlight Lake	CA	2
Moonlight Lake	OR	2
Moonlight Mesa	CA	2
Moonlight Peak	CA	2
Moonlight Rim	CA	0
Moonlight State Beach	CA	1
Moonridge	CA	0
Moonridge Zoo	CA	1
Moonrock Campground	CA	1
Moonshadow Park	OR	1
Moonshine Bay	WA	2
Moonshine Campground	CA	1
Moonshine County Park	OR	1
Moonshine Lake	WA	2
Moonshine Pond	CA	2
Moonstone	CA	0
Moonstone Beach	CA	1
Moonstone County Park	CA	1
Moonstone Cove	CA	2
Moor Field	CA	1
Moore	CA	0
Moore	WA	0
Moore Boys Camp	CA	1
Moore Creek Campground	CA	1
Moore Creek Trail	OR	1
Moore Creek Wetland Natural Preserve	CA	1
Moore Hill	CA	2
Moore Island City Park	OR	1
Moore Mountain	WA	2
Moore Park	OR	1
Moore Point	WA	2
Moore Point Campground	WA	1
Moores Corner	WA	0
Moores Flat	CA	0
Moores Island	OR	2
Moores Lake	WA	2
Moores Mobile Manor	WA	0
Moorland	WA	0
Moorlands	WA	0
Moorpark	CA	0
Moorpark Home Acres	CA	0
Moorpark Park	CA	1
Moose Camp	CA	1
Moose Lake	CA	2
Moose Lake	OR	2
Moose Lake	WA	2
Moose Mountain	OR	2
Moose Park	CA	1
Moose Peak	CA	2
Mopah Peaks	CA	2
Mora	WA	0
Mora Campground	WA	1
Mora Park	OR	1
Morada	CA	0
Moraga	CA	0
Moraga Commons Park	CA	1
Moraine Campground	CA	1
Moraine Dome	CA	2
Moraine Lake	CA	2
Moraine Lake	OR	2
Moraine Lake	WA	2
Moraine Lake Trail	OR	1
Moraine Mountain	CA	2
Moraine Trail	WA	1
Moran	CA	0
Moran Estates Park	CA	1
Moran Lake	CA	2
Moran Lake Beach	CA	1
Moran Lake Park	CA	1
Moran Point	CA	2
Moran Slough	WA	2
Moran State Park	WA	1
Moraski Mountain	WA	2
Morcom Cow Camp	OR	1
More Mesa	CA	2
More Mesa Beach	CA	1
Morefield Butte	WA	2
Morehead Boys Camp	WA	1
Morehouse Lake Reservoir	OR	2
Moreland Mill	CA	0
Morello School Park	CA	1
Morena Butte	CA	2
Morena Conservation Camp	CA	1
Morena Sierra	CA	2
Morena Village	CA	0
Moreno	CA	0
Moreno Beach	CA	1
Moreno Knolls	CA	0
Moreno Valley	CA	0
Moreno Valley Community Park	CA	1
Moreno Vista Park	CA	1
Morettis Junction	CA	0
Morgan	OR	0
Morgan Acres Park	WA	1
Morgan Butte	OR	2
Morgan Creek Campground	WA	1
Morgan Hill	CA	0
Morgan Hill	OR	2
Morgan Hill	WA	2
Morgan Hill Community Park	CA	1
Morgan Island	OR	2
Morgan Lake	OR	2
Morgan Lake	WA	2
Morgan Lake Campground Boat Ramp	OR	1
Morgan Lake Park	OR	1
Morgan Marsh	WA	2
Morgan Mountain	CA	2
Morgan Mountain	OR	2
Morgan Park	CA	1
Morgan Plaza	CA	1
Morgan Point	CA	2
Morgan Springs	CA	0
Morgan Trail	CA	1
Morgan's Run Park	OR	1
Morgans Buckhorn	OR	2
Morgans Landing	CA	0
Morganville	WA	0
Morgenroth Lake	WA	2
Mori Point	CA	2
Mori Ridge Trail	CA	1
Morley Field Sports Complex	CA	1
Morley Park	CA	1
Mormon Bar	CA	0
Mormon Battalion Mountain	CA	2
Mormon Campground	CA	1
Mormon Hill	CA	2
Mormon Island	CA	2
Mormon Island Wetlands Natural Preserve	CA	1
Mormon Island Wetlands State Park	CA	1
Mormon Trail Camp	CA	1
Morning Star Natural Resources Conservation Area	WA	1
Morning Star Peak	WA	2
Morningside	WA	0
Morningside City Park	OR	1
Morningside Park	CA	0
Morningside Park	WA	1
Moro	OR	0
Moro City Park	OR	1
Moro Rock	CA	2
Morongo Lakes	CA	2
Morongo Valley	CA	0
Morris Butte	OR	2
Morris Hill	OR	2
Morris Lake	CA	2
Morris Lake	WA	2
Morris Meadows Camp	CA	1
Morris Peak	CA	2
Morrison	CA	0
Morrison Camp	CA	1
Morrison Creek Campground	WA	1
Morrison Creek Horse Camp	WA	1
Morrison Island	CA	2
Morrison Park	CA	1
Morrison Park	OR	1
Morrison Trail	CA	1
Morrison Woods Park	OR	1
Morristown	CA	0
Morro Bay	CA	0
Morro Bay State Park	CA	1
Morro Coast Audubon Society Sweet Springs Nature Preserve	CA	1
Morro Dunes Natural Preserve	CA	1
Morro Estuary Natural Preserve	CA	1
Morro Hill	CA	2
Morro Rock	CA	2
Morro Rock Beach	CA	1
Morro Rock Natural Preserve	CA	1
Morro Strand State Beach	CA	1
Morrow County OHV Park	OR	1
Morrow Cove	CA	2
Morrow Hill	WA	2
Morrow Island	CA	2
Morrow Lake	WA	2
Morrow Park	WA	1
Morrow Trail	CA	1
Morse	CA	0
Morse Creek Campground	WA	1
Morse Creek State Wildlife Area	WA	1
Morse Point	CA	2
Mortar Point	OR	2
Mortar Rock Park	CA	1
Mortero Palms	CA	0
Mortmar	CA	0
Morton	CA	0
Morton	WA	0
Morton Butte	OR	2
Morton Island	OR	2
Morton Peak	CA	2
Morton Ridge Trail	CA	1
Moses	WA	0
Moses Gulch Campground	CA	1
Moses Lake	WA	0
Moses Lake North	WA	0
Moses Lake State Park	WA	1
Moses Lake Wildlife Administrative Site	WA	1
Moses Mountain	CA	2
Moses Mountain	WA	2
Moses Spring Trail	CA	1
Moses Stool	WA	2
Mosier	OR	0
Mosier Camp	OR	1
Mosier Memorial Park	WA	1
Moskowite Corner	CA	0
Mosley Island	CA	2
Mosley Lakes	WA	2
Mosqueda Park	CA	1
Mosquito Bay	WA	2
Mosquito Camp	CA	1
Mosquito Camp	OR	1
Mosquito Cove	CA	2
Mosquito Fish Lake Trail	OR	1
Mosquito Flat Campground	CA	1
Mosquito Lake	CA	2
Mosquito Lake	OR	2
Mosquito Lake	WA	2
Mosquito Lakes Campground	CA	1
Mosquito Mountain	OR	2
Mosquito Point	WA	2
Mosquito Trail	CA	1
Moss	CA	0
Moss Bay	WA	2
Moss Beach	CA	0
Moss Butte	OR	2
Moss Cove	CA	2
Moss Cove Rest Area	CA	1
Moss Cove Trail	CA	1
Moss Creek Campground	WA	1
Moss Creek Trail	OR	1
Moss Flat	OR	2
Moss Lake	OR	2
Moss Lake	WA	2
Moss Lakes (historical)	OR	2
Moss Landing	CA	0
Moss Landing State Beach	CA	1
Moss Landing State Wildlife Area	CA	1
Moss Mountain	OR	2
Moss Pass Butte	OR	2
Moss Springs Horse Camp	OR	1
Moss Waterhole	OR	2
Mossdale	CA	0
Mossdale County Park	CA	1
Mosser Mountain	OR	2
Mosswood Park	CA	1
Mossy Pond	CA	2
Mossy Pond East Trail	CA	1
Mossy Pond West Trail	CA	1
Mossy Rock Camp	OR	1
Mossyrock	WA	0
Mossyrock Park	WA	1
Mossyrock State Wildlife Area	WA	1
Mother Grundy Peak	CA	2
Mother Grundy Truck Trail	CA	1
Mother Lode Acres	CA	0
Mother Lode Fairgrounds	CA	1
Mother Lode Mountain	OR	2
Mother Lode Trail	OR	1
Mother Lode West	CA	0
Mother Miguel Mountain	CA	2
Mother Mountain	WA	2
Motion	CA	0
Motor City	CA	0
Motorcycle County Park	CA	1
Mott	CA	0
Mott Island	OR	2
Mott Lake	CA	2
Mott Trail	OR	1
Motte Field Park	CA	1
Motte Rimrock Reserve	CA	1
Moude Mountain Trail	OR	1
Moulton	WA	0
Moulton Falls Park	WA	1
Moulton Meadows Park	CA	1
Mound	CA	2
Mound Lake	OR	2
Mound Meadow Trail	CA	1
Mound Pond	WA	2
Mounment Hill	WA	2
Mount Abbot	CA	2
Mount Acadia Park	CA	1
Mount Adams	WA	2
Mount Adams Forest Camp	WA	1
Mount Adams Lake	WA	2
Mount Adams Wilderness	WA	1
Mount Adelaide	CA	2
Mount Agassiz	CA	2
Mount Aggie	CA	2
Mount Aigare	CA	2
Mount Aix	WA	2
Mount Aix Trail	WA	1
Mount Alice	CA	2
Mount Allison	CA	2
Mount Alma	CA	2
Mount Anderson	WA	2
Mount Andrea Lawrence	CA	2
Mount Andy	CA	2
Mount Angel	OR	0
Mount Angeles	WA	2
Mount Anna Mills	CA	2
Mount Annie	WA	2
Mount Ansel Adams	CA	2
Mount Appleton	WA	2
Mount Ararat	CA	2
Mount Ararat	WA	2
Mount Arriva	WA	2
Mount Ashland	OR	2
Mount Ashland Trail	OR	1
Mount Aukum	CA	0
Mount Avery	OR	2
Mount Bachelor	OR	2
Mount Baden-Powell	CA	2
Mount Bago	CA	2
Mount Bailey	OR	2
Mount Bailey Trail	OR	1
Mount Baker	WA	2
Mount Baker Beach	WA	1
Mount Baker Lodge Lakes	WA	2
Mount Baker Park	WA	1
Mount Baker Vista	WA	2
Mount Baker Wilderness	WA	1
Mount Baldwin	CA	2
Mount Baldy	CA	0
Mount Baldy	OR	2
Mount Baldy	WA	2
Mount Baldy-Wrightwood	CA	0
Mount Ballard	WA	2
Mount Banning	CA	2
Mount Barcroft	CA	2
Mount Barnard	CA	2
Mount Barnes	WA	2
Mount Barney	WA	2
Mount Barrow	CA	2
Mount Baxter	CA	2
Mount Beachie	OR	2
Mount Beljica	WA	2
Mount Benzarino	WA	2
Mount Bidwell	CA	2
Mount Biedeman	CA	2
Mount Bielawski	CA	2
Mount Bigelow	WA	2
Mount Billingslea	OR	2
Mount Blankenship	WA	2
Mount Bliss	CA	2
Mount Blum	WA	2
Mount Boardman	CA	2
Mount Bolivar	OR	2
Mount Bolton Brown	CA	2
Mount Bonaparte	WA	2
Mount Bradley	CA	2
Mount Bretherton	WA	2
Mount Brewer	CA	2
Mount Broderick	CA	2
Mount Brown	OR	2
Mount Bruce	CA	2
Mount Brundage Park	CA	1
Mount Bruno	OR	2
Mount Brynion	WA	2
Mount Buckindy	WA	2
Mount Bullen	WA	2
Mount Bullen Lakes	WA	2
Mount Bullion	CA	0
Mount Bullion Youth Conservation Camp	CA	1
Mount Burdell Preserve	CA	1
Mount Burnham	CA	2
Mount Butler	OR	2
Mount Cameron	WA	2
Mount Carillon	CA	2
Mount Carmel	CA	2
Mount Carmel Park	CA	1
Mount Carmine	OR	2
Mount Caroline Livermore	CA	2
Mount Carrie	WA	2
Mount Catherine	WA	2
Mount Cavanaugh	WA	2
Mount Cedara	OR	2
Mount Cedric Wright	CA	2
Mount Cement	WA	2
Mount Challenger	WA	2
Mount Chamberlin	CA	2
Mount Chatham	WA	2
Mount Chaval	WA	2
Mount Christie	WA	2
Mount Chual	CA	2
Mount Church	WA	2
Mount Clarence King	CA	2
Mount Clark	CA	2
Mount Clark	WA	2
Mount Claywood	WA	2
Mount Clef	CA	2
Mount Cliffty Trail	WA	1
Mount Clifty	WA	2
Mount Coffin	WA	2
Mount Conard	CA	2
Mount Conness	CA	2
Mount Constance	WA	2
Mount Constitution	WA	2
Mount Coppin Square	CA	1
Mount Corcoran	CA	2
Mount Cotter	CA	2
Mount Crag	WA	2
Mount Crocker	CA	2
Mount Cross Camp	CA	1
Mount Crossman	CA	2
Mount Crowder	WA	2
Mount Cruiser	WA	2
Mount Dade	CA	2
Mount Dallas	WA	2
Mount Dana	CA	2
Mount Dana	WA	2
Mount Danaher	CA	2
Mount Daniel	WA	2
Mount Darwin	CA	2
Mount David	WA	2
Mount David Douglas	OR	2
Mount Davidson	CA	2
Mount Davidson Park	CA	1
Mount Davis	CA	2
Mount Day	CA	2
Mount Deception	WA	2
Mount Defiance	CA	2
Mount Defiance	OR	2
Mount Defiance	WA	2
Mount Defiance Trail	WA	1
Mount Degenhardt	WA	2
Mount Despair	WA	2
Mount Diablo	CA	2
Mount Diablo Park	CA	1
Mount Diablo State Park	CA	1
Mount Dickerman	WA	2
Mount Diller	CA	2
Mount Disappointment	CA	2
Mount Disney	CA	2
Mount Ditney	WA	2
Mount Dome	CA	2
Mount Dubois	CA	2
Mount Duckabush	WA	2
Mount Eaton	CA	2
Mount Eckman	OR	2
Mount Eddy	CA	2
Mount Eden	CA	2
Mount Eden Park	CA	1
Mount Edna	CA	2
Mount Eisen	CA	2
Mount Elijah	OR	2
Mount Elizabeth	WA	2
Mount Elk Lick	WA	2
Mount Ellen	CA	2
Mount Ellinor	WA	2
Mount Elmo	CA	2
Mount Elwell	CA	2
Mount Emerson	CA	2
Mount Emily	CA	2
Mount Emily	OR	2
Mount Emma	CA	2
Mount Ericsson	CA	2
Mount Erie	WA	2
Mount Erie Park	WA	1
Mount Etna	CA	2
Mount Etna Park	CA	1
Mount Fairchild	WA	2
Mount Fanny	OR	2
Mount Farquhar	CA	2
Mount Fernow	WA	2
Mount Ferry	WA	2
Mount Fillmore	CA	2
Mount Finlayson	WA	2
Mount Fiske	CA	2
Mount Fitzhenry	WA	2
Mount Florence	CA	2
Mount Forest	WA	2
Mount Forgotten	WA	2
Mount Formidable	WA	2
Mount Fremont	WA	2
Mount Fricaba	WA	2
Mount Fromme	WA	2
Mount Fury	WA	2
Mount Gabb	CA	2
Mount Gardiner	CA	2
Mount Gardner	WA	2
Mount Gauldy	OR	2
Mount Gayley	CA	2
Mount General	CA	2
Mount Genevra	CA	2
Mount George	CA	2
Mount Gibbs	CA	2
Mount Gibson	CA	2
Mount Gilbert	CA	2
Mount Giliead Bible Camp and Conference Center	CA	1
Mount Givens	CA	2
Mount Gladys	WA	2
Mount Gleason	CA	2
Mount Gleason Campground	CA	1
Mount Goddard	CA	2
Mount Godfrey	WA	2
Mount Goethe	CA	2
Mount Goode	CA	2
Mount Gould	CA	2
Mount Gower	CA	2
Mount Gower Open Space Preserve	CA	1
Mount Grayback	OR	2
Mount Gurney	OR	2
Mount Guyot	CA	2
Mount Haeckel	CA	2
Mount Hagan	OR	2
Mount Hale	CA	2
Mount Halo	OR	2
Mount Hamilton	CA	0
Mount Hannah	CA	2
Mount Hannah Lodge	CA	0
Mount Hansen (not official)	CA	2
Mount Hardy	WA	2
Mount Harkness	CA	2
Mount Harlan	CA	2
Mount Harriman	OR	2
Mount Harrington	CA	2
Mount Harris	OR	2
Mount Harvard	CA	2
Mount Harwood	CA	2
Mount Hawkins	CA	2
Mount Hebo	OR	2
Mount Hebron	CA	0
Mount Helen	CA	2
Mount Helix	CA	0
Mount Heller	CA	2
Mount Henderson	WA	2
Mount Henry	CA	2
Mount Hermann	WA	2
Mount Hermon	CA	0
Mount Higgins	WA	2
Mount High-G	WA	2
Mount Hilgard	CA	2
Mount Hillyer	CA	2
Mount Hilton	CA	2
Mount Hinman	WA	2
Mount Hinton	CA	2
Mount Hitchcock	CA	2
Mount Hoffman	CA	2
Mount Hoffmann	CA	2
Mount Hogue	CA	2
Mount Hollywood	CA	2
Mount Hood	CA	2
Mount Hood	OR	0
Mount Hood Parkdale	OR	0
Mount Hood Summer Ski Camp	OR	1
Mount Hood Village	OR	0
Mount Hood Wilderness	OR	1
Mount Hooper	CA	2
Mount Hope	CA	2
Mount Hope	OR	2
Mount Hope	WA	0
Mount Hopkins	CA	2
Mount Hopper	WA	2
Mount Hoquiam	WA	2
Mount Horeb	OR	2
Mount Horrible	WA	2
Mount Hough	CA	2
Mount Hough State Game Refuge	CA	1
Mount Howard	OR	2
Mount Howard	WA	2
Mount Hull	WA	2
Mount Humphreys	CA	2
Mount Huntington	CA	2
Mount Hutchings	CA	2
Mount Hutton	CA	2
Mount Huxley	CA	2
Mount Hyak	WA	2
Mount Iams	WA	2
Mount Ian Campbell	CA	2
Mount Ickes	CA	2
Mount Ina Coolbrith	CA	2
Mount Index	WA	2
Mount Ingalls	CA	2
Mount Inyo	CA	2
Mount Ireland	OR	2
Mount Irvine	CA	2
Mount Isaac	OR	2
Mount Isabel	CA	2
Mount Isabelle	OR	2
Mount Islip	CA	2
Mount Italy	OR	2
Mount Izaak Walton	CA	2
Mount Jackson	CA	0
Mount Jefferson	OR	2
Mount Jefferson Wilderness	OR	1
Mount Jenkins	CA	2
Mount Jepson	CA	2
Mount Johnson	CA	2
Mount Jonathan	WA	2
Mount Jordan	CA	2
Mount Josephine	WA	2
Mount Judah	CA	2
Mount Julius Caesar	CA	2
Mount June	OR	2
Mount Jupiter	WA	2
Mount Jupiter Trail	WA	1
Mount Jura	CA	2
Mount Jurupa	CA	2
Mount Kaweah	CA	2
Mount Keith	CA	2
Mount Kelly	CA	2
Mount Kent	WA	2
Mount Kit Carson	WA	2
Mount Knight	CA	2
Mount Konocti	CA	2
Mount LaCrosse	WA	2
Mount Lago	WA	2
Mount Laguna	CA	2
Mount Lamarck	CA	2
Mount Langley	CA	2
Mount Larrabee	WA	2
Mount Lassic Wilderness	CA	1
Mount Lawlor	CA	2
Mount Lawson	WA	2
Mount Le Conte	CA	2
Mount Lee	CA	2
Mount Lee	WA	2
Mount Leecher	WA	2
Mount Lena	WA	2
Mount Leona	WA	2
Mount Lewis	CA	2
Mount Lillian	WA	2
Mount Lincoln	CA	2
Mount Lincoln	WA	2
Mount Lindsay	WA	2
Mount Linn	CA	2
Mount Little	WA	2
Mount Logan	WA	2
Mount Lola	CA	2
Mount Lola Trail	CA	1
Mount Lospe	CA	2
Mount Lowe	CA	2
Mount Lowe	OR	2
Mount Lowe Campground	CA	1
Mount Lowe Park	CA	1
Mount Lowe Railway Historical Marker	CA	1
Mount Lukens	CA	2
Mount Lyell	CA	2
Mount Maclure	CA	2
Mount Maddox	CA	2
Mount Madonna	CA	2
Mount Madonna County Park	CA	1
Mount Mallory	CA	2
Mount Manchester	CA	2
Mount Manuel Trail	CA	1
Mount Margaret	WA	2
Mount Marie Louise	CA	2
Mount Markham	CA	2
Mount Marliave	CA	2
Mount Marron	CA	2
Mount Mars	CA	2
Mount Marsh	CA	2
Mount Mary Austin	CA	2
Mount Mastiff	WA	2
Mount Mathias	WA	2
Mount Maude	WA	2
Mount Mazama	OR	2
Mount McAdie	CA	2
Mount McCausland	WA	2
Mount McCay	WA	2
Mount McDill	CA	2
Mount McDuffie	CA	2
Mount McGee	CA	2
Mount McKinley	CA	2
Mount McLoughlin	OR	2
Mount McLoughlin Trail	OR	1
Mount Meany	WA	2
Mount Melville	CA	2
Mount Mendel	CA	2
Mount Mesa	CA	2
Mount Mildred	CA	2
Mount Mills	CA	2
Mount Minerva Hoyt	CA	2
Mount Misch (not official)	WA	2
Mount Misery	CA	2
Mount Misery	OR	2
Mount Misery	WA	2
Mount Misery Trail	WA	1
Mount Mitchell	OR	2
Mount Mitchell	WA	2
Mount Mocho	CA	2
Mount Molly	WA	2
Mount Molly Campground	WA	1
Mount Mooney	CA	2
Mount Morgan	CA	2
Mount Moriah	OR	2
Mount Morrison	CA	2
Mount Muir	CA	2
Mount Muller	WA	2
Mount Mystery	WA	2
Mount Nebo	CA	2
Mount Nebo	OR	2
Mount Newcomb	CA	2
Mount Norton	WA	2
Mount Norway	WA	2
Mount Noyes	WA	2
Mount Nunn	CA	2
Mount O'Neil	WA	2
Mount Oak Campground	CA	1
Mount Obette	OR	2
Mount Octopus	WA	2
Mount Olds	CA	2
Mount Olive	CA	2
Mount Olive	WA	2
Mount Olmstead	CA	2
Mount Olsen	CA	2
Mount Olson	WA	2
Mount Olympus	CA	2
Mount Olympus	WA	2
Mount Ophir	CA	2
Mount Orizaba	CA	2
Mount Oso	CA	2
Mount Oso Park	CA	1
Mount Pajaro	CA	2
Mount Palmer	CA	2
Mount Patterson	CA	2
Mount Peavine	OR	2
Mount Perkins	CA	2
Mount Perry	CA	2
Mount Pershing	WA	2
Mount Persis	WA	2
Mount Peter	OR	2
Mount Pheasant	CA	2
Mount Phelps	WA	2
Mount Phoebe	WA	2
Mount Pickering	CA	2
Mount Pickett	WA	2
Mount Pierce	CA	2
Mount Pilchuck	WA	2
Mount Pilchuck State Park	WA	1
Mount Pinchot	CA	2
Mount Pines	CA	2
Mount Pinos	CA	2
Mount Pinos Camp	CA	1
Mount Pinos Campground	CA	1
Mount Pisgah	CA	2
Mount Pisgah	OR	2
Mount Pisgah	WA	2
Mount Pisgah Arboretum	OR	1
Mount Pleasant	CA	0
Mount Pleasant	OR	0
Mount Pleasant	WA	0
Mount Pluto	CA	2
Mount Popocatepetl	OR	2
Mount Poso	CA	2
Mount Powell	CA	2
Mount Prater	CA	2
Mount Price	CA	2
Mount Price	WA	2
Mount Prophet	WA	2
Mount Provo	CA	2
Mount Pugh	WA	2
Mount Queets	WA	2
Mount R	CA	2
Mount Rahm	WA	2
Mount Rainier	WA	2
Mount Rainier Gateway Protected Area	WA	1
Mount Rainier National Park (MRNP)	WA	1
Mount Rainier Wilderness	WA	1
Mount Rambler	OR	2
Mount Ratchel	CA	2
Mount Ray	OR	2
Mount Ray Trail	OR	1
Mount Raymond	CA	2
Mount Reba	CA	2
Mount Redoubt	WA	2
Mount Reinstein	CA	2
Mount Reuben	OR	2
Mount Reynolds	CA	2
Mount Richmond	OR	2
Mount Ritter	CA	2
Mount Rixford	CA	2
Mount Roberta	CA	2
Mount Robinson	CA	2
Mount Rogers	WA	2
Mount Rolo	WA	2
Mount Roosevelt	WA	2
Mount Roosevelt Lake	WA	2
Mount Roscoe	CA	2
Mount Rose	OR	2
Mount Rose	WA	2
Mount Rose Trail	CA	1
Mount Ross	WA	2
Mount Rubidoux	CA	2
Mount Rubidoux Park	CA	1
Mount Rudolph	CA	2
Mount Ruskin	CA	2
Mount Russell	CA	2
Mount Ruth	OR	2
Mount Ruth	WA	2
Mount Saint Helena	CA	2
Mount Saint Helens	WA	2
Mount Saint Helens National Volcanic Monument	WA	1
Mount Saint Helens Viewpoint	WA	1
Mount Saint John	CA	2
Mount Sally	CA	2
Mount Sampson	CA	2
Mount San Antonio	CA	2
Mount San Jacinto State Park	CA	1
Mount San Jacinto State Wilderness	CA	1
Mount Saul	WA	2
Mount Savage	CA	2
Mount Sawyer	WA	2
Mount Scott	OR	2
Mount Scott	WA	2
Mount Scott City Park	OR	1
Mount Scott Trail	OR	1
Mount Scowden	CA	2
Mount Seattle	WA	2
Mount Sefrit	WA	2
Mount Senger	CA	2
Mount Shakspere	CA	2
Mount Shasta	CA	0
Mount Shasta City Park	CA	1
Mount Shasta Natural Landmark	CA	1
Mount Shasta Wilderness	CA	1
Mount Shep	OR	2
Mount Shinn	CA	2
Mount Shinn Lake	CA	2
Mount Shuksan	WA	2
Mount Si	WA	2
Mount Si Mobile Home Park	WA	0
Mount Si Natural Resources Conservation Area	WA	1
Mount Signal	CA	0
Mount Sill	CA	2
Mount Silliman	CA	2
Mount Sizer	CA	2
Mount Skokomish	WA	2
Mount Skokomish Wilderness	WA	1
Mount Solo	WA	2
Mount Solomon	CA	2
Mount Solomons	CA	2
Mount Sorenson	CA	2
Mount Spencer	CA	2
Mount Spickard	WA	2
Mount Spokane	WA	2
Mount Spokane State Park	WA	1
Mount Stakes	CA	2
Mount Stanford	CA	2
Mount Starr	CA	2
Mount Starr King	CA	2
Mount Steel	WA	2
Mount Stella	OR	2
Mount Stephens	CA	2
Mount Stevenson	CA	2
Mount Stewart	CA	2
Mount Stickney	WA	2
Mount Stone	WA	2
Mount Storm King	WA	2
Mount Stuart	WA	2
Mount Sutro	CA	2
Mount Sykes	OR	2
Mount Sylvania	OR	2
Mount Tabor	OR	2
Mount Tabor Park	OR	1
Mount Talapus	OR	2
Mount Talbert	OR	2
Mount Talbert Nature Park	OR	1
Mount Tallac	CA	2
Mount Tamalpais Game Refuge	CA	1
Mount Tamalpais State Park	CA	1
Mount Tebo	WA	2
Mount Teneriffe	WA	2
Mount Terror	WA	2
Mount Thayer	CA	2
Mount Thielsen	OR	2
Mount Thielsen Wilderness	OR	1
Mount Thirst	CA	2
Mount Thompson	CA	2
Mount Thomson	WA	2
Mount Tinemaha	CA	2
Mount Tolman	WA	2
Mount Tom	CA	2
Mount Tom	OR	2
Mount Tom	WA	2
Mount Toro	CA	2
Mount Torquemada	CA	2
Mount Townsend	WA	2
Mount Triumph	WA	2
Mount Tule	CA	2
Mount Turner	WA	2
Mount Tyndall	CA	2
Mount Umunhum	CA	2
Mount Vaca	CA	2
Mount Valerianos (not official)	WA	2
Mount Van Lone	CA	2
Mount Veeder	CA	2
Mount Venus	WA	2
Mount Vernon	CA	0
Mount Vernon	OR	0
Mount Vernon	WA	0
Mount Vernon Park	CA	1
Mount Versteeg	CA	2
Mount Vida	CA	2
Mount View	WA	0
Mount View Organizational Camp	CA	1
Mount View Villa Mobile Home Park	WA	0
Mount Vision	CA	2
Mount Vista	WA	0
Mount Vista Park	WA	1
Mount Walker	WA	2
Mount Walkinshaw	WA	2
Mount Wallace	CA	2
Mount Wanda	CA	2
Mount Warlow	CA	2
Mount Warren	CA	2
Mount Washington	CA	2
Mount Washington	OR	2
Mount Washington	WA	2
Mount Washington Trail	WA	1
Mount Washington Wilderness	OR	1
Mount Watkins	CA	2
Mount Watson	CA	2
Mount Watson	WA	2
Mount Whitney	CA	2
Mount Whitney Trail	CA	1
Mount Whittier	WA	2
Mount Wilder	WA	2
Mount Williamson	CA	2
Mount Wilson	CA	0
Mount Wilson	OR	2
Mount Wilson	WA	2
Mount Wilson Trail	CA	1
Mount Wilson Trail	OR	1
Mount Wilson Trail Park	CA	1
Mount Winchell	CA	2
Mount Winthrop	WA	2
Mount Wittenberg	CA	2
Mount Wood	CA	2
Mount Woodworth	CA	2
Mount Woolard	WA	2
Mount Wow	WA	2
Mount Wynne	CA	2
Mount Yoncalla	OR	2
Mount Yoran	OR	2
Mount Young	CA	2
Mount Zion	CA	2
Mount Zion	OR	2
Mount Zion	WA	2
Mount Zion Trail (historical)	WA	1
Mountain Air Camp	WA	1
Mountain Air Park	OR	0
Mountain Brook	WA	0
Mountain Carru	WA	2
Mountain Center	CA	0
Mountain Empire	CA	0
Mountain Fir Park	OR	1
Mountain Gate	CA	0
Mountain Gate Community Park	CA	1
Mountain Gate Mobile Home Park	CA	0
Mountain Glen Campground	CA	1
Mountain Home	CA	0
Mountain Home Camp	WA	1
Mountain Home Campground	CA	1
Mountain Home Conservation Camp	CA	1
Mountain Home Park	WA	0
Mountain Home Peak	CA	2
Mountain Home Village	CA	0
Mountain House	CA	0
Mountain House Trail	CA	1
Mountain Lake	CA	2
Mountain Lake	WA	2
Mountain Lake Park	CA	1
Mountain Lakes Organizational Camp	OR	1
Mountain Lakes Trail	OR	1
Mountain Lakes Wilderness	OR	1
Mountain Meadow Lake	CA	2
Mountain Meadows Manufactured Home Community	WA	0
Mountain Meadows Trail	OR	1
Mountain Mesa	CA	0
Mountain Mesa Park	CA	1
Mountain Palm Springs Campground	CA	1
Mountain Park	CA	1
Mountain Pass	CA	0
Mountain Ranch	CA	0
Mountain Ranch Subdivision	CA	0
Mountain Retreat	CA	0
Mountain Spring Camp	CA	1
Mountain Springs County Park	CA	1
Mountain Top	CA	2
Mountain Top	WA	0
Mountain Top Junction	CA	0
Mountain Top Trail	CA	1
Mountain Trail	CA	1
Mountain Valley Mobile Home Park	WA	0
Mountain View	CA	0
Mountain View	OR	0
Mountain View	WA	0
Mountain View Campground	CA	1
Mountain View Estates Mobile Home Park	WA	0
Mountain View Mobile Home Park	WA	0
Mountain View Mobile Park	WA	0
Mountain View Park	CA	1
Mountain View Park	OR	1
Mountain View Park	WA	1
Mountain View Peak	CA	2
Mountain View Recreation Center	CA	1
Mountain View Sports Pavillion	CA	1
Mountain View Tidal Marsh	CA	2
Mountain View Villa Mobile Home Park	WA	0
Mountain Villa Mobile Manor	WA	0
Mountain Vista Mobile Home Park	WA	0
Mountain Well Camp	OR	1
Mountain Wells Trail	OR	1
Mountaindale	OR	0
Mountaire Park	CA	1
Mountlake Terrace	WA	0
Mountplains Rainier Mobile Home Park	WA	0
Mouse Island Lake (historical)	OR	2
Mouse Lake	OR	2
Mouse Lake	WA	2
Mouse Trap Butte	OR	2
Mousehawk Butte	OR	2
Mowich Butte	WA	2
Mowich Camp	WA	1
Mowich Face	WA	2
Mowich Illahee	WA	0
Mowich Lake	OR	2
Mowich Lake	WA	2
Mowich Spring Butte	OR	2
Mowitch Lake	WA	2
Mowitz Butte	CA	2
Mowry Camp	CA	1
Mowry Lake (historical)	CA	2
Mox Chuck Truck Trail	WA	1
Mox Peaks	WA	2
Moxee City	WA	0
Moyina Hill	OR	2
Mt Laguna	CA	0
Mt Olympia	CA	2
Mt Sutro Open Space Reserve	CA	1
Muah Mountain	CA	2
Muck Lake	WA	2
Muckamuck Hill	WA	2
Muckamuck Mountain	WA	2
Muckamuck Trail	WA	1
Muckle Lake	OR	2
Muckney Lake	OR	2
Mud Bay	WA	2
Mud Cat Point	WA	2
Mud Creek Butte	CA	2
Mud Creek Rim	CA	2
Mud Flat Campground	CA	1
Mud Lake	CA	2
Mud Lake	OR	2
Mud Lake	WA	2
Mud Lake Cutoff Trail	OR	1
Mud Lake Mountain	OR	2
Mud Lake Trail	OR	1
Mud Lakes	CA	2
Mud Lakes	WA	2
Mud Mountain	WA	2
Mud Palisades	CA	2
Mud Puppy Lake	OR	2
Mud Slough	OR	2
Mud Spring	WA	0
Mud Spring Butte	OR	2
Mud Spring Camp	OR	1
Mud Spring Mountain	OR	2
Mud Spring Pond	OR	2
Muddy Hollow Trail	CA	1
Muddy Lake	OR	2
Muddy River Trail	WA	1
Mudflow State Wildlife Area	WA	1
Mudgett Lake	WA	2
Mudhen Lake	CA	2
Mudhole Lake	WA	2
Mudjekeewis Mountain	OR	2
Mudjekeewis Trail	OR	1
Mudoim Peak	CA	2
Mugg County Park	OR	1
Mugginsville	CA	0
Mugu Lagoon	CA	2
Mugu Peak	CA	2
Mugwump Lake	OR	2
Muir	CA	0
Muir Beach	CA	0
Muir Camp	CA	1
Muir Camp	OR	1
Muir Field	CA	1
Muir Lake	CA	2
Muir Park	CA	1
Muir Peak	CA	2
Muir Playground	CA	1
Muir Woods National Monument	CA	1
Muirwood Park	CA	1
Mukilteo	WA	0
Mukilteo State Park	WA	1
Mulberry Loop Campground	CA	1
Mulcahy Mountain	WA	2
Muldoon Mountain	OR	2
Mule Bridge Campground	CA	1
Mule Butte	WA	2
Mule Hill	OR	2
Mule Lake	CA	2
Mule Lake	OR	2
Mule Lake	WA	2
Mule Mountain	CA	2
Mule Mountain	OR	2
Mule Mountain Lookout	OR	2
Mule Peak	CA	2
Mule Peak	OR	2
Mule Prairie	OR	2
Mule Tit	OR	2
Muleshoe Mountain	OR	2
Mulford	CA	0
Mulford Gardens	CA	0
Mulford Park	CA	1
Mulford Point	CA	2
Mulholland Hill	CA	2
Mulino	OR	0
Mulkey Cow Camp	CA	1
Mulkey Place	CA	0
Mullan Military Road Historical Monument	WA	1
Mullane Lake	CA	2
Mullens Camp	CA	1
Mullerleile Pond	OR	2
Mullet Island	CA	2
Mulligan Bay	OR	2
Mulligan Butte	WA	2
Mulligan Hill	CA	2
Mulloy	OR	0
Mulno Cove	WA	2
Multnomah	OR	0
Multnomah Channel County Park	OR	1
Multorpor Mountain	OR	2
Mumbert Acres	CA	0
Mumbo Lake	CA	2
Mumford Bar Trail	CA	1
Mumford Hill	WA	2
Mumford Peak	CA	2
Mummy Rocks	WA	2
Muncaster Mountain	WA	2
Muncy Park	CA	1
Mundo	CA	0
Munger Peak	CA	2
Mungers Butte	OR	2
Municipal Park	CA	1
Municipal Rose Garden	CA	1
Municipal Yacht Harbor	CA	2
Munn Camp	CA	1
Munn Lake	WA	2
Munra Point	OR	2
Munsel Creek County Park	OR	1
Munsel Lake	OR	2
Munsel Landing County Park	OR	1
Munsell Hill	WA	2
Munson Creek Falls State Natural Area	OR	1
Munson Park	CA	1
Munson Point	OR	2
Munson Point	WA	2
Munson Valley Trail	OR	1
Munyon	CA	0
Munz Lakes	CA	2
Muralts Mobile Home Park	WA	0
Murch Butte	CA	2
Murden Cove	WA	2
Murdock	WA	0
Murdock City Park	OR	1
Murdock Lake	CA	2
Murdock Lakes	WA	2
Murdock Park	CA	1
Murdy Park	CA	1
Muriel Lake	CA	2
Muriel O Ponsler Memorial State Scenic Viewpoint	OR	1
Muriel Peak	CA	2
Murietta Campground	CA	1
Murietta Rustic Campsite	CA	1
Murken Lake	CA	2
Murnen	WA	0
Muro Blanco	CA	2
Murphy	OR	0
Murphy Camp	OR	1
Murphy Hill	CA	2
Murphy Hill	OR	2
Murphy Hill	WA	2
Murphy Lake	CA	2
Murphy Lake	WA	2
Murphy Lake (historical)	CA	2
Murphy Lakes	WA	2
Murphy Mountain	CA	2
Murphy Mountain	OR	2
Murphy Park	CA	1
Murphy Peak	CA	2
Murphy Place	CA	0
Murphy Playground	CA	1
Murphy Pond	CA	2
Murphy Ranch Park	CA	1
Murphy Sculpture Garden	CA	1
Murphy Springs Park	CA	1
Murphy Trail (historical)	CA	1
Murphy Waterhole	OR	2
Murphy Waterholes	OR	2
Murphys	CA	0
Murphys Camp	OR	1
Murphys Corner	WA	0
Murphys Park	CA	1
Murphys Point	WA	2
Murphys State Historic Landmark	CA	1
Murray	CA	0
Murray Hill	CA	2
Murray Hill	OR	2
Murray Lake	WA	2
Murray Park	CA	0
Murray Park	OR	1
Murray Peak	OR	2
Murrayhill Powerline Park	OR	1
Murrays Pond	OR	2
Murrelet State Wilderness	CA	1
Murrieta	CA	0
Murry Camp	CA	1
Murry Hill	CA	2
Murry Hill	OR	2
Murry Park	CA	1
Murry Park	WA	1
Muscle Beach	CA	1
Muscle Shoals	CA	0
Muscoy	CA	0
Mushroom Corner	WA	0
Music Camp	CA	1
Music Concourse	CA	1
Music Mountain	CA	2
Musick Mountain	CA	2
Musick Park	CA	1
Muskegon Lake	WA	2
Muskrat Lake	OR	2
Muskrat Lake	WA	2
Muskrat Pond	OR	2
Musky Lakelet	WA	2
Muslatt Lake	CA	2
Muslatt Mountain	CA	2
Musqueti Point	WA	2
Mussel Lake	OR	2
Mussel Point	CA	2
Mussel Rock	CA	2
Mussel Rock	OR	2
Mussel Rock City Park	CA	1
Mussel Rocks	CA	2
Mussel Slough Tragedy Historical Marker	CA	1
Musser Hill	CA	2
Mustang Butte	OR	2
Mustang Hill	CA	2
Mustang Peak	CA	2
Mustang Sally Ski Trail	OR	1
Mustang Water Hole	OR	2
Musto Marsh	WA	2
Mutiny Bay	WA	2
Mutt Peak	OR	2
Mutton Camp	OR	1
Mutton Mountain	OR	2
Mutton Mountain	WA	2
Muttonchop Butte	OR	2
Muzzy Bay	WA	2
My Lake	WA	2
Mya Cove	WA	2
Myers	WA	0
Myers Butte	OR	2
Myers Flat	CA	0
Mykrantz Truck Trail	CA	1
Myra Linn Park	CA	1
Myrick Cutoff	CA	1
Myrtle Butte	OR	2
Myrtle Creek	OR	0
Myrtle Edwards Park	WA	1
Myrtle Island	OR	2
Myrtle Lake	WA	2
Myrtle Park Butte	WA	2
Myrtle Point	OR	0
Myrtle Point	WA	2
Myrtle Tree Boat Ramp	OR	1
Myrtletown	CA	0
Myrtlewood Campground	OR	1
Mystery Bay	WA	2
Mystery Bay State Park	WA	1
Mystery Campground	WA	1
Mystery Lake	CA	2
Mystery Trail	CA	1
Mystic	CA	0
Mystic Lake	CA	2
Mystic Lake	OR	2
Mystic Lake	WA	2
Máalsi Tip	OR	2
Méex̣sem Héepey Butte	OR	2
N G Horse Camp	OR	1
NE Neighborhood Park	OR	1
NW Park	OR	1
Naches	WA	0
Naches Heights	WA	2
Naches Pass Campsite	WA	1
Naches Pass-Greenwater Trail	WA	1
Naches Peak	WA	2
Naches Trail	WA	1
Nachter Butte	OR	2
Nacimiento	CA	0
Naco	WA	0
Nacomis Indian Rancheria	CA	0
Nada Lake	WA	2
Nadaka City Park	OR	1
Nadeau Trail	CA	1
Nadelos Campground	CA	1
Nagrom	WA	0
Naha Lake	WA	2
Nahwatzel Lake	WA	2
Naked City Campground	CA	1
Nallpee	WA	0
Nan-Scott Lake	OR	2
Nance Peak	CA	2
Nanceville	CA	0
Nancy	WA	0
Nancy Jane County Park	CA	1
Nancy Lake	CA	2
Naneum Meadow Trail	WA	1
Naneum Point	WA	2
Naneum Wilson Trail	WA	1
Nanitch Campground	OR	1
Nannie Creek Trail	OR	1
Nannie Peak	WA	2
Nanny Goat Mountain	WA	2
Nannys Nipple	OR	2
Nans Rock	OR	2
Nansen Field	CA	1
Nansene	OR	0
Napa	CA	0
Napa Junction	CA	0
Napa Soda Springs	CA	0
Napa Valley Exposition	CA	1
Napavine	WA	0
Napeequa Crossing Campground	WA	1
Naples	CA	0
Naples Beach	CA	1
Naples Plaza	CA	1
Naples Point	CA	2
Napoleon Square	CA	1
Naranjo	CA	0
Narlon	CA	0
Narod	CA	0
Narrows	OR	0
Narrows Campground	CA	1
Narrows Earth Trail	CA	1
Naselle	WA	0
Naselle Highlands Natural Resources Conservation Area	WA	1
Naselle River State Wildlife Area	WA	1
Nash Hill	CA	2
Nash Lake	OR	2
Nash Lake Trail	OR	1
Nashmead	CA	0
Nashua	CA	0
Nashville	CA	0
Nashville	OR	0
Nason Creek	WA	0
Nason Creek Campground	WA	1
Nason Creek Game Reserve	WA	1
Nass	WA	0
Nassa Point	WA	2
Nasty Pond	OR	2
Natalie Lake	CA	2
Natapoc Mountain	WA	2
Natatorium Park (historical)	WA	1
Natatoruim Park	WA	1
National	WA	0
National AIDS Memorial Grove	CA	1
National City	CA	0
National Creek Camp	OR	1
National Forest Land Park	OR	1
National Mill Pond	WA	2
National Skateboard Park	CA	1
Native Plant Garden	CA	1
Natividad	CA	0
Natividad Park	CA	1
Natoma	CA	0
Natoma Station Neighborhood Park	CA	1
Natomas Oaks Park	CA	1
Natural Bridges State Beach	CA	1
Natural Rock Tanks	CA	2
Nature Trails Park	WA	1
Naufus Spike Camp	CA	1
Navaho Lake	OR	2
Navaho Peak	WA	2
Navajo Campground	CA	1
Naval Depot Junction	WA	0
Navarro	CA	0
Navarro Head	CA	2
Navarro Point	CA	2
Navarro River Redwoods State Park	CA	1
Navelencia	CA	0
Navy Beach	CA	1
Navy Heights	OR	0
Navy Point	CA	2
Navy Yard City	WA	0
Nawtawaket Mountain	CA	2
Naylor	WA	0
Naylor Place	CA	0
Naylox Mountain	OR	2
Nazanne Lake	WA	2
Neafus Peak	CA	2
Neagle Point	WA	2
Neah Bay	WA	0
Neahkahnie	OR	0
Neahkahnie Beach	OR	0
Neahkahnie Mountain	OR	2
Neakahnie-Manzanita State Park	OR	1
Neal Butte	OR	2
Neal Cove	CA	2
Neal Springs Campground	OR	1
Nealey Creek Trail	WA	1
Nealeys Corner	CA	0
Neall Lake	CA	2
Nealon Park	CA	1
Nearns Point	WA	2
Neary Lagoon Park	CA	1
Nearys Lagoon	CA	2
Nebelhorn	CA	0
Nebo Rock	CA	2
Necanicum Picnic Area	OR	1
Necanicum River Estuary	OR	2
Neck Point	WA	2
Necklace Valley Lakes	WA	2
Ned Hill	WA	2
Ned Hill Trail (historical)	WA	1
Nedonna Beach	OR	0
Nedonna Lake	OR	2
Neds Rock	WA	2
Need	CA	0
Needham Butte	OR	2
Needham Hill	WA	2
Needham Mountain	CA	2
Needle Camp	CA	1
Needle Lake	CA	2
Needle Peak	CA	2
Needle Peak	WA	2
Needle Point	CA	2
Needle Point	OR	2
Needle Point	WA	2
Needle Rock	OR	2
Needle Rock Camp	CA	1
Needle Rock Spring Camp	OR	1
Needle Rocks	OR	2
Needles	CA	0
Needles	OR	2
Needles Marina Park	CA	1
Needles Municipal Aquatics Center	CA	1
Needles Recreation Area	CA	1
Needy	OR	0
Neeley Hill	CA	2
Neely Johnson Park	CA	1
Neely Mountain	OR	2
Neet Lake	OR	2
Neff Park	CA	1
Neffs Camp	CA	1
Negit Island	CA	2
Negit Lake	CA	2
Negro Bar Campground	CA	1
Negro Bar State Park (historical)	CA	1
Negro Ben Mountain	OR	2
Negro Butte	CA	2
Negro Camp	CA	1
Negro Camp Mountain	CA	2
Negro Head	CA	2
Negro Hill	CA	2
Negro Jack Hill	CA	2
Negro Jack Point	CA	2
Negro Knob	OR	2
Negro Knob Trail (historical)	OR	1
Negro Lake	WA	2
Negro Mountain	CA	2
Negro Peak	CA	2
Negro Ridge	OR	2
Negro Rock	OR	2
Negroheel Butte	OR	2
Nehalem	OR	0
Nehalem Bay	OR	2
Nehalem Bay Estuary	OR	2
Nehalem Bay State Park	OR	1
Nehalem Beach	OR	1
Nehalem City Park	OR	1
Nehalem County Park	OR	1
Nehalem Falls Campground	OR	1
Nehalem H Street Public Dock	OR	1
Nehalem Harwood Square	OR	1
Neil Lake	CA	2
Neil Lake	OR	2
Neil O'Hara Park	CA	1
Neil Snipes Park	CA	1
Neill Point	WA	2
Neils Island	CA	2
Neilson Park	CA	1
Neilton	WA	0
Nekbobets Lake	OR	2
Nelda Lake	WA	2
Nelder Grove Campground	CA	1
Nella Hill	WA	2
Nellie Corser State Wildlife Area	WA	1
Nellie Lake	CA	2
Nellies Cove	OR	2
Nellies Nipple	CA	2
Nellies Point	OR	2
Nellita	WA	0
Nels Bruseth Memorial Garden	WA	1
Nels Bruseth Memorial Park	WA	1
Nels Johnson Lakes	WA	2
Nels Lake	WA	2
Nelson	CA	0
Nelson	WA	0
Nelson Bay	WA	2
Nelson Butte	OR	2
Nelson Butte	WA	2
Nelson City Park	OR	1
Nelson Flat Trail	CA	1
Nelson Hill	WA	2
Nelson Island	WA	2
Nelson Lake	CA	2
Nelson Lake	WA	2
Nelson Lakes	CA	2
Nelson Mill	CA	0
Nelson Mobile Home Park	WA	0
Nelson Monument	OR	1
Nelson Mountain	CA	2
Nelson Mountain	OR	2
Nelson Park	CA	1
Nelson Park	OR	1
Nelson Park	WA	1
Nelson Peak	WA	2
Nelson Point	WA	2
Nelson Point Campground	CA	1
Nelson State Wildlife Area	WA	1
Nelsons Corner	WA	0
Nelsons Crossing	CA	0
Nemah	WA	0
Nemah Junction	WA	0
Nemah River-Estuary State Wildlife Area	WA	1
Nemo	WA	0
Neontawanta Beach	WA	1
Neori Lake	WA	2
Neotsu	OR	0
Nep-Te-Pa Lake	OR	2
Neponset	CA	0
Neptune Beach	WA	0
Neptune Park	CA	1
Neptune State Park	OR	1
Neroly	CA	0
Nervo	CA	0
Nesbit Butte	OR	2
Nesika	WA	0
Nesika Beach	OR	0
Nesika County Park	OR	1
Neskowin	OR	0
Neskowin Beach	OR	1
Neskowin Beach State Recreation Site	OR	1
Neskowin Crest	OR	2
Neskowin Natural Area	OR	1
Nesmith County Park	OR	1
Nesmith Point	OR	2
Nesmith Point Trail	OR	1
Nespelem	WA	0
Nespelem Community	WA	0
Nestor Park	CA	1
Nestor Peak	WA	2
Nestor Peak Trail	WA	1
Nestucca Bay	OR	2
Nestucca Bay National Wildlife Refuge	OR	1
Nestucca River Estuary	OR	2
Netarts	OR	0
Netarts Bay	OR	2
Netarts Bay Campground	OR	1
Netarts Bay Estuary	OR	2
Netarts Community County Park	OR	1
Nettle Spring Campground	CA	1
Nettleton Lake	WA	2
Neufeld	CA	0
Nevada City	CA	0
Nevada City Downtown Historic District	CA	1
Nevada County Fairgrounds	CA	1
Nevada Park	WA	1
Nevada Point Trail	CA	1
Nevares Peak	CA	2
Neverstill	OR	0
Neves Lake	WA	2
Nevin Park	CA	1
New Almaden	CA	0
New Auberry	CA	0
New Bridge	OR	0
New Brighton State Beach	CA	1
New Camp	CA	1
New Chicago	CA	0
New Cuyama	CA	0
New Dungeness Lighthouse Reservation	WA	1
New Dunn	CA	0
New Hope	CA	0
New Hope	OR	0
New Hope Landing	CA	0
New Idanha	OR	0
New Kamilche	WA	0
New Lake	OR	2
New Lake	WA	2
New London	WA	0
New Marsh	CA	2
New Monterey	CA	0
New Pine Creek	CA	0
New Pine Creek	OR	0
New Princeton	OR	0
New Reliance	WA	0
New River County Park	OR	1
New River Divide Trail	CA	1
New River Park	CA	1
New Temple Park	CA	1
New Utsaladdy	WA	0
New York Butte	CA	2
New York Creek Cove	CA	2
New York Flat	CA	2
New York Hill	CA	2
New York Island	WA	2
New York Mountain	WA	2
New York Park	CA	1
New York Point	CA	2
Newark	CA	0
Newark Community Park	CA	1
Newaukum	WA	0
Newaukum Hill	WA	2
Newaukum Lake	WA	2
Newberg	OR	0
Newberry Cairn	CA	2
Newberry Group Camp	OR	1
Newberry Mountains Wilderness	CA	1
Newberry National Volcanic Monument	OR	1
Newberry Peak	CA	2
Newberry Springs	CA	0
Newberry Springs-Baker	CA	0
Newbill Lake	WA	2
Newburg	CA	0
Newburg Park	CA	1
Newby Mountain	WA	2
Newcastle	CA	0
Newcastle	WA	0
Newcastle Park	CA	1
Newell	CA	0
Newgard Bluff	CA	2
Newhalem	WA	0
Newhalem Campground	WA	1
Newhall	CA	0
Newhall Community Park	CA	1
Newland Park	CA	1
Newlove	CA	0
Newlove Hill	CA	2
Newman	CA	0
Newman Hill	CA	2
Newman Hill	WA	2
Newman Lake	WA	0
Newman Park	CA	1
Newman Point	CA	2
Newman Springs	CA	0
Newport	CA	0
Newport	OR	0
Newport	WA	0
Newport Bay	CA	2
Newport Beach	CA	0
Newport Heights	OR	0
Newport Hills	WA	0
Newport Island	CA	2
Newport Park	OR	1
Newport Shores	WA	0
Newsom Springs	CA	0
Newton	WA	0
Newton Drury Peak	CA	2
Newton Park	CA	1
Newtown	CA	0
Newts Waterhole	OR	2
Newville	CA	0
Niagara	OR	0
Niagara County Park	OR	1
Niagara Point	OR	2
Niagra Campground	CA	1
Niawiakum River Natural Area Preserve	WA	1
Nibbs Knob	CA	2
Nibley Park	CA	1
Nicasio	CA	0
Nice	CA	0
Nice Campground	WA	1
Nicholas Canyon County Beach	CA	1
Nicholas Flat Natural Preserve	CA	1
Nicholas Flat Trail	CA	1
Nicholas Lake	WA	2
Nicholas Park	CA	1
Nicholl Park	CA	1
Nicholls Mountain	WA	2
Nichols	CA	0
Nichols Hill	WA	2
Nichols Park	CA	1
Nicholson Lake	WA	2
Nicholson Point	CA	2
Nicholson Point Park	CA	1
Nick Daddow Plaza	CA	1
Nickel Mountain	CA	2
Nickel Mountain (historical)	OR	2
Nickels Mobile Park	CA	0
Nicklin	CA	0
Nickols Knob	CA	2
Nickowitz Peak	CA	2
Nicks Cove	CA	0
Nicolai Mountain	OR	2
Nicolas Park	CA	1
Nicolaus	CA	0
Nicolls Peak	CA	2
Nielsburg	CA	0
Nielsen Park	CA	1
Nielson Place	CA	0
Nifty Rock	CA	2
Night Cap Peak	CA	2
Nighthawk	WA	0
Nightingale's Fish Camp Boat Ramp	OR	1
Nightmare Camp	WA	1
Nightshade Lakes	OR	2
Niguel Hill	CA	2
Niguel Marine Life Refuge	CA	1
Niguel Woods Park	CA	1
Nihwik Mountain	OR	2
Nike Site Park	WA	1
Nikki Bunch-Franz Flowers Park	CA	1
Niland	CA	0
Niland Park	CA	1
Nile	WA	0
Nile Lake	WA	2
Nile Ridge Trail	WA	1
Nile Springs State Wildlife Area	WA	1
Niles Community Park	CA	1
Nilles Corner	WA	0
Nimbus	CA	0
Nimbus Dam Recreation Area	CA	1
Nimbus Dam State Historical Landmark	CA	1
Nimrod	OR	0
Nimrod Butte	OR	2
Nimrod River County Park	OR	1
Nimshew Ridge	CA	2
Nimue Lake	WA	2
Nine Buck Butte	CA	2
Nine Hour Lake	WA	2
Nine Mile Falls	WA	0
Nine Points Park	CA	1
Nine Stream Camp	WA	1
Nine Top Camp	OR	1
Ninemile Camp	OR	1
Ninemile Camp	WA	1
Ninemile Mountain	OR	2
Ninemile Peak	OR	2
Ninemile Point	CA	2
Nineteen Mile Camp	WA	1
Nineteen Mountain	WA	2
Nineteenmile Campground	WA	1
Ninetynine Oaks	CA	0
Ninos Park	CA	1
Ninteen Oaks Campground	CA	1
Ninth Street Park	CA	1
Ninth Street Trailer Park	WA	0
Ninth Street and Encanto Park	CA	1
Nip and Tuck Lakes	OR	2
Nipinnawasee	CA	0
Nipomo	CA	0
Nipomo Hill	CA	2
Nipomo Mesa	CA	2
Nipomo Regional Park	CA	1
Nipple Butte	OR	2
Nipton	CA	0
Nira Campground	CA	1
Nisqually	WA	0
Nisqually Community Forest	WA	1
Nisqually Flats	WA	2
Nisqually Head	WA	2
Nisqually Ice Cliff	WA	2
Nisqually Indian Community	WA	0
Nisqually Lake	WA	2
Nisqually National Wildlife Refuge	WA	1
Nisqually Park	WA	1
Nisqually Reach	WA	2
Nisqually State Park	WA	1
Nisqually State Wildlife Recreation Area	WA	1
Nisqually Vista	WA	0
Nisson	WA	0
Nita Carman Park	CA	1
Nitwit Camp	CA	1
Niven Park	CA	1
No Dice Lake	WA	2
No Mans Mountain	CA	2
No Name Butte	OR	2
No Name Lake	WA	2
No Name Lake Campground	WA	1
No Name Peak	WA	2
No-See-Em Camp	CA	1
Noah Butte	OR	2
Nob Hill	CA	2
Nob Hill	OR	2
Nob Island	WA	2
Nobel Athletic Area	CA	1
Nobel Pond	OR	2
Noble	WA	0
Noble Bluff	CA	2
Noble Butte	CA	2
Noble Canyon Trailhead	CA	1
Noble Creek Park	CA	1
Noble Field	WA	1
Noble Fir Management Buffer Zone	OR	1
Noble Firs Estates Mobile Home Park	WA	0
Noble Hill	OR	2
Noble Hill	WA	2
Noble Knob	WA	2
Noble Lake	CA	2
Noble Lake	WA	2
Noble Park	CA	1
Noble Trail	CA	1
Noble Woods Park	OR	1
Nobles House	OR	1
Nodoubt Peak	WA	2
Nodule Point	WA	2
Noe-Beaver Mini-Park	CA	1
Noel Heights	CA	0
Noels Knoll	CA	2
Nohorn Butte	OR	2
Nohorn Trail	OR	1
Noisy Creek Campground	WA	1
Noisy Creek Forest Camp	OR	1
Noisy-Diobsud Wilderness	WA	1
Nojoqui Falls Park	CA	1
Nokomis Park	CA	1
Nolin	OR	0
Noll Park	CA	1
Nolte State Park	WA	1
Nome Lackee Indian Reservation Monument	CA	1
Nome Peak	OR	2
Nonada Hill	CA	2
Noname Lake	CA	2
Noname Lake	WA	2
Nooksack	WA	0
Nooksack Campground	WA	1
Nooksack Salmon Hatchery	WA	0
Nooksack State Wildlife Area	WA	1
Nooksack Tower	WA	2
Noon	OR	0
Noon	WA	0
Noon Peak	CA	2
Nopah Peak	CA	2
Nopah Range Wilderness	CA	1
Nora Lake	CA	2
Nora Pond	OR	2
Nora Trail	CA	1
Norco	CA	0
Nord	CA	0
Nordby Lake	WA	2
Norden	CA	0
Nordheimer Lake	CA	2
Nordhoff Peak	CA	2
Nordhoff Recreation Center	CA	1
Nordland	WA	0
Nordrum Lake	WA	2
Norkool Pond	WA	2
Norma Pfeiffer Park	OR	1
Norman	CA	0
Norman	WA	0
Norman Clyde Peak	CA	2
Norman O Houston Park	CA	1
Norman Park	CA	1
Norman Waters Park	CA	1
Normandale City Park	OR	1
Normandale Playground	CA	1
Normandie Playground	CA	1
Normandy Beach Park	WA	1
Normandy Park	WA	0
Norn Hill	CA	2
Norris Lake	CA	2
Norris Memorial Park	CA	1
Norris Pond	OR	2
Norse Butte	CA	2
Norse Peak	WA	2
Norse Peak Wilderness	WA	1
North Aberdeen Playfield	WA	1
North Acres Park	WA	1
North Albany	OR	0
North Albany County Park	OR	1
North Algodones Dunes Wilderness	CA	1
North Alkali Lake	OR	2
North Antelope Valley	CA	0
North Arm	CA	2
North Arm	OR	2
North Atwater Park	CA	1
North Auburn	CA	0
North Avenue Park	CA	1
North Baldy	WA	2
North Bay	CA	2
North Bay	WA	2
North Bay Natural Area Preserve	WA	1
North Beach	CA	1
North Beach	OR	0
North Beach	WA	0
North Beach Bay	OR	2
North Beach Campground	CA	1
North Beach Playground	CA	1
North Belridge	CA	0
North Bench	CA	0
North Bend	OR	0
North Bend	WA	0
North Bloomfield	CA	0
North Blue Lake Group	OR	2
North Bluff	WA	2
North Bluff Preserve	CA	1
North Bonneville	WA	0
North Burma Trail	CA	1
North Butte	CA	2
North Butte	OR	2
North Butte	WA	2
North Caribou	CA	2
North Cascade Primitive Area (historical)	WA	1
North Cascades National Park	WA	1
North Central Valley Wildlife Management Area	CA	1
North Chalone Peak	CA	2
North Cinder Peak	OR	2
North City	WA	0
North Clackamas Aquatic Park	OR	1
North Clackamas Central Park	OR	1
North Clackamas Park	OR	1
North Coast	CA	2
North Coast Ridge Trail	CA	1
North Coastal	CA	0
North Cold Spring	CA	2
North Cold Spring Peak	CA	2
North Columbia	CA	0
North Corral Lake	OR	2
North Cove	CA	2
North Cove	OR	2
North Cove	WA	0
North Creek	WA	0
North Creek Campground	OR	1
North Creek Campground	WA	1
North Creek Trail	CA	1
North Creek Truck Trail	WA	1
North Crested Butte	WA	2
North Dickey Peak	OR	2
North Dinuba	CA	0
North Divide Lake	CA	2
North Dixie Lake	OR	2
North Dome	CA	2
North Dome Trail (historical)	CA	1
North Eagle Lake Campground	CA	1
North East Community Park	CA	1
North Edwards	CA	0
North El Monte	CA	0
North Elsinore	CA	0
North Emerson Lake	CA	2
North End	WA	2
North Evans Mini Park	OR	1
North Fairview Mountain	OR	2
North Farallon	CA	2
North Field	CA	1
North Fillmore	CA	0
North Finger Island	WA	2
North Fontana Park	CA	1
North Fork	CA	0
North Fork	OR	0
North Fork Anthony Campground	OR	1
North Fork Asotin Creek Trail	WA	1
North Fork Beegum Campground	CA	1
North Fork Bridge Creek Trail	WA	1
North Fork Camp	CA	1
North Fork Campground	CA	1
North Fork Campground	WA	1
North Fork Campsite	WA	1
North Fork County Park	OR	1
North Fork Cow Camp	OR	1
North Fork Crossing Forest Camp	OR	1
North Fork Group Camp	WA	1
North Fork John Day Wilderness	OR	1
North Fork Meadows Trail	CA	1
North Fork Mountain	CA	2
North Fork Nehalem County Park	OR	1
North Fork Ninemile Campground	WA	1
North Fork Recreation Area Memorial Park	CA	1
North Fork Soleduck River Trail	WA	1
North Fork Swamp	WA	2
North Fork Taneum Trail	WA	1
North Fork Tieton Trail	WA	1
North Fork Toats Creek Trail	WA	1
North Fork Trail	OR	1
North Fork Trail	WA	1
North Fork Twentymile Trail	WA	1
North Fork Umatilla Wilderness	OR	1
North Fork Wilderness	CA	1
North Fort Lewis	WA	0
North Front Street Park	OR	1
North Furman Lake	WA	2
North Gardner Mountain	WA	2
North Gate	CA	0
North Gate Community Park	CA	1
North Gate Park	CA	1
North Gerber Campground Boat Ramp	OR	1
North Gorge Campground	WA	1
North Gray Rocks	CA	2
North Green River Park	WA	1
North Gresham Park	OR	1
North Grove Campground	CA	1
North Guard	CA	2
North Guard Lake	CA	2
North Guardian Rock	WA	2
North Head	WA	2
North Highland	OR	0
North Highlands	CA	0
North Hill	CA	2
North Hill	WA	0
North Hollywood Park	CA	1
North Howell	OR	0
North Indian Trail	WA	0
North Island	CA	2
North Island	OR	2
North Jackson Park	CA	1
North Jamul	CA	0
North Jenny Creek Campground	OR	1
North Jetty	CA	2
North Jones Trail	OR	1
North Kelsey Peak	CA	2
North Lagoon	OR	2
North Lake	CA	2
North Lake	OR	2
North Lake	WA	2
North Lake Campground	CA	1
North Lake Park	CA	1
North Lakeport	CA	0
North Lakes	OR	2
North Landing	CA	0
North Lawn	CA	1
North Livermore Neighborhood Park	CA	1
North Loop Trail	OR	1
North Marysville	WA	0
North Matthieu Lake	OR	2
North McHenry	CA	0
North McNary	WA	0
North Meadows Park	CA	1
North Mesquite Mountains Wilderness	CA	1
North Minam Trail	OR	1
North Moss Beach	CA	1
North Mountain	CA	2
North Mountain	OR	2
North Mountain	WA	2
North Mountain Park	OR	1
North Myrtle Park	OR	1
North Navarre Peak	WA	2
North Nemah	WA	0
North Norwood Park	CA	1
North Oakland Recreation Center	CA	1
North Oakland Regional Sports Cente	CA	1
North Oaks Park	CA	1
North Olympia	WA	0
North Omak	WA	0
North Ontario	CA	0
North Orchard Park	CA	1
North Palisade	CA	2
North Palm Springs	CA	0
North Park	CA	1
North Park	OR	1
North Park	WA	0
North Park (historical)	CA	1
North Park Blocks	OR	1
North Park Campground	CA	1
North Park Peak	CA	2
North Park Recreation Center	CA	1
North Paulina Peak	OR	2
North Peak	CA	2
North Peak	OR	2
North Peak	WA	2
North Peapod	WA	2
North Pine	WA	0
North Pines Campground	CA	1
North Pinhead Butte	OR	2
North Placerville	CA	0
North Plains	OR	0
North Plaza	CA	1
North Point	CA	2
North Point	OR	2
North Point	WA	2
North Point Neighborhood	WA	0
North Point Park	CA	1
North Pointe Park	WA	1
North Portland	OR	0
North Powder	OR	0
North Powder Pond Number One	OR	2
North Powder Pond Number Two	OR	2
North Powellhurst City Park	OR	1
North Prosser	WA	0
North Puyallup	WA	0
North Ranch Open Space	CA	1
North Ranch Park	CA	1
North Ranch Playfield	CA	1
North Red Mountain	CA	2
North Richmond	CA	0
North Richmond Ballpark	CA	1
North Ridge Trail	CA	1
North Ridge Trail	WA	1
North Rim Trail	CA	1
North River Road Park	CA	1
North Rock	CA	2
North Rock	OR	2
North Rock	WA	2
North Rockwood Park	OR	1
North Rosary Lake	OR	2
North Salmon Creek Beach	CA	1
North San Diego Bay	CA	2
North San Juan	CA	0
North Santa Maria	CA	0
North Santiam State Park	OR	1
North Seascape Surf Park	CA	1
North Shaser Trail	WA	1
North Shore Campground	CA	1
North Shore Recreation Area	CA	1
North Shore Trail	CA	1
North Shore Treaty Fishing Access Site	WA	1
North Side Trail	CA	1
North Silver Creek Youth Camp	OR	1
North Sister	OR	2
North Skookum Campground	WA	1
North Skookum Lake	WA	2
North Slide Peak	CA	2
North Spectacle Butte	WA	2
North Springfield	OR	0
North Stanwood	WA	0
North Star	CA	0
North Star Beach	CA	1
North Star Mountain	CA	2
North Star Mountain	WA	2
North Star Ranch	CA	0
North Stone Lake	CA	2
North Stover Mountain	CA	2
North Street Park	CA	1
North Sultan	WA	0
North Summit Trail	WA	1
North Table Mountain	CA	2
North Table Mountain	OR	2
North Tahoe Regional Park	CA	1
North Teal Lake	WA	2
North Tenmile Lake	OR	2
North Torrey Lake	OR	2
North Town Center Park	CA	1
North Towne Park	WA	1
North Trail	CA	1
North Trinity Mountain	CA	2
North Tustin	CA	0
North Twentymile Peak	WA	2
North Twentymile Peak Trail	WA	1
North Twentymile Trail	WA	1
North Twin	WA	2
North Twin Lake	OR	2
North Twin Lake	WA	2
North Twin Lake Campground Boat Ramp	OR	1
North Umpqua Village	OR	0
North Vallejo Park	CA	1
North Vista Mobile Home Park	WA	0
North Warner Viewpoint	OR	2
North Wawona	CA	0
North West Seal Rock	CA	2
North Wickiup Campground	OR	1
North Wilderness Trail	CA	1
North Willamette Neighborhood Park	OR	1
North Willapa Bay Wildlife Area	WA	1
North Wilson	OR	2
North Woodbridge	CA	0
North Yelm	WA	0
North Yolla Bolly Cold Fork Trail	CA	1
North Yolla Bolly Lake	CA	2
North Yolla Bolly Mountains	CA	2
North and South Trail	OR	1
North del Rio School Park	CA	1
Northbank Linear Park	CA	1
Northbrook Park	CA	1
Northcote Park	CA	1
Northcraft Mountain	WA	2
Northeast Vashon Park	WA	1
Northeast Waterfront Historic District	CA	1
Northern California	CA	2
Northern California Coast Range Preserve (NCCRP)	CA	1
Northern Crags	WA	2
Northern Loop Trail	WA	1
Northern Wildlife Preserve	CA	1
Northfront Park	CA	1
Northgate City Park	OR	1
Northgate Park	CA	1
Northilla Beach	WA	1
Northlake Mobile Home Park	WA	0
Northmont Park	CA	1
Northport	WA	0
Northridge City Park	CA	1
Northridge Park	OR	1
Northridge Recreation Center	CA	1
Northridge Trail	CA	1
Northrup	WA	0
Northrup Canyon State Park	WA	1
Northrup Lake	WA	2
Northshore Campground	CA	1
Northshore Estates Park	OR	1
Northside County Park	OR	1
Northside Park	CA	1
Northside Park	OR	1
Northspur	CA	0
Northview City Park	OR	1
Northview Park	CA	1
Northwest Anchorage	CA	2
Northwest Cape	CA	2
Northwest Community Center Park	WA	1
Northwest Community Park	CA	1
Northwest Harbor	CA	2
Northwest Island	WA	2
Northwest Marin	CA	0
Northwest Mobile Home Park	WA	0
Northwest Park	CA	1
Northwest Rock	OR	2
Northwest Snohomish	WA	0
Northwest Stanwood	WA	0
Northwest Trek Wildlife Park	WA	1
Northwest Trinity	CA	0
Northwood	CA	0
Northwood	WA	0
Northwood Community Park	CA	1
Northwood Heights	CA	0
Northwood Lodge	CA	0
Northwood Tot Lot	CA	1
Northwoods	WA	0
Northwoods Park	CA	1
Norton	CA	0
Norton Hill	OR	2
Nortons	OR	0
Nortonville	CA	0
Norvell	CA	0
Norvell Pond	CA	2
Norwalk	CA	0
Norwalk Park	CA	1
Norway	OR	0
Norway Hill	WA	2
Norwegian Memorial	WA	1
Norwegian Memorial Campground	WA	1
Norwegian Point	WA	2
Norwood	OR	0
Norwood	WA	0
Norwood Island	OR	2
Norwood Village	WA	0
Nose Rock	CA	2
Nosh Nosh Wahtum	WA	2
Nosoni Mountain	CA	2
Notarb	CA	0
Notch Lake	OR	2
Notchko	CA	0
Noti	OR	0
Notleys Landing	CA	0
Nott Lake	OR	2
Nottingham Campground	OR	1
Novara	WA	0
Novato	CA	0
Novato Heights	CA	2
Novelty Hill	WA	2
Noverd	CA	0
Noyo	CA	0
Noyo Basin	CA	2
Noyo Bay	CA	2
Noyo Hill	CA	2
Nubieber	CA	0
Nuestro	CA	0
Nuevo	CA	0
Nugents Corner	WA	0
Nugget Butte	OR	2
Nugget Lakes	WA	2
Nugget Point	CA	2
Nulls Crossing	WA	0
Number 18 Island (historical)	WA	2
Number 9 Hill	WA	2
Number Eight Peak	OR	2
Number Four	CA	2
Number One	CA	2
Number Three	CA	2
Number Two	CA	2
Nunamaker Pond	OR	2
Nuss Lake	OR	2
Nustrom Park	CA	1
Nutmeg Campground	CA	1
Nutmeg Trail	CA	1
Nutter Lake	CA	2
Nuxall Lake	OR	2
Nyberg Creek Greenway	OR	1
Nye	OR	0
Nye Beach	OR	1
Nyland	CA	0
Nyssa	OR	0
Nyssa Heights	OR	0
Nüümü Hu Hupi	CA	2
O A Lake	OR	2
O Byrne Ferry Historical Monument	CA	1
O C & E Woods Line State Trail	OR	1
O C Brown County Park	OR	1
O Conner Lake	WA	2
O O Denny Park	WA	1
O'Bannion County Park	CA	1
O'Black Pond	OR	2
O'Brians Lake	WA	2
O'Brien	CA	0
O'Brien	OR	0
O'Brien	WA	0
O'Brien Creek Inlet	CA	2
O'Brien Hill	CA	2
O'Brien Lake	CA	2
O'Brien Lake	WA	2
O'Brien Mountain	CA	2
O'Bryant Square	OR	1
O'Conner Lake	WA	2
O'Conner Meadow	OR	2
O'Connor Lakes	CA	2
O'Donnel Park	CA	1
O'Farrell-Larkin Mini-Park	CA	1
O'Leary Mountain	OR	2
O'Meara Point	WA	2
O'Neal Island	WA	2
O'Neals	CA	0
O'Neil Butte	OR	2
O'Neil Corners	OR	0
O'Neil Creek Campground	CA	1
O'Neil Lake	WA	2
O'Neil Park	CA	1
O'Neil Peak	WA	2
O'Neil Place	CA	0
O'Neill Butte	OR	2
O'Neill Forebay Wildlife Area	CA	1
O'Neill Park	CA	1
O'Toole Lake	WA	2
O'Toole Mountain	WA	2
O-A Hill	OR	2
OC&E Woods Line State Trail	OR	1
OK Butte	OR	2
Oak Academy Park	CA	1
Oak Acres Mobile Home Park	WA	0
Oak Avenue Playground	CA	1
Oak Bay	WA	2
Oak Bay Park	WA	1
Oak Bottom Campground	CA	1
Oak Bottom Campround	CA	1
Oak Brook Park	CA	1
Oak Camp	CA	1
Oak Campsite	CA	1
Oak Canyon Community Park	CA	1
Oak Canyon Nature Center	CA	1
Oak Cliff	CA	2
Oak Cove	CA	2
Oak Creek Campground	CA	1
Oak Creek City Park	OR	1
Oak Creek State Wildlife Area	WA	1
Oak Flat Campground	CA	1
Oak Flat Peak	CA	2
Oak Gardens Estates	CA	0
Oak Glen	CA	0
Oak Glen Conservation Camp	CA	1
Oak Glen Divide Trail	CA	1
Oak Glen Park	CA	1
Oak Glen Peak	CA	2
Oak Green Park	CA	1
Oak Grove	CA	0
Oak Grove	OR	0
Oak Grove Butte	OR	2
Oak Grove Campground	CA	1
Oak Grove County Park	OR	1
Oak Grove Park	CA	1
Oak Grove Regional Park	CA	1
Oak Grove Stage Station Historical Marker	CA	1
Oak Grove Trail	CA	1
Oak Grove Truck Trail	CA	1
Oak Harbor	WA	0
Oak Haven Estates	CA	0
Oak Head	WA	2
Oak Hill	CA	0
Oak Hill	OR	2
Oak Hill	WA	2
Oak Hill City Park	CA	1
Oak Hill Park	CA	1
Oak Hills	CA	0
Oak Hills	OR	0
Oak Hollow Mobile Home Park	WA	0
Oak Island	OR	2
Oak Island	WA	2
Oak Island Park	OR	1
Oak Knob	CA	2
Oak Knoll	CA	0
Oak Knoll Campground	CA	1
Oak Knoll Park	CA	1
Oak Knoll Pioneer Memorial Park	CA	1
Oak Knoll Recreation Area	CA	1
Oak Knoll Tot Lot	OR	1
Oak Knolls	CA	2
Oak Lake	CA	2
Oak Lake	WA	2
Oak Leaf Island	CA	2
Oak Manor Park	CA	1
Oak Meadow Park	CA	1
Oak Mountain	CA	2
Oak Mountain	OR	2
Oak Oasis County Park	CA	1
Oak Park	CA	0
Oak Park	OR	0
Oak Park	WA	0
Oak Park Estates	CA	0
Oak Patch Lake	WA	2
Oak Patch Natural Area Preserve	WA	1
Oak Point	CA	2
Oak Point	WA	0
Oak Point (historical)	OR	2
Oak Ridge Lake	OR	2
Oak Ridge Mobile Estates	CA	0
Oak Riparian Park	CA	1
Oak Rock County Park	OR	1
Oak Run	CA	0
Oak Shores	CA	0
Oak Spring Trail	CA	1
Oak Street Park	OR	1
Oak Tree Park	CA	1
Oak Tree Park	OR	1
Oak Valley	CA	0
Oak Valley Park	CA	1
Oak View	CA	0
Oak View Center Park	CA	1
Oak View Park	CA	1
Oak Village	CA	0
Oak Way Park	CA	1
Oak del Park	CA	1
Oakbar	CA	0
Oakbrook Community Park	CA	1
Oakbrook Regional Park	CA	1
Oakcrest County Park	CA	1
Oakdale	CA	0
Oakdale	OR	0
Oakdale Park	CA	1
Oakdale Recreation Area	CA	1
Oakdale Rodeo Grounds	CA	1
Oaken Hills Memorial Park	OR	1
Oakerman Butte	OR	2
Oakes Peak	WA	2
Oakesdale	WA	0
Oakhill Park	CA	1
Oakhurst	CA	0
Oakhurst Community Park	CA	1
Oakhurst Park	CA	1
Oakhurst-North Fork	CA	0
Oakie Bear Campground	CA	1
Oakland	CA	0
Oakland	OR	0
Oakland	WA	0
Oakland Bay	WA	2
Oakland Camp	CA	1
Oakland Inner Harbor	CA	2
Oakland Middle Harbor	CA	2
Oakland Outer Harbor	CA	2
Oakland Pond	CA	2
Oakland Recreation Camp	CA	1
Oakland's Fish Camp Boat Launch	OR	1
Oaklawn	OR	0
Oakley	CA	0
Oakley Park	CA	1
Oakmont City Park	OR	1
Oakridge	OR	0
Oakridge Manor Mobile Home Park	WA	0
Oakridge Ranches	CA	0
Oaks	CA	0
Oaks	OR	0
Oaks Avenue Pioneer Park	CA	1
Oaks Bottom Wildlife Refuge	OR	1
Oaks Mobile Home And Recreational Vehicle Park	CA	0
Oaks Mobile Home Park	WA	0
Oaks Park (historical)	CA	1
Oakville	CA	0
Oakville	WA	0
Oakwide Picnic Area	CA	1
Oakwood Playground	CA	1
Oakwood Recreation Center	CA	1
Oakzanita Peak	CA	2
Oakzanita Springs Campground	CA	1
Oasis	CA	0
Oasis Butte	OR	2
Oasis Mobile Home Park	CA	0
Oasis Park	CA	1
Oasis Park	WA	1
Oasis Water Park	CA	1
Oat Butte	OR	2
Oat Hill	CA	2
Oat Knob	CA	2
Oat Mountain	CA	2
Oatfield	OR	0
Oatfield Hill	OR	2
Oatman Lake	OR	2
Oats Peak	CA	2
Oats Peak Trail	CA	1
Oban	CA	0
Obelisk Lake	CA	2
Obenchain Mountain	OR	2
Ober Park	WA	1
Oberg Lake	WA	2
Obiaque Water Hole	OR	2
Obie	CA	0
Obregon	CA	0
Obregon Park	CA	1
Obscurity Lake	WA	2
Observation Berryfield Campground	WA	1
Observation Peak	CA	2
Observation Peak	OR	2
Observation Peak	WA	2
Observation Peak Trail	WA	1
Observation Rock	WA	2
Observatory Campground	CA	1
Observatory Hill	CA	2
Observatory Point	WA	2
Obsidian Butte	CA	2
Obsidian Campground	CA	1
Obsidian Cliffs	OR	2
Obsidian Dome	CA	2
Obsidian Flat Group Campground	CA	1
Obsidian Trail	OR	1
Obstruction Island	WA	2
Obstruction Peak	WA	2
Occidental	CA	0
Occidental Peak	CA	2
Ocean Avenue Park	CA	1
Ocean Beach	CA	1
Ocean Beach City Beach	CA	1
Ocean Beach Community Park	CA	1
Ocean Beach Park	CA	1
Ocean Beach Recreation Center	CA	1
Ocean City	WA	0
Ocean City State Park	WA	1
Ocean Cove	CA	2
Ocean Grove	WA	0
Ocean Hills	CA	0
Ocean Knoll Park	CA	1
Ocean Lake	CA	2
Ocean Lake Loop	CA	1
Ocean Park	CA	0
Ocean Park	OR	0
Ocean Park	WA	0
Ocean Roar	CA	0
Ocean Shores	WA	0
Ocean Shores Airport State Wildlife Area	WA	1
Ocean View Mobile Home Park	WA	0
Ocean View Park	CA	1
Ocean View Recreation Center	CA	1
Ocean View Summit	CA	2
Ocean View Trail	CA	1
Oceano	CA	0
Oceano Beach	CA	0
Oceano Campground	CA	1
Oceano Dunes Natural Preserve	CA	1
Oceano Dunes State Vehicular Recreation Area	CA	1
Oceano Memorial Park	CA	1
Oceanside	CA	0
Oceanside	OR	0
Oceanside	WA	0
Oceanside Beach State Recreation Site	OR	1
Oceanside City Beach	CA	1
Oceanside-Escondido	CA	0
Oceanview	WA	0
Oceanview Park	CA	1
Ochoco Butte	OR	2
Ochoco Creek Park	OR	1
Ochoco Lake State Park	OR	1
Ochoco Reservoir Public Fishing Area	OR	1
Ochoco State Park	OR	1
Ockenden	CA	0
Ocosta	WA	0
Ocotillo	CA	0
Ocotillo Wells	CA	0
Ocotillo Wells State Vehicular Recreation Area	CA	1
Octol	CA	0
Octopuc Trees Trail	CA	1
Odair	WA	0
Odd Fellows High Sierra Park	CA	1
Odd Fellows Park	CA	0
Odd Fellows Rebekah Youth Camp	CA	1
Oddstad City Park	CA	1
Odell	OR	0
Odell Butte	OR	2
Odell Lake	CA	2
Odell Lake	OR	0
Odessa	OR	0
Odessa	WA	0
Odessa Campground Boat Launch	OR	1
Odlin County Park	WA	1
Odlin County Park Campground	WA	1
Oeste Park	CA	1
Off Rock	CA	2
Offenbacher Point	OR	2
Officer Butte	OR	2
Officers Row	WA	0
Offield Mountain	CA	2
Offutt Lake	WA	0
Ogaromtoc Lake	CA	2
Ogden Group Camp	OR	1
Ogden Hill	OR	2
Ogden Hill	WA	2
Ogilby	CA	0
Ogilvie Island	CA	2
Oh Boy Forest Camp	OR	1
Oh! Ridge Campground	CA	1
Ohanapecosh Campground	WA	1
Ohio Hill	CA	2
Ohlers Island	WA	2
Ohlone Coastal Cultural Preserve	CA	1
Ohlone Park	CA	1
Ohlone Playground	CA	1
Ohm	CA	0
Ohop	WA	0
Ohop Bob	WA	0
Ohop Creek Ponds	WA	2
Ohop Lake	WA	2
Oil City	CA	0
Oil City	WA	0
Oil Junction	CA	0
Oil Piers Beach	CA	1
Oildale	CA	0
Oiler Peak	CA	2
Oilfields	CA	0
Ojai	CA	0
Ojai Valley Estates Mobile Home Park	CA	0
Ojai-Mira Monte	CA	0
Ojala	CA	0
Ojibway Knoll	WA	2
Ojito Campground	CA	1
Okanogan	WA	0
Okanogan State Wildlife Area	WA	1
Okell Hill	CA	2
Oki Park	CA	1
Oklahoma Campground	WA	1
Oklahoma Hill	OR	0
Oklahoma Trail	WA	1
Olaine Lake	CA	2
Olalla	OR	0
Olalla	WA	0
Olalla Bay	WA	2
Olalla Reservoir City Park	OR	1
Olallie Butte	OR	2
Olallie Creek Campground Boat Ramp	OR	1
Olallie Lake	OR	2
Olallie Lake	WA	2
Olallie Lake Campground	WA	1
Olallie Lake Campground Boat Ramp	OR	1
Olallie Mountain	OR	2
Olallie State Park	WA	1
Olallie Trail	OR	1
Olancha	CA	0
Olancha Peak	CA	2
Olcott	CA	0
Old Adobe	CA	0
Old Alameda Point	CA	2
Old Auburn Historic District	CA	1
Old Bailey Place	CA	0
Old Baldy	CA	2
Old Baldy	OR	2
Old Baldy	WA	2
Old Baldy Council Camp	CA	1
Old Baldy Mountain	WA	2
Old Baldy Trail	OR	1
Old Blue	OR	2
Old Blue Mountain	OR	2
Old Bretz Mill	CA	0
Old Burn Way	OR	1
Old Butte	WA	2
Old Camp	CA	1
Old Camp Brix	WA	1
Old Camp One	CA	1
Old Camp Pond	OR	2
Old Camp Seven	CA	1
Old Camp Warner	OR	1
Old Canemah City Park	OR	1
Old Channel	OR	2
Old Channel	WA	2
Old Colton	OR	0
Old Copper Hill	WA	2
Old Corral	CA	0
Old Court House Square	CA	1
Old Cow Creek Campground	CA	1
Old Craggy	CA	2
Old Dad Mountain	CA	2
Old Dale	CA	0
Old Desolate	WA	2
Old Desolation Driveway Trail	OR	1
Old Dominion Mountain	WA	2
Old Douglas	WA	2
Old Ellensburg Trail	WA	1
Old Emigrant Trail	CA	1
Old Emigrant Trail Historical Marker	CA	1
Old Fairview	OR	2
Old Fig Garden	CA	0
Old Flight Line Trail	CA	1
Old Forbestown	CA	0
Old Forest Camp	OR	1
Old Fort Jim	CA	0
Old Fort Jim Historical Marker	CA	1
Old Fort Lake	WA	2
Old Fort Townsend State Park	WA	1
Old Garlock	CA	0
Old George Mountain	CA	2
Old Gib Mountain	WA	2
Old Gilroy	CA	0
Old Green Burney Camp	CA	1
Old Guard Peak	WA	2
Old Hatchery Lake	WA	2
Old Highlands Park	CA	1
Old Hilltown	CA	0
Old Hopland	CA	0
Old Hotchkiss Road Jeep Trail	OR	1
Old Hulbert Place	CA	0
Old Inspiration Point	CA	2
Old Iron Mountain	CA	2
Old Ironsides County Park	CA	1
Old Kettle Falls Recreation Site	WA	1
Old Lassen Trail	CA	1
Old Maid Mountain	WA	2
Old Mammoth	CA	0
Old Man Camp	OR	1
Old Man Campground	CA	1
Old Man House State Park	WA	1
Old Man Mountain	CA	2
Old McKenzie Fish Hatchery County Park	OR	1
Old Meadows Park	CA	1
Old Mill Camp	OR	1
Old Mill Campground	CA	1
Old Mill Park	CA	1
Old Mill Park	WA	1
Old Mill Park Mobile Home Park	CA	0
Old Mill Site Park	OR	1
Old Oakland Historic District	CA	1
Old Orchard Park	CA	1
Old Oregon Trail Monument	OR	1
Old Ornbaun Hot Springs	CA	0
Old Out Road Trail	CA	1
Old Overland Stage Route	CA	1
Old Pasadena Historic District	CA	1
Old Pine Trail	CA	1
Old Pinnacles Trail	CA	1
Old Pino	CA	0
Old Pipe Lake	CA	2
Old Point Comfort	CA	0
Old Poway Park	CA	1
Old Red Rock Place	CA	0
Old Reservoir Park	CA	1
Old River	CA	0
Old Riverview Historic District	CA	1
Old Rocky Peak	CA	2
Old Royal	WA	0
Old Sacramento Historic District	CA	1
Old Sacramento State Historic Park	CA	1
Old Saint Hilarys Historic Preserve	CA	1
Old Scab Mountain	WA	2
Old Schaeffer Camp	CA	1
Old School Park	CA	1
Old Shady Rest Campground	CA	1
Old Ski Hill	CA	2
Old Sled Trail	CA	1
Old Snowy Mountain	WA	2
Old Spanish Trail	CA	1
Old Stage Day Camp	CA	1
Old Stage Route	CA	1
Old Stanford Wood Camp	CA	1
Old Station	CA	0
Old Station Campground	CA	1
Old Tacoma	WA	0
Old Timers Park	CA	1
Old Tioga Camp	OR	1
Old Toroda	WA	0
Old Town	CA	0
Old Town	OR	0
Old Town	WA	0
Old Town Lagoon	WA	2
Old Town Mountain	WA	2
Old Town Park	CA	1
Old Town San Diego Historic District	CA	1
Old Town San Diego State Historic Park	CA	1
Old Town State Historic Landmark	CA	1
Old Tree Trail	CA	1
Old Trolley Barn Park	CA	1
Old Trout Farm Trail	CA	1
Old Veteran Trail	CA	1
Old Wauconda	WA	0
Old Woman Mountains Wilderness	CA	1
Oldenburg Lake	OR	2
Olds	WA	0
Ole Hammer Park	CA	1
Oleander	CA	0
Oleander Park	CA	1
Olele Point	WA	2
Olema	CA	0
Olema	WA	0
Olema Marsh	CA	2
Olene	OR	0
Olequa	WA	0
Oleum	CA	0
Olex	OR	0
Oleys Lake	WA	2
Olga	CA	0
Olga	WA	0
Olga Marine State Park	WA	1
Olinda	CA	0
Olinger Pool Park	OR	1
Olivas Adobe Historical Park	CA	1
Olivas Park	CA	1
Olive Avenue Recreation Center	CA	1
Olive Bowl Park	CA	1
Olive Butte	OR	2
Olive Dale Park	CA	1
Olive Grove Park	CA	1
Olive Hill	CA	0
Olive Hills Park	CA	1
Olive Lake	CA	2
Olive Lake	OR	2
Olive Lake Camp	OR	1
Olive Lawn Memorial Park	CA	1
Olive Park	CA	1
Olivehurst	CA	0
Oliver Butte	OR	2
Oliver Lake	CA	2
Oliver Lake	OR	2
Oliver Lake	WA	2
Oliver Lake (historical)	CA	2
Oliver Rock	CA	2
Olivera Park	CA	1
Olivewood Mini Park	CA	1
Olivine Bridge Natural Area Preserve	WA	1
Olivine Hill	WA	2
Ollason Trail	CA	1
Olmstead Place State Park	WA	1
Olmstead Point	CA	2
Olmsted Place Park	CA	1
Olney	OR	0
Olney Lake	WA	2
Olo Mountain	WA	2
Olompali State Historic Park	CA	1
Olsen Park	CA	1
Olson Hill	WA	2
Olson Lake	WA	2
Olson Mountain	CA	2
Olson Mountain	OR	2
Olson Peak	WA	2
Olson Pond	CA	2
Olson Wetlands	OR	1
Olympia	CA	0
Olympia	WA	0
Olympia Marsh	WA	2
Olympic Hot Springs	WA	0
Olympic National Park	WA	1
Olympic Sculpture Park	WA	1
Olympic State Wildlife Area	WA	1
Olympic Trail	WA	1
Olympic Valley	CA	0
Olympic View	WA	0
Olympic View Mobile Home Park	WA	0
Olympic View Mobile Manor	WA	0
Olympic Wilderness	WA	1
Omaha Parkway	OR	1
Omak	WA	0
Omak Lake	WA	2
Omak Mountain	WA	2
Omans	WA	0
Omega	CA	0
Omelveny Park	CA	1
Omenoku Point	CA	2
Omira	CA	0
Omo Ranch	CA	0
Omus	CA	0
Ona	OR	0
Ona Beach	OR	1
Ona Beach State Park	OR	1
Onalaska	WA	0
Onamac Point	WA	2
One Acre Lake	WA	2
One Bee Camp	CA	1
One Hawkeye Mobile Home Park	WA	0
One Hundred Ninth Street Recreation Center	CA	1
One Hundred Palms	CA	0
One Hundred Thirty - Eighth Park Mobile Estates	WA	0
One Lake	WA	2
Oneatta Point	OR	2
Oneida	WA	0
Oneida Lake	CA	2
Onemile Camp	CA	1
Onemile Lake	CA	2
Onion Butte	CA	2
Onion Camp	CA	1
Onion Camp	OR	1
Onion Creek	WA	0
Onion Creek Campground	CA	1
Onion Creek Trail	OR	1
Onion Knoll	OR	2
Onion Lake	CA	2
Onion Meadow Peak	CA	2
Onion Mountain	CA	2
Onion Mountain	OR	2
Onion Mountain	WA	2
Onion Peak	OR	2
Onion Pond (historical)	CA	2
Onion Summit	CA	2
Onion Valley Campground	CA	1
Onizuka Park	CA	1
Ono	CA	0
Onslow	WA	0
Ontario	CA	0
Ontario	OR	0
Ontario Heights	OR	0
Ontario Island	OR	2
Ontario Park	CA	1
Ontario Peak	CA	2
Ontario Peak Trail	CA	1
Ontario State Park	OR	1
Onyx	CA	0
Onyx Peak	CA	2
Opal Butte	OR	2
Opal City	OR	0
Opal Cliffs	CA	0
Opal Creek Trail	OR	1
Opal Creek Wilderness	OR	1
Opal Hill	CA	2
Opal Lake	OR	2
Opal Lake	WA	2
Opal Mountain	CA	2
Opal Mountain	OR	2
Opal Pool	OR	2
Opal Staniek Tot Lot	CA	1
Opdyke Cow Camp	CA	1
Opdyke Hill	CA	2
Open Bay	WA	2
Open Space Sequence	OR	1
Open Valley Waterhole Number Three	OR	2
Ophir	CA	0
Ophir	OR	0
Ophir	WA	0
Ophir Beach	OR	1
Ophir Hill	CA	2
Ophir Hill Acres	CA	0
Ophir Mountain	CA	2
Ophir Mountain	OR	2
Oppenlander Field	OR	1
Ora	CA	0
Ora Bolmeier City Park	OR	1
Ora Lake	CA	2
Ora Loma Marsh	CA	2
Orange	CA	0
Orange Avenue Junction	CA	0
Orange Blossom Recreation Area	CA	1
Orange County Fairgrounds	CA	1
Orange Cove	CA	0
Orange Crest Number 2 Park	CA	1
Orange Grove Park	CA	1
Orange Street Mini Park	CA	1
Orangethorpe School Park	CA	1
Orangevale	CA	0
Orangevale Community Park	CA	1
Orangevale Park	CA	1
Orangewood Park	CA	1
Orcas	WA	0
Orcas Island	WA	2
Orcas Knob	WA	2
Orcas Park	CA	1
Orchams	CA	0
Orchard	CA	0
Orchard Bay	CA	2
Orchard Bluff	WA	2
Orchard Bluff Mobile Home Park	WA	0
Orchard Camp	CA	1
Orchard Grove	WA	0
Orchard Heights	WA	0
Orchard Heights City Park	OR	1
Orchard Intramural Field	CA	1
Orchard Lane Mobile Home Park	CA	0
Orchard Park	CA	1
Orchard Park	OR	1
Orchard Peak	CA	2
Orchard Point	OR	2
Orchard Point	WA	2
Orchard Point County Park	OR	1
Orchard Prairie	WA	0
Orchard Rocks	WA	2
Orchard Springs Campground	CA	1
Orchard Trail	CA	1
Orchard Trailer Park	WA	0
Orchards	WA	0
Orchid Camp	OR	1
Orchid Lake	CA	2
Orcutt	CA	0
Orcutt Ranch Horticultural Center Park	CA	1
Ord Mountain	CA	2
Ordbend	CA	0
Ordbend County Park	CA	1
Ordway	CA	0
Ore'q	CA	0
Oredson Todd Woods	OR	1
Oregon Badlands Wilderness	OR	1
Oregon Bar (historical)	CA	2
Oregon Butte	OR	2
Oregon Butte	WA	2
Oregon Caves National Monument and Preserve	OR	1
Oregon Caves Trail	OR	1
Oregon City	CA	0
Oregon City	OR	0
Oregon Dunes National Recreation Area	OR	1
Oregon Electric Right of Way Path	OR	1
Oregon End Table	OR	2
Oregon Grape Trail	CA	1
Oregon Gulch Camp	OR	1
Oregon Hill	OR	2
Oregon House	CA	0
Oregon Island	OR	2
Oregon Islands National Wildlife Refuge	OR	1
Oregon Islands Wilderness	OR	1
Oregon Lake	OR	2
Oregon Mine Camp	OR	1
Oregon Mountain	CA	2
Oregon Mountain	OR	2
Oregon Park	CA	1
Oregon Park	OR	1
Oregon Peak	CA	2
Oregon State Capitol State Park	OR	1
Oregon State Fairgrounds	OR	1
Oregon Trail	OR	1
Oregon Trail Arboretum	OR	1
Oregon Trail City Park	OR	1
Oregon Trail Historical Monument	OR	1
Oregon Trail Monument	OR	1
Oregon Zoo	OR	1
Orejana Rim	OR	2
Orenco	OR	0
Orestimba Peak	CA	2
Oretown	OR	0
Orford	CA	0
Orick	CA	0
Orick Hill	CA	2
Orient	OR	0
Orient	WA	0
Orillia	WA	0
Orin	WA	0
Orinda	CA	0
Orinda Oaks Park	CA	1
Orinda Village	CA	0
Oriole Campground	WA	1
Oriole Lake	CA	2
Orita	CA	0
Orizaba Park	CA	1
Orland	CA	0
Orland Buttes	CA	2
Orland Buttes Recreation Area	CA	1
Orleans	CA	0
Orleans Flat	CA	0
Orleans Mountain	CA	2
Orleans Natural Area	OR	1
Orloff Park	CA	1
Ormand	CA	0
Ormond Beach	CA	1
Ormsby Campground	CA	1
Oro Bay	WA	2
Oro Fino	CA	0
Oro Fino Pond	CA	2
Oro Grande	CA	0
Oro Loma	CA	0
Orocopia Mountains Wilderness	CA	1
Oroleve	CA	0
Orondo	WA	0
Orosco Truck Trail	CA	1
Orosi	CA	0
Orosi-Cutler	CA	0
Oroville	CA	0
Oroville	WA	0
Oroville East	CA	0
Oroville Junction	CA	0
Oroville Wildlife Area	CA	1
Orphan Butte	OR	2
Orr Lake	CA	2
Orr Mountain	CA	2
Orr Park	CA	1
Orr Peak	CA	2
Orr Point	OR	2
Orris	CA	0
Orris Pond	OR	2
Orrs Springs	CA	0
Ortega	CA	0
Ortega Campground	CA	1
Ortega Campsite	CA	1
Ortega Hill	CA	2
Ortega Oaks Campground	CA	1
Ortega Park	CA	1
Ortega Rustic Campsite	CA	1
Ortega Trail	CA	1
Ortigalita Peak	CA	2
Orting	WA	0
Orting Lake	WA	2
Ortley	OR	0
Ortonville	CA	0
Orville R Lewis Park	CA	1
Orville Wright Park	CA	1
Orwig Hump	WA	2
Orwood	CA	0
Osage Park	CA	1
Osage Park	OR	1
Osaka Island	CA	2
Osborn Bay Lake	WA	2
Osborn Corner	WA	0
Osborn Hill	CA	2
Osborn Lakes	WA	2
Osborn Park	CA	1
Osborn Point	WA	2
Osborn Pond	OR	2
Osborne	CA	0
Osborne	WA	0
Osborne Corner	WA	0
Osborne Hill	CA	2
Osborne Mountain	WA	2
Osborne Mountain Trail	WA	1
Osceola	WA	0
Osceola Peak	WA	2
Osgood Swamp	CA	2
Oshkosh Mountain	OR	2
Oskams Corner	WA	0
Osma Lake	CA	2
Oso	WA	0
Oso Butte	CA	2
Oso Flaco Lake	CA	2
Oso Park	CA	1
Oso Truck Trail	WA	1
Oso-Lobo Campground	CA	1
Osoyoos Lake	WA	2
Osprey Bay	OR	2
Osprey Hill	WA	2
Osprey Lake	CA	2
Osprey Management Area	CA	1
Osprey Point	CA	2
Osprey Pond	WA	2
Oss Peak	WA	2
Ostrander	WA	0
Ostrander Lake	CA	2
Ostrander Park	CA	1
Ostrander Rocks	CA	2
Ostrich Bay	WA	2
Ostrom	CA	0
Ostrom Point	CA	2
Oswald	CA	0
Oswald West State Park	OR	1
Oswego Park	OR	1
Oswell Park	CA	1
Otay County Open Space Preserve	CA	1
Otay Lake County Park	CA	1
Otay Mesa	CA	2
Otay Mountain	CA	2
Otay Mountain Truck Trail	CA	1
Otay Mountain Wilderness	CA	1
Otay Park	CA	1
Otay River Marsh	CA	2
Otey Island	CA	2
Oteys Sierra Village	CA	0
Othello	WA	0
Otis	OR	0
Otis Mountain	OR	2
Otis Orchards	WA	0
Otis Orchards-East Farms	WA	0
Otis R Johnson Park	CA	1
Otis Roper Park	CA	1
Otso Point	WA	2
Ott Cow Camp	OR	1
Otter Crest	OR	2
Otter Crest State Park	OR	1
Otter Lake	CA	2
Otter Lake	OR	2
Otter Lake	WA	2
Otter Point	OR	2
Otter Point State Park	OR	1
Otter Rock	OR	0
Otterbein	CA	0
Ottertail Lake	OR	2
Otto Jarstad Park	WA	1
Otto Mountain	CA	2
Ottoway Lakes	CA	2
Ottoway Peak	CA	2
Oulton Point	CA	2
Our Mountain	OR	2
Ousley Park	CA	1
Outer Bay	WA	2
Outer Harbor	CA	2
Outer Harbor Entrance Channel	CA	2
Outerson Mountain	OR	2
Outingdale	CA	0
Outlaw Camp	CA	1
Outlet Creek Campground	WA	1
Outlook	WA	0
Outside Waterhole	OR	2
Oval Lake	OR	2
Oval Lakes	WA	2
Oval Peak	WA	2
Oven Lid	CA	2
Overcoat Lake	WA	2
Overcoat Peak	WA	2
Overflow Campground	CA	1
Overlake	WA	0
Overland Emigrant Trail	CA	1
Overlook City Park	OR	1
Overlook Loop Trail	OR	1
Overlook Mountain	CA	2
Overlook Park	CA	1
Overlook Trail	CA	1
Overturf Butte	OR	2
Ovington	WA	0
Owen Butte	OR	2
Owen Hill	OR	2
Owenby Hill	OR	2
Owens Butte	CA	2
Owens Butte	OR	2
Owens Camp	CA	1
Owens Camp Forest Service Station	CA	1
Owens Lake	WA	2
Owens Lake-Silver Lead Furnace Historical Marker	CA	1
Owens Marsh	WA	2
Owens Mountain	CA	2
Owens Peak	CA	2
Owens Peak Wilderness	CA	1
Owens Point	CA	2
Owens River Headwaters Wilderness	CA	1
Owens Rose Garden City Park	OR	1
Owenyo	CA	0
Owhigh Lakes	WA	2
Owl	CA	0
Owl Cabin Way	OR	1
Owl Canyon Campground	CA	1
Owl Creek Campground	WA	1
Owl Creek Meadow	OR	2
Owl Creek Spur Trail	WA	1
Owl Creek Trail	CA	1
Owl Creek Trail	OR	1
Owl Lake	CA	2
Owl Mountain	CA	2
Owl Mountain	WA	2
Owl Peak	CA	2
Owl Trail	CA	1
Owls Head	CA	2
Owsley Hogback	OR	2
Owyhee	OR	0
Owyhee Breaks	OR	2
Owyhee Butte	OR	2
Owyhee Dam Park	OR	1
Ox Hill	CA	2
Ox Road Trail	CA	1
Ox Trail	CA	1
Oxalis	CA	0
Oxbow	OR	0
Oxbow Butte	OR	2
Oxbow Regional Park	OR	1
Oxford	CA	0
Oxford Circle Park	CA	1
Oxford Mill	CA	0
Oxley	WA	0
Oxnard	CA	0
Oxnard Beach	CA	0
Oxnard Beach Park	CA	1
Oxnard Shores Park	CA	1
Oyehut	WA	0
Oyehut-Hogans Corner	WA	0
Oyhut State Park	WA	1
Oyhut State Wildlife Area	WA	1
Oyster Bay	WA	2
Oyster Bay Regional Shoreline	CA	1
Oyster Creek Campground	CA	1
Oyster Hill	CA	2
Oyster Lake	CA	2
Oyster Lake	WA	2
Oyster Point	CA	2
Oyster Point Park	CA	1
Oysterville	OR	0
Oysterville	WA	0
Ozena Campground	CA	1
Ozette	WA	0
Ozette Campground	WA	1
Ozette Campgrounds	WA	1
Ozette Island	WA	2
Ozette Lake	WA	2
Ozol	CA	0
Ozone Park	CA	1
P B S S P South Campground	CA	1
P Z Cervantes Park	CA	1
P-Bar Flats Campground	CA	1
PJ Lake	WA	2
PL and P Trail	CA	1
PTC/Abernethy Lane Trail	OR	1
Pa-nu Cultural Preserve	CA	1
Pablo Point	CA	2
Pablo Point Trail	CA	1
Pacer	CA	0
Pachappa Hill	CA	2
Pacheco	CA	0
Pacheco Hill	CA	2
Pacheco Peak	CA	2
Pacheco State Park	CA	1
Pacheco Valley Preserve	CA	1
Pacific	CA	0
Pacific	WA	0
Pacific Avenue Historic District	CA	1
Pacific Beach	WA	0
Pacific Beach Community Park	CA	1
Pacific Beach Park	CA	1
Pacific Beach State Park	WA	1
Pacific City	OR	0
Pacific Coast Trail, Mount Hood	OR	1
Pacific Crest National Scenic Trail	CA	1
Pacific Crest Trail	CA	1
Pacific Crest Trail Northern Terminus	WA	1
Pacific Drive Park	CA	1
Pacific Gateway Park	CA	1
Pacific Grade Summit	CA	2
Pacific Grove	CA	0
Pacific Grove Acres	CA	0
Pacific Grove Ball Park	CA	1
Pacific Grove Marine Gardens Fish Refuge	CA	1
Pacific Grove Marine Gardens Park	CA	1
Pacific Heights Park	CA	1
Pacific House	CA	0
Pacific Lake	WA	2
Pacific Mesa	CA	2
Pacific Northwest Trail	WA	1
Pacific Palisades	OR	0
Pacific Park	CA	1
Pacific Park	OR	1
Pacific Pines State Park	WA	1
Pacific Point	CA	2
Pacific Point	WA	2
Pacific Shores	CA	0
Pacific Street Linear Park	CA	1
Pacific Terrace Park	OR	1
Pacific Valley Campground	CA	1
Pacific West Mobile Home Park	WA	0
Pacifica	CA	0
Pacifico Mountain	CA	2
Packard	WA	0
Packard Creek Trail	OR	1
Packer Island	CA	2
Packer Lake	CA	2
Packer Trail	WA	1
Packers Bay	CA	2
Packers Cabin Group Camp	OR	1
Packers Peak	CA	2
Packrat Camp	WA	1
Packsaddle Campground	CA	1
Packsaddle County Park	OR	1
Packsaddle Lake	CA	2
Packsaddle Mountain	OR	2
Packsaddle Mountain Trail	OR	1
Packsaddle Trail	OR	1
Packwood	WA	0
Packwood Lake Trail	WA	1
Pacoima Park	CA	1
Paddlewheeler Boat-in Camp	CA	1
Paddock	WA	0
Paddock Butte	OR	2
Paddock Camp	OR	1
Padgetts Bluff	CA	2
Padilla Bay	WA	2
Padilla Bay National Estuarine Research Reserve	WA	1
Padre Dam Park	CA	1
Padre Francisco Garces Historical Monument	CA	1
Page	WA	0
Page Mill Pond	WA	2
Page Mountain	CA	2
Page Mountain	OR	2
Page Park	CA	1
Page Park	OR	1
Page Peaks	CA	2
Page Pond	WA	2
Pageant Park	OR	1
Paha	WA	0
Paho Campground	CA	1
Pahrump Valley Wilderness	CA	1
Paicines	CA	0
Paige	CA	0
Paige Bar	CA	0
Paine Field-Lake Stickney	WA	0
Paint Rock	WA	2
Painted Hill	CA	2
Painted Hill Trail	CA	1
Painted Hills	OR	2
Painted Hills State Park (historical)	OR	1
Painted Lady	CA	2
Painted Mountain	WA	2
Painted Rock	CA	2
Painted Rock	OR	2
Painted Rock Campground	CA	1
Painted Rock Trail	CA	1
Painted Rocks	WA	2
Painter Camp	CA	1
Paintersville	CA	0
Paisley	OR	0
Paiute Butte	OR	2
Pajaro	CA	0
Pajaro Mobile Manor	CA	0
Pajaro River Mouth Natural Preserve	CA	1
Pajuela Peak	CA	2
Pala	CA	0
Pala Mesa	CA	0
Pala Mountain	CA	2
Pala Road Park	CA	1
Palamino Park	OR	1
Palanush Butte	OR	2
Palela Bay	WA	2
Palen Lake	CA	2
Palen/McCoy Wilderness	CA	1
Palermo	CA	0
Palermo Park	CA	1
Palisade Campground	CA	1
Palisade Cliff	CA	2
Palisade Crest	CA	2
Palisade Lake	CA	2
Palisade Point	OR	2
Palisade Rocks	OR	2
Palisades	OR	2
Palisades	WA	0
Palisades Beach	CA	1
Palisades Campground	WA	1
Palisades Creek Trail	CA	1
Palisades Mobile Home Estates	WA	0
Palisades Park	CA	1
Palisades Park	WA	1
Palisades Point	CA	2
Palix State Wildlife Area	WA	1
Pallett Mountain	CA	2
Palm Beach Park	CA	1
Palm Chase Recreation Center	CA	1
Palm Desert	CA	0
Palm Desert Community Park	CA	1
Palm Desert Country	CA	0
Palm Field Park	CA	1
Palm Grove	CA	0
Palm Haven Park	CA	1
Palm Hill	CA	2
Palm Hill	OR	2
Palm Lake	WA	0
Palm Lane Park	CA	1
Palm Mesa	CA	2
Palm Park	CA	1
Palm Park	WA	1
Palm Ridge Park	CA	1
Palm Springs	CA	0
Palm View Park	CA	1
Palm View Peak	CA	2
Palm Wells	CA	0
Palma Ceia Park	CA	1
Palmdale	CA	0
Palmdale Park	CA	1
Palmer	WA	0
Palmer Butte	OR	2
Palmer Junction	WA	0
Palmer Lake	OR	2
Palmer Lake	WA	2
Palmer Lake Campground	WA	1
Palmer Mountain	CA	2
Palmer Mountain	OR	2
Palmer Mountain	WA	2
Palmer Park	CA	1
Palmer Peak	OR	2
Palmer Pond	WA	2
Palmers Point	CA	2
Palmerton Park	OR	1
Palmetto	CA	0
Palmo	CA	0
Palms Park	CA	1
Palo Alto	CA	0
Palo Alto Hill	CA	2
Palo Cedro	CA	0
Palo Corona	CA	2
Palo Escrito Peak	CA	2
Palo Verde	CA	0
Palo Verde County Park	CA	1
Palo Verde Mesa	CA	2
Palo Verde Mountains Wilderness	CA	1
Palo Verde Peak	CA	2
Paloma	CA	0
Paloma Creek Park	CA	1
Paloma Mountain	CA	2
Paloma Playground	CA	1
Paloma del Sol Park	CA	1
Palomar Divide Truck Trail	CA	1
Palomar Mesa Campground	CA	1
Palomar Mountain	CA	0
Palomar Mountain State Park	CA	1
Palomar Park	CA	0
Palomar-Julian	CA	0
Palomares House and Park	CA	1
Palomares Park	CA	1
Palomarin Beach	CA	1
Palomino Buttes	OR	2
Palomino Hills	OR	2
Palomino Lake	OR	2
Palomino Rim	OR	2
Paloni Mountain	CA	2
Palos Verdes	CA	0
Palos Verdes Estates	CA	0
Palos Verdes Estates Shoreline Preserve	CA	1
Palos Verdes Peninsula	CA	0
Palos Verdes Peninsular Park	CA	1
Palos Verdes Point	CA	2
Palouse	WA	0
Palouse Falls State Park	WA	1
Pamelia Lake	OR	2
Pamelia Lake Trail	OR	1
Pampa	WA	0
Pampa Peak	CA	2
Pampa Pond	WA	2
Pan American Park	CA	1
Pan American Plaza	CA	1
Pan-Am Park	CA	1
Panama	CA	0
Panama Park	CA	1
Panamint	CA	0
Panamint Butte	CA	2
Panamint Springs	CA	0
Pancake Point	WA	2
Pandora	WA	0
Pangborn Lake	WA	2
Pangborn Memorial Park	WA	1
Panhandle	CA	1
Panhandle Campground	WA	1
Panhandle Lake	CA	2
Panhandle Lake	WA	2
Panjab Campground	WA	1
Panjab Trail	WA	1
Pankey Lake	OR	2
Panoche	CA	0
Panoche Hills Management Area	CA	1
Panoche Junction	CA	0
Panoche Mountain	CA	2
Panochita Hill	CA	2
Panorama Campground	CA	1
Panorama Cliff	CA	2
Panorama Dome	CA	2
Panorama Dome	WA	2
Panorama Heights	CA	0
Panorama Lake	WA	2
Panorama Mobile Home Park	WA	0
Panorama Outlook	CA	2
Panorama Park	CA	1
Panorama Point	CA	2
Panorama Point	OR	2
Panorama Point	WA	2
Panorama Point Campground	WA	1
Panorama Point County Park	OR	1
Panorama Recreation Center	CA	1
Panorama Trail	CA	1
Panoramic Trail	CA	1
Panoramic View (historical)	CA	2
Pansy Mountain	OR	2
Pantera Lago Estates Mobile Home Park	WA	0
Panther Beach	CA	1
Panther Butte	OR	2
Panther Butte	WA	2
Panther Camp	CA	1
Panther Creek Campground	CA	1
Panther Creek Campground	OR	1
Panther Creek Campground	WA	1
Panther Creek Lookout	WA	2
Panther Creek Spur	WA	1
Panther Creek Trail	WA	1
Panther Flat Campground	CA	1
Panther Lake	OR	2
Panther Lake	WA	2
Panther Leap	OR	2
Panther Meadows Campground	CA	1
Panther Mountain	OR	2
Panther Peak	CA	2
Panther Peak	OR	2
Panther Potholes	WA	2
Panther Rock	CA	2
Panther Rock	OR	2
Panther Trail	OR	1
Panum Crater	CA	2
Paoha Island	CA	2
Paoha Lake	CA	2
Papageorge Park	OR	1
Pape Place	CA	0
Papoose Arm	CA	2
Papoose Hill	CA	2
Papoose Lake	CA	2
Papoose Lake	OR	2
Papoose Lakes	OR	2
Papoose Peak	CA	2
Par Value Lakes	CA	2
Para Lake	WA	2
Parachute Pond	OR	2
Paradis Peak	WA	2
Paradise	CA	0
Paradise	OR	0
Paradise	WA	0
Paradise Bay	CA	2
Paradise Beach County Park	CA	1
Paradise Camp	CA	1
Paradise Camp	OR	1
Paradise Campground	CA	1
Paradise Campground Boat Ramp	OR	1
Paradise Cay	CA	0
Paradise County Park	CA	1
Paradise Cove	CA	2
Paradise Cove	WA	2
Paradise Cove Campground	CA	1
Paradise Craggy	CA	2
Paradise Creek Campground	WA	1
Paradise Hill	WA	0
Paradise Hills Park	CA	1
Paradise Lake	CA	2
Paradise Lake	OR	2
Paradise Lake	WA	2
Paradise Lakes	WA	2
Paradise Memorial Park	CA	1
Paradise Mobile Home Park	WA	0
Paradise Mountain	CA	2
Paradise Mountain	OR	2
Paradise Park	CA	0
Paradise Park	OR	0
Paradise Park Trail	OR	1
Paradise Peak	CA	2
Paradise Peak	WA	2
Paradise Point	CA	2
Paradise Point	WA	2
Paradise Point State Park	OR	1
Paradise Point State Park	WA	1
Paradise Springs	CA	0
Paradise Trail	CA	1
Paradise Trail	OR	1
Paradise Trail	WA	1
Paradise Valley Park	CA	1
Paradise Valley Park and Recreation Center	CA	1
Paragon Lake	OR	2
Paramount	CA	0
Paramount Park	CA	1
Paramount Park	WA	0
Parasol Butte	OR	2
Parayne Hill	CA	2
Parchers Camp	CA	1
Parchester Marsh	CA	2
Parchester Park	CA	1
Parchester Playfield	CA	1
Parcourse Park (historical)	OR	1
Pardaloe Peak	CA	2
Pardee Park	CA	1
Pardee Reservoir Recreation Area	CA	1
Pardoe Lake	CA	2
Parejo Hill	CA	2
Paris	CA	0
Paris	OR	0
Paris Lake	CA	2
Parish Camp	CA	1
Parish Lake	OR	2
Park Boulevard Plaza	CA	1
Park Butte	OR	2
Park Butte	WA	2
Park Campground	OR	1
Park Campground	WA	1
Park Cleone City Park	OR	1
Park Cliffs	WA	2
Park Creek Campground	WA	1
Park Creek Campsite	WA	1
Park Creek Pass Trail	WA	1
Park Creek Recreation Site	OR	1
Park De La Cruz	CA	1
Park E	CA	1
Park F	CA	1
Park Hill	CA	0
Park Junction	WA	0
Park Lake	OR	2
Park Lake	WA	2
Park Lakes	WA	2
Park Marsh	WA	2
Park Moabi	CA	1
Park Number Five	CA	1
Park Number Three	CA	1
Park Oaks	CA	1
Park Place	OR	0
Park Place City Park	OR	1
Park Place Estates Manufactured Home Park	WA	0
Park Rapids	WA	0
Park Saddle Trail	OR	1
Park Sierra Mobile Home Park	CA	0
Park Street Historic Commerical District	CA	1
Park Trail	OR	1
Park Villa Mobile Home Estates	CA	0
Park Village	CA	0
Park West Park	CA	1
Park at Merryfield	OR	1
Parkdale	OR	0
Parkdale County Park	OR	1
Parker	OR	0
Parker	WA	0
Parker Bluffs	CA	2
Parker Butte	WA	2
Parker Camp	CA	1
Parker Camp Trail	CA	1
Parker Dam	CA	0
Parker Hills	OR	2
Parker Horn	WA	2
Parker Junction	CA	0
Parker Lake	CA	2
Parker Lake	WA	2
Parker Landing Light	WA	0
Parker Meadow	OR	2
Parker Meadow Stock Driveway	CA	1
Parker Mesa	CA	2
Parker Mountain	CA	2
Parker Mountain	OR	2
Parker Mountain	WA	2
Parker Pass Lake	CA	2
Parker Peak	CA	2
Parkersburg	OR	0
Parkersville	WA	0
Parkfield	CA	0
Parkfield Junction	CA	0
Parkhill	CA	0
Parking Lot Marsh	OR	2
Parkinson Peak	CA	2
Parkland	WA	0
Parkland Mobile Village	WA	0
Parklane City Park	OR	1
Parklane Court Mobile Home Park	WA	0
Parklane Mobile Estates	WA	0
Parklawn Park	CA	1
Parks Bay	WA	2
Parks Hill	CA	2
Parksdale	CA	0
Parkside Aquatic Park	CA	1
Parkside Park	CA	1
Parkview Playground	CA	1
Parkway	CA	0
Parkway Oak Park	CA	1
Parkway Park	CA	1
Parkway Park	WA	1
Parkway Village Mobile Home Park	WA	0
Parkway-South Sacramento	CA	0
Parkwood	CA	0
Parkwood	WA	0
Parkwood Lane Mobile Home Park	WA	0
Parkwood Manor Mobile Home Park	WA	0
Parkwood Mobile Home Community	WA	0
Parkwood Mobile Village	WA	0
Parkwood Park	CA	1
Parlier	CA	0
Parlier-Del Rey	CA	0
Parlin Fork Conservation Camp	CA	1
Parma Park	CA	1
Parmenter Park	CA	1
Parnell Park	CA	1
Paroli Homesite Campground	CA	1
Parque Culiacan	CA	1
Parque De Los Pobladores	CA	1
Parque De Los Vaqueros	CA	1
Parque Del Arroyo Verde	CA	1
Parque Del Mar	CA	1
Parque Xalapa	CA	1
Parque de Los Ninos	CA	1
Parramore Springs	CA	0
Parrett Mountain	OR	2
Parrett Mountain Access	OR	1
Parrish Peak	WA	2
Parrot Point	CA	2
Parrott Creek Park	OR	1
Parrott Crossing	WA	0
Parsley Bar Trail	CA	1
Parsnip Lakes	OR	2
Parsnip Peak	OR	2
Parsnip Swamp	WA	2
Parsons Landing	CA	1
Parsons Peak	CA	2
Parthenia Park	CA	1
Partin Butte	OR	2
Partington Cove	CA	2
Partington Point	CA	2
Partridge Knolls Mini Park	CA	1
Parvin	WA	0
Parvin Butte	OR	2
Pasadena	CA	0
Pasadena Camp	CA	1
Pasadena Memorial Park	CA	1
Pasadena Mountain	CA	2
Pasadena Peak	CA	2
Pasatiempo	CA	0
Pasayten Peak	WA	2
Pasayten Wilderness	WA	1
Pasco	WA	0
Pasco West	WA	0
Paseo del Ray Park	CA	1
Paskenta	CA	0
Pasko Park	CA	1
Paso Nature Trail	CA	1
Paso Nogal Park	CA	1
Paso Picacho Campground	CA	1
Paso Robles	CA	0
Paso Robles Municipal Pool	CA	1
Pasola Mountain	OR	2
Pass Butte	WA	2
Pass Creek Campground	CA	1
Pass Creek County Park	OR	1
Pass Creek State Wayside (historical)	OR	1
Pass Creek Trail	OR	1
Pass Island	WA	2
Pass Lake	WA	2
Pass Trail	WA	1
Pass Valley Park	CA	1
Pasture Point Treaty Fishing Access Site	WA	1
Pat Keyes Trail	CA	1
Pat Nixon Park	CA	1
Pat Pfeifer Park	OR	1
Pat Springs Camp	CA	1
Pat Vincent Memorial Field	CA	1
Pat Williams Park	CA	1
Pataha	WA	0
Pataha Campground	WA	1
Pataniks Pushtye	WA	2
Patch	CA	0
Patch Island	OR	2
Pate Lake	OR	2
Pateros	WA	0
Pateros State Wildlife Area	WA	1
Paterson	WA	0
Patit	WA	0
Patjens Lakes	OR	2
Patjens Lakes Trail	OR	1
Patos Island	WA	2
Patricia Lake	CA	2
Patrick Creek	CA	0
Patrick Creek Campground	CA	1
Patrick Mountain	OR	2
Patrick's Point State Park	CA	1
Patricks Point	CA	0
Patriots Park	CA	1
Pats Reservoir	OR	2
Patsy Lake	OR	2
Pattern Butte	OR	2
Patterson	CA	0
Patterson Bluffs	CA	2
Patterson Field	CA	1
Patterson Lake	CA	2
Patterson Lake	WA	2
Patterson Mountain	CA	2
Patterson Mountain	OR	2
Patterson Mountain	WA	2
Patterson Park	CA	1
Patterson Tract	CA	0
Pattison Lake	WA	2
Pattison Peak	CA	2
Patton	OR	0
Patton Beach	CA	1
Patton Hill	WA	2
Patton Peak	CA	2
Patton Square City Park	OR	1
Patton Village	CA	0
Pattymocus Butte	CA	2
Patwin Park	CA	1
Pauite Campground	CA	1
Paul Bunyans Stump	WA	2
Paul C Grow Park	CA	1
Paul Griffin Park	CA	1
Paul Liddell Park	WA	1
Paul Moore Park	CA	1
Paul Mountain	WA	2
Paul Park	CA	1
Paul Peak	WA	2
Paul Peak Trail	WA	1
Paul Sevenich Boy Scout Camp	WA	1
Paula Jean Powerline Park	OR	1
Paularino Park	CA	1
Paulina	OR	0
Paulina Butte	OR	2
Paulina Lake	OR	2
Paulina Lake Campground Boat Ramp	OR	1
Paulina Marsh	OR	2
Paulina Peak	OR	2
Paulina Peak Trail	OR	1
Pauls Island	CA	2
Pauls Lake	WA	2
Pauls Point	CA	2
Pauls Slough	WA	2
Paulsell	CA	0
Paulson Place	CA	0
Pauma Valley	CA	0
Pavilion Dome	CA	2
Pawn Lakes	WA	2
Pawnee	CA	0
Pawnee Lake	OR	2
Paxton	CA	0
Paxton	WA	0
Paxton Park	CA	1
Paymaster Landing	CA	0
Payne	CA	0
Payne Cliffs	OR	2
Payne Lake	CA	2
Payne Peak	CA	2
Payne Place	CA	0
Paynes Creek	CA	0
Paynes Lake	CA	2
Paynes Peak	CA	2
Paynesville	CA	0
Payten Trail	OR	1
Pe Ell	WA	0
Peace Arch State Park	WA	1
Peace Garden	CA	1
Peace Park	OR	1
Peaceful Pines	CA	0
Peaceful Pines Campground	CA	1
Peaceful Valley	CA	0
Peaceful Valley	WA	0
Peach Hill Park	CA	1
Peach Lake	WA	2
Peachton	CA	0
Peacock Gap Neighborhood Park	CA	1
Peacock Gap Trail	CA	1
Peacock Lake	OR	2
Peacock Mountain	WA	2
Peacock Point	CA	2
Peak B	WA	2
Peak Eight	CA	2
Peak Mountain	CA	2
Peak Six	WA	2
Peak Two Trail #268	WA	1
Peaked Hill	CA	2
Peanut	CA	0
Peanut City Park	OR	1
Peanut Hump	WA	2
Peanut Lake	CA	2
Peanut Point	CA	2
Peapod Rocks	WA	2
Pear Butte	WA	2
Pear Butte Trail	WA	1
Pear Lake	CA	2
Pear Lake	OR	2
Pear Lake	WA	2
Pear Lake Camp	OR	1
Pear Point	WA	2
Pear Slough	CA	2
Pearblossom	CA	0
Pearblossom Park	CA	1
Pearce Peak	CA	2
Pearce Point	OR	2
Pearch Creek Campground	CA	1
Pearcy Island	OR	2
Peardale	CA	0
Peardon Hill	CA	2
Pearl	WA	0
Pearl Hill	WA	2
Pearl Island	WA	2
Pearl Lake	CA	2
Pearl Lake	OR	2
Pearland	CA	0
Pearrygin Lake State Park	WA	1
Pearrygin Peak	WA	2
Pearrygin Trail	WA	1
Pearse Peak	OR	2
Pearsoll Peak	OR	2
Pearson	CA	0
Pearson	WA	0
Pearson Butte	OR	2
Pearson Eddy	WA	0
Pearson Park	CA	1
Pearson Trail	OR	1
Pearsons Pond	CA	2
Pearsonville	CA	0
Peartree Bay	WA	2
Pease Hill	WA	2
Peasley Lake	OR	2
Peavine	CA	0
Peavine Camp	OR	1
Peavine Campground	CA	1
Peavine Island	WA	2
Peavine Mountain	OR	2
Pebble Bay	OR	2
Pebble Beach	CA	0
Pebble Beach	WA	0
Pebble Beach Park	CA	1
Pebble Creek Park	CA	1
Pebble Hill	OR	2
Pebble Mountain	CA	2
Pebble Springs Camp	OR	1
Pebblestone Shut-in	CA	2
Pecan Park	CA	1
Pecan Playground	CA	1
Pecan Recreation Center	CA	1
Pechanga Tribal Park	CA	1
Pecho Rock	CA	2
Peck	OR	0
Peck Park	CA	1
Peck Road Park	CA	1
Peckinpah Mountain	CA	2
Pecwan	CA	0
Peddler Hill	CA	2
Pedee	OR	0
Pedersen Park	CA	1
Pedigo	WA	0
Pedley	CA	0
Pedro Mountain	OR	2
Pedrorena Park	CA	1
Pee Wee Lake	CA	2
Peek-a-boo Lake	WA	2
Peel	OR	0
Peel Peak	CA	2
Peeler Lake	CA	2
Peep Creek Trail (historical)	OR	1
Peep Sight Peak	CA	2
Peepsight Lake	WA	2
Peepsight Mountain	WA	2
Peers Park	CA	1
Peewee Lake	OR	2
Peggler Butte	OR	2
Peggy Butte	OR	2
Peggy Lake	WA	2
Peggys Pond	WA	2
Pegleg Camp	CA	1
Pegleg Campground	CA	1
Pegleg Mountain	CA	2
Pegleg Smith Historical Marker	CA	1
Peixoto Playfield	CA	1
Pelanconi Park	CA	1
Pelch Camp	CA	1
Pelfry City Park	OR	1
Pelican Bay	CA	2
Pelican Bay	OR	2
Pelican Bay Trail	CA	1
Pelican Beach	WA	1
Pelican Butte	OR	2
Pelican Butte Trail	OR	1
Pelican City	OR	0
Pelican Hill	CA	2
Pelican Horn	WA	2
Pelican Island	CA	2
Pelican Island	OR	2
Pelican Island (historical)	CA	2
Pelican Lake	CA	2
Pelican Lake	OR	2
Pelican Mound	CA	2
Pelican Point	CA	2
Pelican Point	OR	2
Pelican Rock	CA	2
Pelican Rock	OR	2
Pelican State Beach	CA	1
Peligreen Place	CA	0
Pelkey Lake	OR	2
Pellow Place	CA	0
Pelon Campground	CA	1
Pelona Vista Park	CA	1
Pelota Park	CA	1
Peltier	CA	0
Pelton Lake	WA	2
Pelton Park	OR	1
Pelton Peak	WA	2
Pemmican Lake	CA	2
Pemmican Lake	WA	2
Pen Point	OR	2
Pen Way Trail	OR	1
Penasco Rock	CA	2
Penawawa	WA	0
Pence Mountain	CA	2
Pend Oreille State Park	WA	1
Pend Oreille Village	WA	0
Pendair Heights	OR	0
Pendair Park	OR	1
Pendant Lake	CA	2
Pendleton	OR	0
Pendleton City Park	OR	1
Pendleton Community Park	OR	1
Pendola Campground	CA	1
Pengra Mountain	OR	2
Peninsula Bay	CA	2
Peninsula Campground	CA	1
Peninsula Campground	WA	1
Peninsula Campground Boat Ramp	OR	1
Peninsula Crossing Trail	OR	1
Peninsula Day-Use Area	OR	1
Peninsula Lake	CA	2
Peninsula Mobile Park	WA	0
Peninsula Park	CA	1
Peninsula Park	OR	1
Peninsula Point	CA	2
Peninsula Point (historical)	CA	2
Peninsula Village	CA	0
Penitencia Creek County Park	CA	1
Penke Park	CA	1
Penley Lake	WA	2
Penman Peak	CA	2
Penmar Recreation Center	CA	1
Penn Athletic Area	CA	1
Penn Campground	CA	1
Penn Cove	WA	2
Penn Cove Park	WA	0
Penn Lake	OR	2
Penn Prairie	OR	2
Penn Slough	OR	2
Penn Valley	CA	0
Penner Lake	CA	2
Penney	CA	0
Penney Hill	OR	2
Penngrove	CA	0
Pennington	CA	0
Pennington Butte	OR	2
Pennington City Park	OR	1
Pennington Mountain	OR	2
Pennsylvania Park	WA	1
Pennsylvania Point	CA	2
Penny Island	CA	2
Penny Lake	WA	2
Penny Lynn Mobile Home Park	WA	0
Penny Sturdivant Park	OR	1
Penole Peak	CA	2
Penoyar	CA	0
Penoyer Lake	WA	2
Penrith	WA	0
Penrose Point	WA	2
Penrose Point State Park	WA	1
Penryn	CA	0
Pens Campground	CA	1
Pentland	CA	0
Pentland Lake	WA	2
Pentz	CA	0
Penvir	CA	0
Peoh Point	WA	2
Peola	WA	0
Peone	WA	0
Peone Creek Park	WA	1
People's Park	CA	1
Peoples Park	CA	1
Peoria	OR	0
Peoria County Park	OR	1
Peoria Mountain	CA	2
Pepoon Lake	WA	2
Pepper Camp	OR	1
Pepper Corner	CA	0
Pepper Mountain	OR	2
Pepper Park	CA	1
Pepper Tree Park	CA	1
Pepperbrook Park	CA	1
Pepperdine Camp	CA	1
Peppermint Campground	CA	1
Peppermint Creek	CA	0
Peppertree Park	CA	1
Peppertree Park	OR	1
Peppertree Playfield	CA	1
Pepperwood	CA	0
Pepperwood Grove	CA	0
Pepperwood Park	CA	1
Pepperwood Trail	CA	1
Pequino Park	CA	1
Peral	CA	0
Peralta Canyon Park	CA	1
Peralta Hacienda Park	CA	1
Peralta Park	CA	1
Perch Lake	WA	2
Percival Cove	WA	2
Percival Point	WA	2
Pereira Cove	CA	2
Perez	CA	0
Perez Cove	CA	2
Perfection Lake	WA	2
Periander Park	OR	1
Perigot Park	CA	1
Perini Hill	CA	2
Perk Lake	WA	2
Perkins Camp	CA	1
Perkins Lake	CA	2
Perkins Lake	OR	2
Perkins Lake	WA	2
Perkins Peninsula	OR	2
Perkins Peninsula County Park	OR	1
Perkins West Peak	CA	2
Perles Beach	CA	1
Pernot Mountain	OR	2
Pernot Trail (historical)	OR	1
Perpendicular Bluff	CA	2
Perrigone Memorial Park	WA	1
Perrin Island	OR	2
Perrins Field	WA	1
Perrinville	WA	0
Perris	CA	0
Perris Beach	CA	1
Perris Hill	CA	2
Perris Hill Park	CA	1
Perris Valley	CA	0
Perry	OR	0
Perry	WA	0
Perry Butte	OR	2
Perry Butte Way	OR	1
Perry Creek Campground	WA	1
Perry Lake	OR	2
Perry Lake	WA	2
Perry Mountain	CA	2
Perry Park	CA	1
Perry Point	OR	2
Perry Ridge Lake	CA	2
Perry South Campground	OR	1
Perry South Campground Boat Ramp	OR	1
Perrydale	OR	0
Perrys Corner	CA	0
Perrys Knob	CA	2
Persehone Park	CA	1
Pershing Park	CA	1
Pershing Square	CA	1
Perspiration Point	CA	2
Pescadero	CA	0
Pescadero Beach	CA	1
Pescadero Marsh Natural Preserve	CA	1
Pescadero Point	CA	2
Pescadero Rocks	CA	2
Pescadero State Beach	CA	1
Peshastin	WA	0
Peshastin Pinnacles State Park	WA	1
Petaluma	CA	0
Petaluma Adobe State Historic Park	CA	1
Petaluma Boy Scout Camp	CA	1
Petaluma Point	CA	2
Petaluma Swim Center	CA	1
Petco Park	CA	1
Pete French Round Barn State Heritage Site	OR	1
Pete Hoff Place	CA	0
Pete Lake	WA	2
Pete Moore Island	WA	2
Peter Hill	CA	2
Peter Kane Mountain	CA	2
Peter Kerr Natural Area	OR	1
Peter Kirk Memorial Park	WA	1
Peter Marshall Park	CA	1
Peter Mclntyre County Park	CA	1
Peter Pande Lake	CA	2
Peter Peak	CA	2
Peter Point	CA	2
Peter Point	WA	2
Peter Skene Ogden State Park	OR	1
Peterman Hill	CA	2
Peterman Ridge State Wildlife Area	WA	1
Peters	CA	0
Peters Butte	OR	2
Peters Canyon Regional Park	CA	1
Peters Creek Loop Trail	CA	1
Peters Mobile Home Park	WA	0
Peters Point	WA	2
Peters Pond	OR	2
Petersburg	OR	0
Petersen City Park	OR	1
Peterson Butte	OR	2
Peterson Butte	WA	2
Peterson Corner	WA	0
Peterson Lake	WA	2
Peterson Mill	CA	0
Peterson Park	CA	1
Peterson Place	CA	0
Peterson Point	OR	2
Peterson Prairie Campground	WA	1
Peterson Swamp	WA	2
Peterson Trail	WA	1
Petersons Ponds	OR	2
Petes Camp	OR	1
Petes Camp Lake	WA	2
Petes Lake	OR	2
Petes Mountain	OR	2
Petes Point	OR	2
Petes Puddle	OR	2
Petit Lake	WA	2
Petit Lake Campground	WA	1
Petit Park	CA	1
Petite Lake	WA	2
Petric County Park	OR	1
Petroglyph Lake	OR	2
Petroglyph Point Trail	CA	1
Petrolia	CA	0
Petross Sidehill	WA	2
Petticoat Mountain	CA	2
Pettijohn City Park	OR	1
Pettijohn Mountain	CA	2
Pettijohn Trail	CA	1
Pettit Hill	CA	2
Pettit Peak	CA	2
Pettit Place	CA	0
Pettits Peak	CA	2
Petty Butte	CA	2
Pettygrove City Park	OR	1
Pettyjohn Place	CA	0
Pewetole Island	CA	2
Peyrone Camp	CA	1
Peyton	WA	0
Peñon Blanco Peak	CA	2
Peñon Blanco Point	CA	2
Pfaff Park	OR	1
Pfeiffer Beach	CA	1
Pfeiffer Big Sur State Park	CA	1
Pfeiffer Falls Trail	CA	1
Pfeiffer Park	CA	1
Pfeiffer Point	CA	2
Pfeiffer Rock	CA	2
Phalon Lake	WA	2
Phalon Lake Public Fishing Area	WA	1
Phantom Bluff	OR	2
Phantom Lake	OR	2
Phantom Lake	WA	2
Phantom Peak	WA	2
Phantom Ship	OR	2
Pharmacy Hill	OR	2
Pheasant Lake	WA	2
Pheasant Park	OR	1
Phelan	CA	0
Phelan Island	CA	2
Phelps Corner	CA	0
Phelps Creek Campground	WA	1
Phil Simon Park	WA	1
Philadelphia Mountain	WA	2
Philbrick Mill	CA	0
Philbrook Lake Campground	CA	1
Philleo Lake	WA	2
Phillip Arnold Park	WA	1
Phillip Burton Memorial Beach	CA	1
Phillip Burton Wilderness	CA	1
Phillips	CA	0
Phillips	WA	0
Phillips Lake	WA	2
Phillips Ranch Park	CA	1
Phillips School Park	CA	1
Phillipsville	CA	0
Philo	CA	0
Philomath	OR	0
Philpot Campground	CA	1
Philpot Lake	CA	2
Phinney Bay	WA	2
Phinny Hill	WA	2
Phipps Lake	CA	2
Phipps Peak	CA	2
Phlox Ski Trail	OR	1
Phoca Rock	OR	2
Phoenix	OR	0
Phoenix Hill	CA	2
Phoenix Lake	CA	0
Phoenix Lake County Club Estates	CA	0
Phoenix Lake Park	CA	1
Phoenix Lake-Cedar Ridge	CA	0
Phoenix Park	CA	1
Photo Lake	OR	2
Pi-Pi Campground	CA	1
Picacho	CA	0
Picacho Mills Historic Trail	CA	1
Picacho Peak	CA	2
Picacho Peak Wilderness	CA	1
Picacho Rock	CA	2
Picacho State Recreation Area	CA	1
Picayune Lake	CA	2
Piccadilly Park	CA	1
Picchetti Ranch Area Monte Bello Open Space Preserve	CA	1
Piccolo City Park	OR	1
Pick Peak	WA	2
Pick-aw-Ish Campground	CA	1
Pickaninny Buttes	CA	2
Pickard	WA	0
Pickens Mountain	WA	2
Pickers Pond	WA	2
Picket Guard Peak	CA	2
Pickett Butte	OR	2
Pickett Lake	OR	2
Pickett Mountain	OR	2
Pickett Peak	CA	2
Pickett Peak Campground	CA	1
Pickett's Monument	WA	1
Pickhandle Point	WA	2
Pickle Camp	CA	1
Pickleweed Inlet	CA	2
Pickleweed Marsh Trail	CA	1
Pickleweed Park	CA	1
Pickwick Recreation Center	CA	1
Picnic Cove	WA	2
Picnic Island	WA	2
Picnic Lake Park	CA	1
Picnic Point	WA	0
Picnic Point Lake	WA	2
Picnic Point-North Lynnwood	WA	0
Pico	CA	0
Pico Blanco	CA	2
Pico Blanco Boy Scout Camp	CA	1
Pico Blanco Rustic Campsite	CA	1
Pico Park	CA	1
Pico Rivera	CA	0
Pico Rivera Bicentennial Park	CA	1
Pico Union Park	CA	1
Picture Lake	WA	2
Picture Point	OR	2
Picture Puzzle	CA	2
Picture Rock Island	OR	2
Pidgeon Park	OR	1
Pidgeon Point	CA	2
Pie Canyon Trail	CA	1
Piedmont	CA	0
Piedmont	WA	0
Piedmont Park	CA	1
Piedmont Recreation Center	CA	1
Piedmont Sports Field	CA	1
Piedra	CA	0
Piedra Blanca Camp	CA	1
Piedra Blanca Campsite	CA	1
Piedra Blanca National Recreation Trail	CA	1
Piedras Grandes	CA	2
Piedras Grandes Cultural Preserve	CA	1
Pier 53 Park	CA	1
Pier 65 Park	CA	1
Pier City Park	OR	1
Pierce	CA	0
Pierce	WA	0
Pierce Hill	WA	2
Pierce Island	WA	2
Pierce Lake	WA	2
Pierce Mountain	WA	2
Pierce Mountain Way	WA	1
Pierce National Wildlife Refuge	WA	1
Pierce Park	WA	1
Pierce Point	OR	2
Pierce Riffle County Park	OR	1
Piercy	CA	0
Pierini Park	CA	1
Pierpoint	CA	0
Pierpont Bay	CA	0
Pierre Lake	WA	2
Pierre Lake Campground	WA	1
Pierre Park	CA	1
Piersol Hills	WA	2
Pierson Park	CA	1
Pieta	CA	0
Piety Island Boat - In Campground Boat Landing	OR	1
Piety Knob	OR	2
Pifer	WA	0
Pig Flat Trail	CA	1
Pig Iron Mountain	OR	2
Pig Iron Trail	OR	1
Pigeon Bluff	WA	2
Pigeon Butte	OR	2
Pigeon Flat Campground	CA	1
Pigeon Hill	CA	2
Pigeon Peak	WA	2
Pigeon Point	CA	2
Pigeon Point	OR	2
Pigeon Point	WA	2
Pigeon Point Campground	CA	1
Pigeon Point Light Station State Historic Park	CA	1
Pigeon Prairie	OR	2
Pigeon Roost	CA	2
Pigeon Roost Trail	CA	1
Pigeon Springs	WA	0
Pigtail Peak	WA	2
Pika Lake	CA	2
Pika Lake	OR	2
Pike	CA	0
Pike County Peak	CA	2
Pike Field	CA	1
Pike Park	CA	1
Pikers Peak	WA	2
Pikes Camp	OR	1
Pikes Hill	WA	2
Pikes Peak	CA	2
Pikes Peak	OR	2
Pikes Point	CA	2
Pilcha (West Mesa) Cultural Preserve	CA	1
Pilcher Creek Recreation Area	OR	1
Pilchuck	WA	0
Pilchuck Bridge Campground	WA	1
Pilchuck Mobile Park	WA	0
Pile Point	WA	2
Pilgrim Terrace Park	CA	1
Pilibos Ranch	CA	0
Pilitas Mountain	CA	2
Pilkington City Park	OR	1
Pill Hill	CA	2
Pillar Lake	WA	2
Pillar Peak	OR	2
Pillar Point	CA	2
Pillar Point	WA	2
Pillar Point Recreation Area	WA	1
Pillar Rock	OR	2
Pillar Rock Island	OR	2
Pilliken	CA	0
Pilobos Management Area	CA	1
Pilot Butte	CA	2
Pilot Butte	OR	2
Pilot Butte State Scenic Viewpoint	OR	1
Pilot Hill	CA	0
Pilot Knob	CA	2
Pilot Knob	WA	2
Pilot Knob Mesa	CA	2
Pilot Lake	WA	2
Pilot Mountain	CA	2
Pilot Peak	CA	2
Pilot Pinnacle	CA	2
Pilot Point	WA	2
Pilot Ridge Trail	CA	1
Pilot Rock	CA	2
Pilot Rock	OR	0
Pilot Rock Conservation Camp	CA	1
Pilot Rock Truck Trail	CA	1
Pilots Cove	WA	2
Pilpil Butte	OR	2
Pin Oak Park	CA	1
Pinard Butte	OR	2
Pincushion Peak	CA	2
Pine	OR	0
Pine Acres	CA	0
Pine Bluff	WA	2
Pine Butte	CA	2
Pine Butte	OR	2
Pine Campground	WA	1
Pine Canyon Campground	CA	1
Pine Canyon Mobile Estates	CA	0
Pine City	OR	0
Pine City	WA	0
Pine City Campground	CA	1
Pine Cliff Campground	CA	1
Pine Cone City Park	OR	1
Pine Cove	CA	0
Pine Cove County Park	CA	1
Pine Creek	OR	0
Pine Creek Camp	CA	1
Pine Creek Campground	CA	1
Pine Creek Campground	OR	1
Pine Creek Cow Camp	OR	1
Pine Creek Mountain	OR	2
Pine Creek Trail	CA	1
Pine Creek Trail	OR	1
Pine Creek Trail	WA	1
Pine Creek Treaty Fishing Access Site	WA	1
Pine Creek Wilderness	CA	1
Pine Crest Trail	OR	1
Pine Flat	CA	0
Pine Flat Camp	CA	1
Pine Flat Campground	WA	1
Pine Flat Mountain	CA	2
Pine Glen	WA	0
Pine Glen Group Campground	CA	1
Pine Grove	CA	0
Pine Grove	OR	0
Pine Grove	WA	0
Pine Grove Campground	CA	1
Pine Grove Forestry Camp	CA	1
Pine Grove Park	CA	1
Pine Grove Youth Camp	CA	1
Pine Grove-Silver Lake	CA	0
Pine Hill	CA	0
Pine Hill	WA	2
Pine Hill State Ecological Reserve	CA	1
Pine Hills	CA	0
Pine Hollow	OR	0
Pine Hollow Campground	CA	1
Pine Hollow Picnic Area	CA	1
Pine Island	WA	2
Pine Island Beach	CA	1
Pine Kop	CA	2
Pine Lake	CA	2
Pine Lake	WA	0
Pine Lake Park	CA	1
Pine Lake State Wildlife Area	WA	1
Pine Lakes	OR	2
Pine Lakes	WA	2
Pine Land	CA	0
Pine Logging Camp	CA	1
Pine Marten Campground	CA	1
Pine Meadows Campground	OR	1
Pine Mountain	CA	2
Pine Mountain	OR	2
Pine Mountain	WA	2
Pine Mountain Camp	CA	1
Pine Mountain Campground	CA	1
Pine Mountain Club	CA	0
Pine Mountain Lodge Campsite	CA	1
Pine Mountain Trail	CA	1
Pine Needle Campground	WA	1
Pine Needle Point	CA	2
Pine Peak	CA	2
Pine Point	CA	2
Pine Point	OR	2
Pine Point Campground	CA	1
Pine Point Picnic Ground	OR	1
Pine Ridge Camp	CA	1
Pine Ridge Campground	CA	1
Pine Ridge Lake	OR	2
Pine Ridge Park	WA	1
Pine Ridge Summit	CA	2
Pine Ridge Trail	CA	1
Pine Ridge Trail	OR	1
Pine River Park	WA	1
Pine Rock	CA	2
Pine Root Spring Campground	CA	1
Pine Spring Campground	CA	1
Pine Springs Hill	CA	2
Pine Street Mobile Home Park	WA	0
Pine Terrace Mobile Home Park	WA	0
Pine Top Mountain	CA	2
Pine Town	CA	0
Pine Trail	CA	1
Pine Tree Campground	OR	1
Pine Tree Lake	WA	2
Pine Tree Park	CA	1
Pine Tree Point	WA	2
Pine Tree Pond	WA	2
Pine Valley	CA	0
Pine Valley County Park	CA	1
Pine Valley Rustic Campsite	CA	1
Pine Valley Trailer Park	CA	1
Pine Wood	CA	0
Pineaire Campground	CA	1
Pinebrook	CA	0
Pinecate Peak	CA	2
Pinecliff	WA	0
Pinecrest	CA	0
Pinecrest Camp	CA	1
Pinecrest Peak	CA	2
Pinecroft	CA	0
Pinecroft Natural Area Preserve	WA	1
Pinehurst	CA	0
Pinehurst	OR	0
Pinehurst	WA	0
Pinehurst Playground	WA	1
Pineknot Campground	CA	1
Piner Point	WA	2
Pineridge	CA	0
Pines	WA	0
Pines Mobile Home Park	WA	0
Pines Park	CA	1
Pinet Lake	OR	2
Pinetree Park	CA	1
Pinewan Lake	OR	2
Pinewood	CA	0
Pinewood Campground	CA	1
Pinewood Cove	CA	0
Pinewood Park	CA	1
Pinewood Park	OR	1
Piney Creek Campground	CA	1
Piney Mountain	CA	2
Pinezanita	CA	0
Ping	WA	0
Pingree Lake	CA	2
Pinhead Buttes	OR	2
Pinkeye Lake	CA	2
Pinkham Butte	WA	2
Pinkham Park	CA	1
Pinkley Park	CA	1
Pinkney City	WA	0
Pinnacle Cove	CA	2
Pinnacle Lake	CA	2
Pinnacle Lake	WA	2
Pinnacle Mountain	WA	2
Pinnacle Peak	CA	2
Pinnacle Peak	OR	2
Pinnacle Peak	WA	2
Pinnacle Peak Trail	WA	1
Pinnacle Point	CA	2
Pinnacle Point	OR	2
Pinnacle Ridge Trail	OR	1
Pinnacle Rock	CA	2
Pinnacles	CA	0
Pinnacles Campground	CA	1
Pinnacles National Park	CA	1
Pinnacles Wilderness	CA	1
Pinnio	CA	0
Pino Grande	CA	0
Pinoche Peak	CA	2
Pinoche Peak Trail	CA	1
Pinochle Peak	OR	2
Pinole	CA	0
Pinole Point	CA	2
Pinole Shores Park	CA	1
Pinole Valley Park	CA	1
Pinole-Hercules Little League Facility	CA	1
Pinoli Peak	CA	2
Pinon Campground	CA	1
Pinon Hills Estates	CA	0
Pinon Peak	CA	2
Pinon Pines Estates	CA	0
Pinto Lake	CA	2
Pinto Lake	OR	2
Pinto Lake City Park	CA	1
Pinto Lake County Park	CA	1
Pinto Lakes	CA	2
Pinto Mountain	CA	2
Pinto Mountain	OR	2
Pinto Mountain Way	OR	1
Pinto Mountains Wilderness	CA	1
Pinto Peak	CA	2
Pinto Ranch Recreation Area	CA	1
Pinto Rock	WA	2
Pinto Wye	CA	0
Pinus Lake	WA	2
Pinyon Crest	CA	0
Pinyon Flat Campground	CA	1
Pinyon Mountain	CA	2
Pinyon Peak	CA	2
Pinyon Pines	CA	0
Pinyon Trail	CA	1
Pioneer	CA	0
Pioneer	OR	0
Pioneer	WA	0
Pioneer Ball Park	WA	1
Pioneer Boat Basin City Park	OR	1
Pioneer Bridle Trail	OR	1
Pioneer Butte	OR	2
Pioneer Camp	CA	1
Pioneer Campground	CA	1
Pioneer City Park	OR	1
Pioneer Community Center	OR	1
Pioneer County Park	CA	1
Pioneer Courthouse Square	OR	1
Pioneer Express Trail	CA	1
Pioneer Historic Marker	CA	1
Pioneer Monument	CA	1
Pioneer Monument	OR	1
Pioneer Mountain	CA	2
Pioneer Mountain	OR	2
Pioneer Park	CA	1
Pioneer Park	OR	1
Pioneer Park	WA	1
Pioneer Point	CA	0
Pioneer Point Campground	CA	1
Pioneer Statue	OR	1
Pioneer Tollgate Campground	OR	1
Pioneer Trail	CA	1
Pioneer Trail Campground	CA	1
Pioneer Tree Trail	CA	1
Pioneer Way	OR	1
Pioneertown	CA	0
Pionne Peak	CA	2
Pipe Hill	CA	2
Pipe Lake	WA	2
Pipeline Lake	CA	2
Piper Hill	CA	2
Piper Lake	OR	2
Piper Mountain Wilderness	CA	1
Piper Park	CA	1
Piper Peak	CA	2
Pipes Campground	CA	1
Pippin Corner	CA	0
Pirate Cove	CA	2
Pirate Cove	OR	2
Pirate Trail	CA	1
Pirates Cove	CA	2
Piru	CA	0
Pisgah	CA	0
Pisgah Peak	CA	2
Pismire Camp	OR	1
Pismo Beach	CA	0
Pismo Beach City Park	CA	1
Pismo Dunes Natural Preserve	CA	1
Pismo Dunes State Park	CA	1
Pismo Invertebrate Reserve	CA	1
Pismo Lake	CA	2
Pismo Lake Ecological Reserve	CA	1
Pismo State Beach	CA	1
Pistol Butte	OR	2
Pistol Peaks	WA	2
Pistol River	OR	0
Pistol River State Park	OR	1
Pit Lakes	WA	2
Pit River Arm	CA	2
Pitas Point	CA	2
Pitch Lake	OR	2
Pitcher Mountain	WA	2
Pitcher Point	OR	2
Pitman Lake	WA	2
Pitney Butte	WA	2
Pitship Point	WA	2
Pitsua Butte	OR	2
Pitt	WA	0
Pitt Butte	OR	2
Pitt Island	WA	2
Pitt Lake	CA	2
Pitt Lake	OR	2
Pittman Lake	WA	2
Pittock Bird Sanctuary	OR	1
Pittsburg	CA	0
Pittsburg	OR	0
Pittsburg Point	CA	2
Pittsburgh Hill	CA	2
Pittville	CA	0
Piute Butte	CA	2
Piute Lake	CA	2
Piute Mountain	CA	2
Piute Mountains Wilderness	CA	1
Piute Peak	CA	2
Pixie Park	OR	1
Pixley	CA	0
Pixley National Wildlife Refuge	CA	1
Pixley Park	CA	1
Pixley Sportsman Park	WA	1
Piyau Dome	CA	2
Pizarro	WA	0
Pizona	CA	0
Piñon Hills	CA	0
Piñon Mesa	CA	2
Piñon Point	CA	2
Placentia	CA	0
Placer	OR	0
Placer Campground	CA	1
Placer County Fairgrounds	CA	1
Placer County Grove Sierra Redwoods	CA	1
Placer Lake	OR	2
Placerita Canyon State Park	CA	1
Placerita Nature Center	CA	1
Placerville	CA	0
Placerville City Park	CA	1
Placid Lake	WA	2
Plain	WA	0
Plainfield	CA	0
Plainsburg	CA	0
Plainview	CA	0
Planada	CA	0
Planada-Le Grand	CA	0
Planehaven Park	CA	1
Plank Hill	OR	2
Plano	CA	0
Plantation Mobile Home Park	WA	0
Plantation Trail	CA	1
Planters Camp	CA	1
Planz Park	CA	1
Plaskett	CA	0
Plaskett Creek Campground	CA	1
Plaskett Rock	CA	2
Plaskon Nature Trail	CA	1
Plasse	CA	0
Plaster City	CA	0
Platina	CA	0
Platt Lake	OR	2
Platt Park	CA	1
Platte Mountain	CA	2
Platts Harbor	CA	2
Plavan Park	CA	1
Play Fields Park	CA	1
Playa Lake	WA	2
Playhaven Park	OR	1
Plaza	WA	0
Plaza Andres	CA	1
Plaza Blanca	CA	1
Plaza De Cesar Chavez	CA	1
Plaza Del Hambre	CA	1
Plaza Historic District	CA	1
Plaza Lake	OR	2
Plaza One Park	CA	1
Plaza Park	CA	1
Plaza Square Park	CA	1
Plaza Trail	OR	1
Plaza Vera Cruz	CA	1
Plaza de Balboa	CA	1
Plaza de Panama	CA	1
Plaza del Mar	CA	1
Pleasant Avenue Park	CA	1
Pleasant Bay	WA	2
Pleasant Boat-In Campground	CA	1
Pleasant Grove	CA	0
Pleasant Grove House State Historic Landmark	CA	1
Pleasant Harbor	WA	2
Pleasant Harbor State Marine Park	WA	1
Pleasant Hill	CA	0
Pleasant Hill	OR	0
Pleasant Hill	WA	0
Pleasant Hill Park	CA	1
Pleasant Home	OR	0
Pleasant Lake	CA	2
Pleasant Oaks Park	CA	1
Pleasant Point	CA	2
Pleasant Valley	CA	0
Pleasant Valley	OR	0
Pleasant Valley	WA	0
Pleasant Valley Campground	CA	1
Pleasant Valley Campground	WA	1
Pleasant Valley Island	OR	2
Pleasant Valley Lake	WA	2
Pleasant Valley Manor Mobile Home Park	WA	0
Pleasant Valley Park	CA	1
Pleasant View	CA	0
Pleasant View Park	CA	1
Pleasant View Ridge Wilderness	CA	1
Pleasanton	CA	0
Pleasanton Sports and Recreation Park	CA	1
Pleasanton Tennis and Community Park	CA	1
Pleasanton Upper Playfields	CA	1
Pleasants Peak	CA	2
Pleasure Island Park	CA	1
Pleasure Point	CA	2
Pleasure Point	WA	2
Pleasure Point Beach County Park	CA	1
Pleito Creek Campsite	CA	1
Pleito Creek Rustic Campsite	CA	1
Pleyto	CA	0
Plot Butte	OR	2
Plowshare Peak	CA	2
Plug Point	CA	2
Plum Hills	OR	2
Plum Point	WA	2
Plum Trees	OR	0
Plum Valley	CA	0
Plum Valley Campground	CA	1
Plumas	CA	0
Plumas County Fairgrounds	CA	1
Plumas Eureka	CA	0
Plumas Lake	CA	0
Plumas Lake (historical)	CA	2
Plumas-Eureka State Park	CA	1
Plumb	WA	0
Plumb Lake	OR	2
Plumbago	CA	0
Plummer Hill	CA	2
Plummer Lake	WA	2
Plummer Mountain	WA	2
Plummer Park	CA	1
Plummer Peak	CA	2
Plummer Peak	WA	2
Plumosa Park	CA	1
Plunge Creek Truck Trail	CA	1
Plush	OR	0
Pluvius	WA	0
Pluvius Hill	WA	2
Plymouth	CA	0
Plymouth	WA	0
Plymouth Park	WA	1
Pocahontas Bay	WA	0
Poch Peak	WA	2
Poche Beach	CA	1
Pocket Lake	CA	2
Pocket Lake	OR	2
Pocket Lake	WA	2
Pocket Park	OR	1
Pocket Peak	CA	2
Pocket Way	OR	1
Pockett Knoll	OR	2
Podesta Camp	CA	1
Poe	CA	0
Poe Mountain	CA	2
Poe Mountain	WA	2
Poe Park	WA	1
Poffenbergers Landing	CA	0
Poges Peak	CA	2
Poggers Island	CA	2
Pogie Point Campground	CA	1
Pogonip	CA	1
Pogue Mountain	WA	2
Pogue Mountain State Wildlife Area	WA	1
Pogue Point	OR	2
Pohls Hill	WA	2
Pohono Trail	CA	1
Poinciana Park	CA	1
Poinsett Park	CA	0
Poinsettia Playground	CA	1
Poinsettia Recreation Center	CA	1
Point 3670	WA	2
Point Adams	OR	2
Point Alones	CA	2
Point Arena	CA	0
Point Arguello	CA	2
Point Avisadero	CA	2
Point Año Nuevo	CA	2
Point Bartlett	CA	2
Point Beals	WA	2
Point Beenar	CA	2
Point Bennett	CA	2
Point Blunt	CA	2
Point Blunt Rock	CA	2
Point Bolin	WA	2
Point Bonita	CA	2
Point Brown	WA	2
Point Buchon	CA	2
Point Buckler	CA	2
Point Cabrillo	CA	2
Point Cabrillo Light Station State Historic Park	CA	1
Point Campbell	CA	2
Point Campground Boat Launch	OR	1
Point Carquinez	CA	2
Point Castillo	CA	2
Point Caution	WA	2
Point Cavallo	CA	2
Point Chauncey	CA	2
Point Chehalis	WA	2
Point Colville	WA	2
Point Comfort	OR	2
Point Conception	CA	2
Point Dalco	WA	2
Point De Anza	CA	2
Point Defiance	CA	2
Point Defiance	WA	2
Point Defiance Park	WA	1
Point Delgada	CA	2
Point Diablo	CA	2
Point Disney	WA	2
Point Doughty	WA	2
Point Doughty Natural Area Preserve	WA	1
Point Dume	CA	2
Point Dume Natural Preserve	CA	1
Point Dume State Beach	CA	1
Point Edith	CA	2
Point Ellice	WA	2
Point Emmet	CA	2
Point Estero	CA	2
Point Evans	WA	2
Point Fermin	CA	2
Point Fermin Marine Life Refuge	CA	1
Point Fermin Park	CA	1
Point Fosdick	WA	2
Point Francis	WA	2
Point George	WA	2
Point Glover	WA	2
Point Grenville	WA	2
Point Group Camp	CA	1
Point Hammond	WA	2
Point Hannon	WA	2
Point Happy	CA	2
Point Harmon (historical)	WA	2
Point Herron	WA	2
Point Heyer	WA	2
Point Hill	WA	2
Point Hudson	WA	2
Point Hueneme	CA	2
Point Isabel	CA	2
Point Isabel Regional Shoreline	CA	1
Point Jefferson	WA	2
Point Joe	CA	2
Point Joe	WA	2
Point Joseph	OR	2
Point Julia	WA	2
Point Kimple	WA	2
Point Knox	CA	2
Point La Jolla	CA	2
Point Lakeview	CA	2
Point Lobos	CA	2
Point Lobos Ecological Reserve	CA	1
Point Lobos State Natural Reserve	CA	1
Point Loma	CA	2
Point Loma Ecological Reserve	CA	1
Point Loma Park	CA	1
Point Lone	CA	2
Point Lookout	CA	2
Point Lowell	CA	2
Point McCloud	CA	0
Point Medanos	CA	2
Point Mencinger	CA	2
Point Meriwether	OR	2
Point Migley	WA	2
Point Molate	CA	2
Point Molate Beach	CA	1
Point Monroe	WA	2
Point Montara	CA	2
Point Mountain	OR	2
Point Mugu	CA	2
Point Mugu Beach	CA	1
Point Mugu State Park	CA	1
Point New	WA	2
Point No Pass	CA	2
Point No Point	WA	2
Point Ohop	WA	2
Point Orient	CA	2
Point Palo Alto	CA	2
Point Partridge	WA	2
Point Pedernales	CA	2
Point Piedras Blancas	CA	2
Point Pinole Regional Park	CA	1
Point Pinos	CA	2
Point Piños Lighthouse Reservation	CA	1
Point Pleasant	CA	0
Point Potrero	CA	2
Point Prominence	OR	2
Point Resistance	CA	2
Point Reyes	CA	2
Point Reyes Beach	CA	1
Point Reyes Hill	CA	2
Point Reyes National Seashore	CA	1
Point Reyes Station	CA	0
Point Richmond	CA	2
Point Richmond	WA	2
Point Roberts	WA	0
Point Robinson	WA	2
Point Robinson Park	WA	1
Point Sacramento	CA	2
Point Saint George	CA	2
Point Sal	CA	2
Point Sal State Beach	CA	1
Point San Bruno	CA	2
Point San Bruno Park	CA	1
Point San Joaquin	CA	2
Point San Luis	CA	2
Point San Pablo	CA	2
Point San Pablo Yacht Harbor	CA	2
Point San Pedro	CA	2
Point San Quentin	CA	2
Point Santa Cruz	CA	2
Point Sierra Nevada	CA	2
Point Simpton	CA	2
Point Southworth	WA	2
Point Stuart	CA	2
Point Success	WA	2
Point Sur	CA	2
Point Sur Dunes Natural Preserve	CA	1
Point Sur Lighthouse Reservation	CA	1
Point Sur State Historic Park	CA	1
Point Terrace	OR	0
Point Thompson	WA	2
Point Tiburon	CA	2
Point Turner	WA	2
Point Vancouver	WA	2
Point Vashon	WA	2
Point Vicente County Park	CA	1
Point Vicente Park	CA	1
Point Vicente State Marine Conservation Area	CA	1
Point Victor	WA	2
Point Wall	CA	2
Point Wells	WA	2
Point White	WA	0
Point Whitehorn	WA	2
Point Williams	WA	2
Point Wilson	WA	2
Point Wise	CA	2
Point of Arches	WA	2
Point of Rocks	CA	2
Pointer Island	WA	2
Poisel Butte	WA	2
Poison Butte	CA	2
Poison Creek Campground	WA	1
Poison Flat Trail	CA	1
Poison Hole Trail	CA	1
Poison Lake	CA	2
Poison Lake	WA	2
Poison Oak Hill	CA	2
Poison Oak Hill	OR	2
Poison Point	OR	2
Poison Rock	CA	2
Poison Water Pond	CA	2
Pokelma Park	CA	1
Poker Flat	CA	0
Poker Jim Lake	OR	2
Polallie Campground (historical)	OR	1
Poland Butte	WA	2
Polar Bear Mountain	CA	2
Pole	WA	2
Pole Butte	OR	2
Pole Creek Breaks	OR	2
Pole Creek Camp	OR	1
Pole Creek Swamp	OR	2
Pole Creek Top	OR	2
Pole Creek Trail	OR	1
Pole Garden	CA	0
Pole Mountain	CA	2
Pole Patch Campground	WA	1
Pole Pick Mountain	WA	2
Pole Point	CA	2
Polemonium Peak	CA	2
Poleta	CA	0
Poleta Campground	CA	1
Police Camp	CA	1
Polk Butte	OR	2
Polk Springs	CA	0
Pollack Memorial Field	OR	1
Pollard	WA	0
Pollard Butte	OR	2
Pollard Camp	CA	1
Pollard Flat	CA	0
Pollard Flat Campground	CA	1
Pollard Point	CA	2
Polliwog Park	CA	1
Pollock	CA	0
Pollock Pines	CA	0
Pollock Pines Recreation Park	CA	1
Polly Butte	CA	2
Polly Dome	CA	2
Polly Dome Lakes	CA	2
Pollywog Butte	OR	2
Polnell Point	WA	2
Polo Barn Park	CA	1
Polo Field	CA	1
Poly Top Butte	OR	2
Pomeroy	WA	0
Pomins	CA	0
Pomo	CA	0
Pomo Park	CA	1
Pomona	CA	0
Pomona	WA	0
Pomona Heights	WA	0
Pomona Jaycees Community Park	CA	1
Pompadour Bluff	OR	2
Pompano Circle Park	CA	1
Pompey Peak	WA	2
Pompey Peak Trail	WA	1
Pomponio Beach	CA	1
Pomponio State Beach	CA	1
Pomponio Trail	CA	1
Pompys Point	CA	2
Ponca	CA	0
Poncin Cove	WA	2
Pond	CA	0
Pond Lake	WA	2
Pond Lily Lake	CA	2
Pond Number Seven	WA	2
Pond Park	CA	1
Ponderosa	CA	0
Ponderosa Basin	CA	0
Ponderosa Cove Campground	CA	1
Ponderosa Farm Community Park	CA	1
Ponderosa Flat Campground	CA	1
Ponderosa Mobile Home Park	WA	0
Ponderosa Palisades	CA	0
Ponderosa Park	CA	0
Ponderosa Park	OR	1
Ponderosa Way	CA	1
Ponders Corner	WA	0
Pondosa	CA	0
Pondosa	OR	0
Ponina Butte	OR	2
Pontiac Bay	WA	2
Pony Buck Peak	CA	2
Pony Buttes	CA	2
Pony Camp	CA	1
Pony Express Monument	CA	1
Pony Express School Park	CA	1
Pony Express State Historic Landmark 703	CA	1
Pony Express Station Historic Site	CA	1
Pony Gate Trail	CA	1
Pony Lake	CA	2
Pony Lake	WA	2
Pony Mountain	CA	2
Pony Peak	CA	2
Pony Point	OR	2
Pony Trail	CA	1
Pool Ridge Trail	CA	1
Poole Hill	OR	2
Poole Lake	OR	2
Poonkinny Lake	CA	2
Poopout Hill	CA	2
Pop Lake	OR	2
Pope	CA	0
Pope Beach	CA	1
Pope Beach Campground	CA	1
Pope Lake	WA	2
Pope Valley	CA	0
Poplar	CA	0
Poplar Beach	CA	1
Poplar Campground	CA	1
Poplar Flat Campground	WA	1
Poplar Playground	CA	1
Poplar Recreation Center	CA	1
Poplar-Cotton Center	CA	0
Poppet Flat Divide Truck Trail	CA	1
Poppy Campground	CA	1
Poppy Peak	CA	2
Porcupine Bay	WA	2
Porcupine Bay Campground	WA	1
Porcupine Butte	CA	2
Porcupine Butte	OR	2
Porcupine Camp	OR	1
Porcupine Camp	WA	1
Porcupine Flat Campground	CA	1
Porcupine Lake	CA	2
Porcupine Mountain	OR	2
Porcupine Peak	OR	2
Porcupine Rim	CA	2
Porky Lake	OR	2
Porphyry	CA	0
Porphyry Lake	CA	2
Porphyry Peak	WA	2
Port Angeles	WA	0
Port Angeles East	WA	0
Port Angeles Harbor	WA	2
Port Blakely	WA	0
Port Chicago Naval Magazine National Memorial	CA	1
Port Costa	CA	0
Port Crescent	WA	0
Port Gamble	WA	2
Port Gamble Tribal Community	WA	0
Port Gardner	WA	2
Port Hadlock	WA	0
Port Hadlock-Irondale	WA	0
Port Hueneme	CA	0
Port Hueneme Beach Park	CA	1
Port Kelley	WA	0
Port Kenyon	CA	0
Port Ludlow	WA	0
Port Madison	WA	0
Port Marina Park	OR	1
Port Orchard	WA	0
Port Orford	CA	0
Port Orford	OR	0
Port Orford Cedar Forest State Park	OR	1
Port Orford Heads State Park	OR	1
Port Royal Park	CA	1
Port San Luis	CA	0
Port Stanley	WA	0
Port Susan	WA	2
Port Townsend	WA	0
Port Watsonvile	CA	0
Port Williams	WA	0
Port of Bellingham Marine Park	WA	1
Port of Kennewick	WA	0
Porta Suela	CA	2
Portage	WA	0
Portage Bay	WA	2
Portage Green Mobile Home Court	WA	0
Portage Head	WA	2
Portage Island	WA	2
Portage Point	WA	2
Portage Trail	OR	1
Portagee Joe Campground	CA	1
Portal Creek Mobile Home Park	WA	0
Portal Forebay Campground	CA	1
Portal Inn	CA	0
Portal Lake	CA	2
Portal Park	CA	1
Portal Peak	WA	2
Portal Way Mobile Village	WA	0
Porter	CA	0
Porter	WA	0
Porter Boone Park	OR	1
Porter Butte	OR	2
Porter City Park	OR	1
Porter Creek	OR	0
Porter Creek Truck Trail	WA	1
Porter Hill	OR	2
Porter Lake	OR	2
Porter Park	CA	1
Porter Peak	CA	2
Porter Point	OR	2
Porter Point	WA	2
Porter Ridge Park	CA	1
Porter Trail	CA	1
Porters Camp	CA	1
Porters Island	OR	2
Porterville	CA	0
Porterville Fairgrounds	CA	1
Portico Mobile Home and Garden Park	CA	0
Portland	OR	0
Portland Avenue Park	WA	1
Portland Center City Park	OR	1
Portland Heights City Park	OR	1
Portland Meadows	OR	1
Portland Police Memorial	OR	1
Portland Traction Trail	OR	1
Portland Womens Forum State Park	OR	1
Portola	CA	0
Portola City Park	CA	1
Portola Expedition Historical Marker	CA	1
Portola Highlands Park	CA	1
Portola Leslie Park	CA	1
Portola Park	CA	1
Portola Plaza	CA	1
Portola Recreation Center	CA	1
Portola Redwoods State Park	CA	1
Portola Trail	CA	1
Portola Valley	CA	0
Portsmouth City Park	OR	1
Portsmouth Square	CA	1
Portuguese Beach	CA	1
Portuguese Bend	CA	0
Portuguese Camp	CA	1
Portuguese Community Park	CA	1
Portuguese Peak	CA	2
Portuguese Point	CA	2
Portuguese Point	WA	2
Portuguese Sheep Camp	CA	1
Portview Park	CA	1
Posa Anchorage	CA	2
Poser Mountain	CA	2
Posey	CA	0
Posey	WA	2
Posey Island	WA	2
Posey Island State Park	WA	1
Posey Lake	CA	2
Posmo State Beach	CA	1
Poso Ortega	CA	2
Poso Park	CA	0
Possession	WA	0
Possession Point	WA	2
Possession Sound	WA	2
Post	OR	0
Post Camp	CA	1
Post Camp Recreation Site	OR	1
Post Lakes	CA	2
Post Mountain	CA	2
Post Mountain	OR	2
Post Office Bay	WA	2
Post Office Lake	WA	2
Post Peak	CA	2
Post Point	OR	2
Post Point	WA	2
Post Summit	CA	2
Postage Stamp Butte	OR	2
Postpile Camp	CA	1
Posts	CA	0
Pot Creek Trail	OR	1
Pot Peak	WA	2
Potamus Point	OR	2
Potato Butte	CA	2
Potato Butte	OR	2
Potato Butte	WA	2
Potato Harbor	CA	2
Potato Hill	CA	2
Potato Hill	OR	2
Potato Hill	WA	2
Potato Illahe Mountain	OR	2
Potato Lake	OR	2
Potato Mountain	CA	2
Potato Patch Campground	CA	1
Potato Peak	CA	2
Potato Point	CA	2
Potbelly Beach	CA	1
Pothole Butte	OR	2
Pothole Camp	OR	1
Pothole Dome	CA	2
Pothole Lake	WA	2
Pothole Trail	CA	1
Potholes Camp	OR	1
Potholes State Park	WA	1
Potlatch	WA	0
Potlatch Point	WA	2
Potlatch State Park	WA	1
Potlatch State Park Campground	WA	1
Potomac County Park	CA	1
Potrero	CA	0
Potrero Canyon Trail	CA	1
Potrero County Park	CA	1
Potrero Del Sol Park	CA	1
Potrero Heights Park	CA	1
Potrero Hill	CA	2
Potrero Hill Recreation Center	CA	1
Potrero John Campground	CA	1
Potrero John Campsite	CA	1
Potrero Open Space	CA	1
Potrero Peak	CA	2
Potrero Point	CA	2
Potrero Seco Campground	CA	1
Potrero Seco Rustic Campsite	CA	1
Potter Hill	WA	2
Potter Lake	WA	2
Potter Mountain	OR	2
Potter Mountain Trail	OR	1
Potter Peak	OR	2
Potter Point	CA	2
Potter Valley	CA	0
Potters Camp	OR	1
Potters Ravine Recreation Area	CA	1
Potters Swamp	OR	2
Potwisha Campground	CA	1
Poulsbo	WA	0
Poulsbo Mobile Park	WA	0
Poulsen Peak	CA	2
Poverty Bay	WA	2
Poverty Hill	CA	0
Poverty Hill	OR	2
Poverty Meadows	OR	2
Poverty Point	CA	2
Poway	CA	0
Poway Community Park	CA	1
Poway Grove Park	CA	0
Powder Creek Trail	OR	1
Powder Hill	CA	2
Powder House Cove	OR	2
Powder House Hill	OR	2
Powder Mill Fire Road Trail	CA	1
Powder Mill Trail	CA	1
Powder Mountain	WA	2
Powell	WA	0
Powell Butte	OR	0
Powell Butte Nature Park	OR	1
Powell Buttes	OR	2
Powell Camp	WA	1
Powell City Park	OR	1
Powell Hills	OR	2
Powell Lake	CA	2
Powell Mountain	OR	2
Powell Valley Butte	OR	2
Powellton	CA	0
Power City	OR	0
Power Easement Park	CA	1
Power House County Park	OR	1
Power Peak	WA	2
Powerhouse Canyon	CA	1
Powerline Pond	OR	2
Powers	OR	0
Powers	WA	0
Powers Butte	WA	2
Powers City Park	OR	1
Powers County Park	OR	1
Powers Marine Park	OR	1
Powers Park	CA	1
Powers Peak	CA	2
Pozo	CA	0
Prado Conservation Camp	CA	1
Prado County Park	CA	1
Prado Dam Recreational Dog Activities Area	CA	1
Prairie	WA	0
Prairie Camp Shelter	OR	1
Prairie Center	WA	0
Prairie City	CA	0
Prairie City	OR	0
Prairie City State Vehicular Recreation Area	CA	1
Prairie Creek Redwoods State Park	CA	1
Prairie Heights	WA	0
Prairie Hill	OR	2
Prairie Mountain	OR	2
Prairie Mountain	WA	2
Prairie Mountain Lakes	WA	2
Prairie Peak	OR	2
Prairie Pond	OR	2
Prairie Ridge	WA	0
Prairie School Park	CA	1
Prairie Spring Campground	WA	1
Prather	CA	0
Prather Mill	CA	2
Prather Pond	CA	2
Prati Island	OR	2
Pratt Cliff	WA	2
Pratt Lake	WA	2
Pratt Lake Trail	WA	1
Pratt Mountain	CA	2
Pratt Mountain	WA	2
Pratt Place	CA	0
Pratt Trail	CA	1
Pratton	CA	0
Pratts Bluff	WA	2
Prattville	CA	0
Pratum	OR	0
Prava Peak	OR	2
Pre's	OR	1
Preacher Meadow Campground	CA	1
Preacher Mountain	WA	2
Preachers Eddy Treaty Fishing Access Site	OR	1
Preachers Peak	CA	2
Preachers Peak	OR	2
Preachers Point	WA	2
Preciados Park	CA	1
Precipice Lake	CA	2
Prentice Park	CA	1
Prescott	OR	0
Prescott	WA	0
Prescott Beach County Park	OR	1
Prescott Lake	CA	2
Prescott Mountain	CA	2
Preservation Park	CA	1
President Point	WA	2
Presidio Heights Playground	CA	1
Presidio Hill	CA	2
Presidio Park	CA	1
Presidio of San Francisco	CA	1
Presley Lake	OR	2
Presley Park	CA	1
Presswood	CA	0
Prestliens Bluff	WA	2
Preston	CA	0
Preston	WA	0
Preston Island	CA	2
Preston Lake	CA	2
Preston Mill Pond	WA	2
Preston Park	WA	1
Preston Peak	CA	2
Preston Point	CA	2
Preston Point	WA	2
Pretty Bird Trail (historical)	WA	1
Pretty Lake	OR	2
Pretty Lake Trail	OR	1
Pretty Swamp	WA	2
Prevost	WA	0
Prevost Harbor	WA	2
Prewett Family Park	CA	1
Prewitt Park	CA	1
Prewitt Ridge Campground	CA	1
Price Island	WA	2
Price Lake	WA	2
Price Peak	CA	2
Price Playground	CA	1
Prices Peak	WA	2
Prickett Lake	WA	2
Priday Lake	OR	2
Pride Park	OR	1
Pride Peak	OR	2
Pride Square	CA	1
Priest	CA	0
Priest Point	WA	0
Priest Point Park	WA	1
Priest Rapids State Wildlife Area	WA	1
Prill Lake	OR	2
Primitive Camp	CA	1
Primitive Campground	OR	1
Primrose Lake	CA	2
Primus Peak	WA	2
Prince Albert	OR	2
Prince Creek Campground	WA	1
Prince Island	CA	2
Prince Lake	OR	2
Prince Park	CA	1
Princes Camp	CA	1
Princess Campground	CA	1
Princess Creek Campground Boat Ramp	OR	1
Princess Pine Camp	WA	1
Princess Trail	OR	1
Princess del Seno Park	CA	1
Princeton	CA	0
Prindle	WA	0
Prindle Peak	OR	2
Prineville	OR	0
Prineville Reservoir State Park	OR	1
Pringle Butte	OR	2
Pringle City Park	OR	1
Pringle Falls Research Natural Area	OR	1
Prison Spring Campground	CA	1
Prisoner Rock	CA	2
Prisoners Point	CA	2
Pritchard Field	CA	1
Pritchard State Park	OR	1
Pritchett Island Beach	WA	1
Pritchett Peaks	CA	2
Probable Donner Trail	CA	1
Proberta	CA	0
Proctor Lake	WA	2
Proebstel	WA	0
Profanity Peak	WA	2
Professorville Historic District	CA	1
Profile Cliff	CA	2
Profile Point	CA	2
Profile View	CA	2
Profitts Pond	WA	2
Progress	CA	0
Progress	OR	0
Progress Park	CA	1
Promenade Park	CA	1
Promise	OR	0
Promised Land Camp	CA	1
Promised Land Recreation Area	WA	1
Promontory	CA	2
Promontory Bay	CA	2
Promontory Point	CA	2
Pronghorn	OR	0
Proposal Rock	OR	2
Prospect	OR	0
Prospect Campground	CA	1
Prospect Hill	CA	2
Prospect Hill	OR	2
Prospect Historic District	CA	1
Prospect Island	CA	2
Prospect Lake	OR	2
Prospect Mountain	OR	2
Prospect Park	CA	1
Prospect Peak	CA	2
Prospect Peak	WA	2
Prospect Point	WA	2
Prospect State Park	OR	1
Prosper	OR	0
Prospero	CA	0
Prosser	WA	0
Prosser Campground	CA	1
Prosser Hill	CA	2
Prosser Hill	WA	2
Prosser Ranch Group Campground	CA	1
Prosser Slough	OR	2
Protection Island	WA	2
Protection Island National Wildlife Refuge	WA	1
Prouty Memorial Plaque	OR	1
Prouty Peak	WA	2
Providence	WA	0
Providence Mountains State Recreation Area	CA	1
Providence Park	OR	1
Provolt	OR	0
Proxy Point	OR	2
Pruitt Lake	CA	2
Prune Hill	OR	2
Prune Hill	WA	2
Prunedale	CA	0
Prusik Peak	WA	2
Pryor Lake	CA	2
Psyche Butte	OR	2
Ptarmigan Lake	WA	2
Ptarmigan Lakes	WA	2
Ptarmigan Peak	WA	2
Puck Lakes	OR	2
Puckett Glade	OR	2
Pudding Creek Beach	CA	1
Puddingstone Reservoir State Recreation Area (historical)	CA	1
Pueblo Mountain	OR	2
Pueblo Mountains Wilderness Study Area	OR	1
Puente Junction	CA	0
Puerco Beach	CA	1
Puerta La Cruz Conservation Camp	CA	1
Puerta del Diablo	CA	2
Puffer Butte	WA	2
Puffin Island	WA	2
Puget	WA	0
Puget Island	WA	2
Puget Park	WA	1
Puget Sound	WA	2
Puget View Mobile Home Park	WA	0
Puhi-Pane Na-De Lake	OR	2
Pulali Point	WA	2
Pulga	CA	0
Pulgas Ridge Open Space Preserve	CA	1
Pull and Be Damned Point	WA	2
Pullens Pond	OR	2
Pullman	WA	0
Pullman Junction	WA	0
Pulpit Rock	OR	2
Puls Camp	CA	1
Pumice Butte	CA	2
Pumice Butte	OR	2
Pumice Butte	WA	2
Pumice Castle	OR	2
Pumice Flat Campground	CA	1
Pumice Flat Group Campground	CA	1
Pumice Point	OR	2
Pumice Stone Mountain	CA	2
Pumphrey Mountain	WA	2
Pumpkin Camp	CA	1
Pumpkin Center	CA	0
Pumpkin Mountain	WA	2
Pumpkinseed Lake	CA	2
Pumpkinseed Lake	WA	2
Pumpkinseed Mountain	OR	2
Punchbowl Trail	CA	1
Punky Lake	OR	2
Punta Arena	CA	2
Punta Gorda	CA	2
Punta Vaca Caravan Camp	CA	1
Puppet Lake	CA	2
Puppy Dome	CA	2
Puppy Lake	OR	2
Purakkun Island	CA	2
Purcell Mountain	WA	2
Purcell Mountain Trail	WA	1
Purd Camp	CA	1
Purdy	WA	0
Purisima Point	CA	2
Purple Lake	CA	2
Purple Mountain	OR	2
Purple Mountain	WA	2
Purple Point	WA	2
Purple Point Campground	WA	1
Purrington	WA	0
Pursima Creek Redwoods Open Space	CA	1
Purvis Lake	WA	2
Purvis Ponds	WA	2
Pushawalla Palms	CA	0
Pushtay	WA	2
Putah Creek State Wildlife Area	CA	1
Putman Plaza Park	CA	1
Putnam Peak	CA	2
Putnams Point	OR	1
Putney Mountain	OR	2
Putters Lake	WA	2
Puyallup	WA	0
Puyallup Point	WA	2
Puyallup River Junction	WA	0
Puyallup Trail	WA	1
Puyallup Waterway	WA	2
Pygmy Lake	OR	2
Pyles Camp	CA	1
Pyramid Butte	CA	2
Pyramid Butte	OR	2
Pyramid Campground	CA	1
Pyramid Cove	CA	2
Pyramid Head	CA	2
Pyramid Lake	CA	2
Pyramid Lake	OR	2
Pyramid Lake	WA	2
Pyramid Lake Trail	WA	1
Pyramid Mountain	OR	2
Pyramid Mountain	WA	2
Pyramid Mountain Trail	WA	1
Pyramid Peak	CA	2
Pyramid Peak	WA	2
Pyramid Peak Trail	WA	1
Pyramid Point	CA	2
Pyramid Rock	CA	2
Pyramid Rock	OR	2
Pyramid Rock	WA	2
Pyramid Trail	OR	1
Pysht	WA	0
Pysht Conservation Area	WA	1
Pysht Millpond	WA	2
Pywiack Dome	CA	2
Pío Pico State Historic	CA	1
Qince City Park	OR	1
Qochyax Island	OR	2
Quackenbush Mountain	CA	2
Quail	CA	0
Quail Canyon Campground	CA	1
Quail Glen Park	CA	1
Quail Hill	CA	2
Quail Hollow	CA	0
Quail Meadows	CA	0
Quail Mountain	CA	2
Quail Oaks	CA	0
Quail Park Botanical Garden	CA	1
Quail Prairie Mountain	OR	2
Quail Ridge Park	CA	1
Quail Ridge Ranch	CA	0
Quail Run Park	CA	1
Quail Top	CA	2
Quail Valley Park	CA	1
Quailwood Park	CA	1
Quaker Hill	CA	2
Quaker Meadow	CA	0
Quakes Park	CA	1
Quaking Aspen Campground	CA	1
Quaking Aspen Group Campground	CA	1
Quaking Aspen Swamp	OR	2
Quality	CA	0
Qualls Camp	CA	1
Quarry Beach	CA	1
Quarry Butte	WA	2
Quarry Cove	CA	2
Quarry Hill	CA	2
Quarry Lake	CA	2
Quarry Park	CA	1
Quarry Park (historical)	OR	1
Quarry Peak	CA	2
Quarry Point	CA	2
Quarry Pond	WA	2
Quarry Pond Park	OR	1
Quarry Road Trail	CA	1
Quarry Trail	CA	1
Quarter Butte	OR	2
Quarter Domes	CA	2
Quartermaster Harbor	WA	2
Quarters Point	WA	2
Quartz	CA	0
Quartz Butte	OR	2
Quartz Creek Big Trees Campground	WA	1
Quartz Creek Butte	WA	2
Quartz Creek Picnic Area	OR	1
Quartz Creek Trail	WA	1
Quartz Hill	CA	0
Quartz Lake	WA	2
Quartz Mountain	CA	2
Quartz Mountain	OR	0
Quartz Mountain	WA	2
Quartz Peak	CA	2
Quartz Point	CA	2
Quartz Point	OR	2
Quartz Point Mobile Home Park	CA	0
Quartz Valley Mountain	OR	2
Quartzite Mountain	CA	2
Quartzite Mountain	WA	2
Quartzite Peak	CA	2
Quartzmill Peak	OR	2
Quateata	WA	2
Quatsap Point	WA	2
Quebec Hill	OR	2
Quedow Mountain	CA	2
Queen Anne Hill	WA	2
Queen Anne Recreation Center	CA	1
Queen Bee Campground	CA	1
Queen City	CA	0
Queen Lily Campground	CA	1
Queen Lucas Lake	WA	2
Queen Mountain	CA	2
Queen Park	CA	1
Queen Peak	CA	2
Queen Wilhelmina Tulip Garden	CA	1
Queen of Sheba	WA	2
Queens Peak	CA	2
Queensway Bay	CA	2
Queets	WA	0
Queets Campground	WA	1
Queets River Natural Resources Conservation Area	WA	1
Quentin Knob	OR	2
Quercus Point	CA	2
Quesna County Park	OR	1
Questionmark Lake	OR	2
Quien Sabe Point	CA	2
Quiet Meadows Mobile Park	WA	0
Quiggs Mountain	CA	2
Quigley Butte	WA	2
Quigley Lake	WA	2
Quigley Playground	CA	1
Quilcene	WA	0
Quilcene Bay	WA	2
Quilcene National Fish Hatchery	WA	1
Quillayute	WA	0
Quillayute Needles National Wildlife Refuge	WA	1
Quillwort Pond	OR	2
Quilomene State Wildlife Area	WA	1
Quimby Island	CA	2
Quimper Peninsula	WA	2
Quinalt Big Cedar Trailhead	WA	1
Quinalt Trail	WA	1
Quinault	WA	0
Quinault National Fish Hatchery	WA	1
Quinault Recreation Area	WA	1
Quinby	CA	0
Quincy	CA	0
Quincy	OR	0
Quincy	WA	0
Quincy Junction	CA	0
Quincy Lake	WA	2
Quincy Lakes State Wildlife Area	WA	1
Quines Creek	OR	0
Quinn Creek Trail	OR	1
Quinn Lake	WA	2
Quinn Lakes	OR	2
Quinn Meadows Horse Camp	OR	1
Quinn Peak	CA	2
Quinns Island	OR	2
Quinns Meadows	WA	2
Quintette	CA	0
Quintus Park	OR	1
Quiroste Valley Cultural Preserve	CA	1
Quito Park	CA	1
Quitters Point	OR	2
Quivira Basin	CA	2
Quivira Point	CA	2
Quosatana Butte	OR	2
Quosatana Campground Boat Ramp	OR	1
R A Long Square	WA	1
R B Lake	WA	2
R Corner	WA	0
R Flourney	CA	0
R M Nixon Park	CA	1
R and H Trail	CA	1
Rabbit Butte	OR	2
Rabbit Ears	OR	2
Rabbit Hill	CA	2
Rabbit Hills	OR	2
Rabbit Island	CA	2
Rabbit Knoll	CA	2
Rabbit Lake	OR	2
Rabbit Mountain	OR	2
Rabbit Mountain	WA	2
Rabbit Peak	CA	2
Rabbit Rock	OR	2
Rabbit and Porcupine Creek Forest Camp	OR	1
Rabbs Lagoon	WA	2
Raccoon Point	WA	2
Race Lagoon	WA	2
Race Track Hill	CA	2
Race Track Lakes	WA	2
Race Track Point	CA	2
Races Cove	WA	2
Racetrack Forest Camp	WA	1
Racetrack Hill	OR	2
Racetrack Lake	OR	2
Rachel Lake	WA	2
Rachor Lake	WA	2
Rack Lake	CA	2
Rackerby	CA	0
Raco	CA	0
Radar Hill	OR	2
Radec	CA	0
Radio Hill	CA	2
Radio Hill	WA	2
Radio Hill Gardens	CA	1
Radio Park	CA	1
Radio Towers Park	CA	1
Radnor	CA	0
Radum	CA	0
Rae Lake	CA	2
Rae Street Park	CA	1
Raeco	WA	0
Rafferty Peak	CA	2
Raffetto	CA	0
Raft Island	WA	2
Raft Lake	OR	2
Ragan Way Trail	WA	1
Ragged Butte	OR	2
Ragged Butte	WA	2
Ragged Mountain	WA	2
Ragged Peak	CA	2
Ragged Point	CA	2
Ragged Rocks	OR	2
Ragged Rocks Trail (historical)	OR	1
Ragged Top	CA	2
Raging River State Forest	WA	1
Ragle Ranch Park	CA	1
Ragnar	WA	0
Ragsdale Butte	OR	2
Ragtown	CA	0
Rahilly Park	CA	1
Rahm	WA	0
Rail Creek Butte	OR	2
Rail Creek Trail	OR	1
Rail Mountain	CA	2
Rail Road Flat	CA	0
Railroad Camp	CA	1
Railroad Camp	WA	1
Railroad Grade	WA	2
Railroad Park	CA	1
Railroad Park	OR	1
Railroad Pond	OR	2
Railroad Square Historic District	CA	1
Railtown 1897 State Historic Park	CA	1
Raimondi Park	CA	1
Rain Cloud Park	CA	1
Rain Forest Mobile Home Park	WA	0
Rainbow	CA	0
Rainbow	OR	0
Rainbow Bay	CA	2
Rainbow Bay	OR	2
Rainbow Bridge Campsite	WA	1
Rainbow Camp	CA	1
Rainbow Camp Guard Station	WA	1
Rainbow Campground	OR	1
Rainbow Conservation Camp	CA	1
Rainbow Cove	OR	2
Rainbow Falls Campground	WA	1
Rainbow Falls State Park	WA	1
Rainbow Ford Campsite	WA	1
Rainbow Hill	OR	2
Rainbow Island	OR	2
Rainbow Lagoon Park	CA	1
Rainbow Lake	CA	2
Rainbow Lake	OR	2
Rainbow Lake	WA	2
Rainbow Lake Trail	WA	1
Rainbow Lakes	CA	2
Rainbow Mini Park	CA	1
Rainbow Mountain	CA	2
Rainbow Mountain	WA	2
Rainbow Park	CA	1
Rainbow Peak	CA	2
Rainbow Point	CA	2
Rainbow Point	OR	2
Rainbow Point Campground	WA	1
Rainbow Pool Campground	CA	1
Rainbow Recreation Center	CA	1
Rainbow Rock	OR	2
Rainbow Wells	CA	0
Raineer View Mobile Home Community	WA	0
Rainier	OR	0
Rainier	WA	0
Rainier West Mobile Home Park	WA	0
Rainrock	OR	0
Raintree Park	CA	1
Rainy Camp	WA	1
Rainy Lake	CA	2
Rainy Lake	OR	2
Rainy Lake	WA	2
Rainy Peak	OR	2
Raisin City	CA	0
Raker Peak	CA	2
Raker Point	OR	2
Rakes Meadow	OR	2
Raleigh Hills	OR	0
Raleigh Park and Swim Center	OR	1
Raleigh Scholls Park	OR	1
Raleighwood Park	OR	1
Raley Field	CA	1
Ralph	CA	0
Ralph B Clark Regional Park	CA	1
Ralph C Bren Memorial Park	CA	1
Ralph Foy Park	CA	1
Ralph Leggett Place	CA	0
Ralphs Lake	OR	2
Ralston	WA	0
Ralston Campground	CA	1
Ralston Lake	CA	2
Ralston Park	CA	1
Ralston Park	OR	1
Ralston Peak	CA	2
Ralston Village Linear Park	CA	1
Ram Island	WA	2
Ram Lake	CA	2
Ramada	CA	0
Ramage Peak	CA	2
Ramal	CA	0
Ramapo	WA	0
Rambaud Peak	CA	2
Ramer Lake	CA	2
Ramhorn Campground	CA	1
Ramirez	CA	0
Ramon Garcia Recreation Center	CA	1
Ramon Lakes	WA	2
Ramona	CA	0
Ramona Bowl	CA	0
Ramona Campground	CA	1
Ramona Community Park	CA	1
Ramona Gardens Park	CA	1
Ramona Lake	CA	2
Ramona Park	CA	1
Ramona Park Campground	WA	1
Ramona Trail	CA	1
Ramos Park	CA	1
Rampart	CA	0
Rampart Lake	WA	2
Rampart Lakes	WA	2
Rampart Mountain	WA	2
Rams Butte	OR	2
Ramsay Park	CA	1
Ramsey	CA	0
Ramsey Crossing	CA	0
Ramsey Island (historical)	OR	2
Ramsey Lake	OR	2
Ramsey Peak	WA	2
Ramsey Point	WA	2
Ramshorn Camp Ground	CA	1
Ramshorn Summit	CA	2
Ramshorn Trail	CA	1
Ranch Alegre Boy Scout Camp	CA	1
Ranch House Estates	CA	0
Ranch Mobile Home Park	CA	0
Ranch Park	CA	1
Rancheria Camp	CA	1
Rancheria Campground	CA	1
Rancheria Creek Park	CA	1
Rancheria Mountain	CA	2
Rancheria Rock	OR	2
Rancherie Island	CA	2
Ranchero Hill	CA	2
Ranchita	CA	0
Rancho Acacias Park	CA	1
Rancho Arroyo Park	CA	1
Rancho Bernardo Community Park	CA	1
Rancho Calaveras	CA	0
Rancho Cienega Recreation Center	CA	1
Rancho Conejo Open Space	CA	1
Rancho Cordova	CA	0
Rancho Cucamonga	CA	0
Rancho Cucamonga Central Park	CA	1
Rancho Cucamonga Sports Complex	CA	1
Rancho Del Campo	CA	0
Rancho Dos Palmas	CA	0
Rancho Grande Park	CA	1
Rancho Jurupa Park	CA	1
Rancho Laguna Park	CA	1
Rancho Llano Seco	CA	0
Rancho Loma Park	CA	1
Rancho Loma Rica	CA	0
Rancho Madera Community Park	CA	1
Rancho Mirage	CA	0
Rancho Mission Canyon Park	CA	1
Rancho Mission Viejo	CA	0
Rancho Mission Viejo Ecological Reserve	CA	1
Rancho Murieta	CA	0
Rancho Nuevo Campground	CA	1
Rancho Nuevo Trail	CA	1
Rancho Palos Verdes	CA	0
Rancho Park	CA	1
Rancho Poquitos	CA	0
Rancho Rinconada	CA	0
Rancho San Antonio County Park	CA	1
Rancho San Diego	CA	0
Rancho San Justo Park	CA	1
Rancho Santa Ana Botanic Garden	CA	1
Rancho Santa Fe	CA	0
Rancho Santa Margarita	CA	0
Rancho Santa Rosa Historic Area	CA	1
Rancho Santa Susana Community Park	CA	1
Rancho Seco	CA	0
Rancho Seco Park	CA	1
Rancho Simi Community Park	CA	1
Rancho Sonora Estates	CA	0
Rancho Tapo Community Park	CA	1
Rancho Tehama Reserve	CA	0
Rancho Tierra Grande	CA	0
Rancho Trabuco	CA	0
Rancho Ventura Linear Park	CA	1
Rancho Vista	CA	0
Rancho Vista Mobile Home Park	CA	0
Rancho Yolo Mobile Home Park	CA	0
Rancho del Arroyo Mobile Home Park	CA	0
Rancho del Avion Capistrano Mobile Home Park	CA	0
Rancho del Oro Community Park	CA	1
Rancho del Sol	CA	0
Rancho las Perris	CA	0
Ranchos del Oro	CA	0
Ranchwood Park	CA	1
Rand	CA	0
Rand	OR	0
Rand Lake	WA	2
Rand Recreation Area	OR	1
Randall	CA	0
Randall Hill	OR	2
Randall Island	CA	2
Randall Point	WA	2
Randall Pond	OR	2
Randall Trail	CA	1
Randle	WA	0
Randle Butte	OR	2
Randolf Collier Safety Roadside Rest Area	CA	1
Randolph	CA	0
Randolph	OR	0
Randolph Hill	CA	2
Randolph Island	OR	2
Randsburg	CA	0
Raney Peak	CA	2
Range	OR	0
Range Point	WA	2
Rangel Park	CA	1
Ranger Butte	OR	2
Ranger Creek Camp	WA	1
Ranger Lake	CA	2
Ranger Mountain	CA	2
Ranger Peak	CA	2
Ranger Peak Trail	CA	1
Ranger Stone	OR	2
Rangila Hill	WA	2
Ranier West Mobile Home Park	WA	0
Rankin Peak	CA	2
Rankins Horse Pasture	OR	2
Ransom Point	CA	2
Rapid River Mobile Home Park	CA	0
Rapidan Trail	OR	1
Rapjohn Lake	WA	2
Rasar State Park	WA	1
Rasmussen Lake	WA	2
Rasnor Lakes	CA	2
Raspberry Lake	CA	2
Raspberry Mountain	OR	2
Raspberry rustic Campsite	CA	1
Rastus Mountain	OR	2
Rastus Waterhole	OR	2
Rat Beach	CA	1
Rat Butte	OR	2
Rat Hill	CA	2
Rat Island	WA	2
Rat Lake	WA	2
Rat Rock Cove	CA	2
Rattlesnake Butte	CA	2
Rattlesnake Butte	OR	2
Rattlesnake Camp	CA	1
Rattlesnake Campground	CA	1
Rattlesnake Campground	WA	1
Rattlesnake Canyon Park	CA	1
Rattlesnake Creek Trail	CA	1
Rattlesnake Fire Trail	CA	1
Rattlesnake Flats Trail	CA	1
Rattlesnake Hill	CA	2
Rattlesnake Hill	OR	2
Rattlesnake Hill	WA	2
Rattlesnake Island	CA	2
Rattlesnake Lake	CA	2
Rattlesnake Lake	WA	2
Rattlesnake Mountain	CA	2
Rattlesnake Mountain	OR	2
Rattlesnake Mountain	WA	2
Rattlesnake Mountain Scenic Area	WA	1
Rattlesnake Peak	CA	2
Rattlesnake Peaks	WA	2
Rattlesnake Point	CA	2
Rattlesnake Point	OR	2
Rattlesnake Point	WA	2
Rattlesnake Road	WA	1
Rattlesnake Slope State Wildlife Area	WA	1
Rattlesnake Springs Wayside Park (historical)	OR	1
Rattlesnake Summit	CA	2
Rattlesnake Trail	CA	1
Rattlesnake Trail	OR	1
Rattlesnake Trail	WA	1
Rattlesnake Way	OR	1
Ratto Landing	CA	0
Raven Rock	OR	2
Ravendale	CA	0
Ravenna	CA	0
Ravenna Park	WA	1
Ravensdale	WA	0
Ravensdale Lake	WA	2
Ravenswood	CA	0
Ravenswood Park	CA	1
Ravenswood Point	CA	2
Ravine Group Camp	CA	1
Rawhide	CA	0
Rawley Duntley Park	CA	1
Rawson	CA	0
Ray Cole Campground	OR	1
Ray Field	CA	1
Ray Hill	CA	2
Ray Johnson Park	OR	1
Ray Park	CA	1
Ray Trail (historical)	WA	1
Raymond	CA	0
Raymond	WA	0
Raymond City Park	OR	1
Raymond Hill	CA	0
Raymond Lake	CA	2
Raymond Peak	CA	2
Raymond Street Park	CA	1
Raymus Village Park	CA	1
Raynor Park	CA	1
Rayo	CA	0
Rays Lake	OR	2
Rays Peak	CA	2
Rayville	WA	0
Raywood Flat Trail	CA	1
Razor Lake	WA	2
Razorback Mountain	WA	2
Razz Lake	OR	2
Reach Island	WA	2
Reade Hill	WA	2
Reading Adobe Historical Marker	CA	1
Reading Island	CA	2
Reading Peak	CA	2
Reads Bay	WA	2
Reama Park	CA	1
Reardan	WA	0
Reason Mountain	CA	2
Reaves Butte	WA	2
Reba Lake	WA	2
Rebecca Lake	WA	2
Rebel Hill	OR	2
Rebel Rock	OR	2
Rebel Rock Trail	OR	1
Recess Peak	CA	2
Recession Lakes	OR	2
Reche Mountain	CA	2
Reclamation Pond	WA	2
Reconnaissance Peak	CA	2
Recreation Area	WA	1
Recreation Park	CA	1
Recreation Park	WA	1
Recreation Park (historical)	CA	1
Recreation Point	CA	2
Recreation Point Campground	CA	1
Rector	CA	0
Rector Peak	CA	2
Red Alder Campground	CA	1
Red Alkali Lake	WA	2
Red Apple	CA	0
Red Bank	CA	0
Red Bank Campground	CA	1
Red Blanket Mountain	OR	2
Red Blanket Trail	OR	1
Red Bluff	CA	0
Red Bluff	WA	2
Red Bluff City Park	CA	1
Red Bluff Diverson Dam Recreation Area	CA	1
Red Bluffs	WA	2
Red Box	OR	2
Red Bridge Campground	WA	1
Red Bridge State Park	OR	1
Red Butte	CA	2
Red Butte	OR	2
Red Butte	WA	2
Red Butte Burn Camp	OR	1
Red Butte Lake	OR	2
Red Butte Trail	OR	1
Red Buttes	CA	2
Red Buttes Wilderness	CA	1
Red Can Lake	CA	2
Red Cap Lake	CA	2
Red Cap Mountain	CA	2
Red Cinder	CA	2
Red Cinder Butte	OR	2
Red Cinder Cone	CA	2
Red Cliff	CA	2
Red Cliffs	CA	2
Red Cliffs Natural Preserve	CA	1
Red Cone	OR	2
Red Cones	CA	2
Red Corral	CA	0
Red Cross Park	CA	1
Red Devil Lake	CA	2
Red Dog	CA	0
Red Dome	CA	2
Red Face Mountain	WA	2
Red Fir	CA	0
Red Heifer Mountain	OR	2
Red Hill	CA	2
Red Hill	OR	2
Red Hill	WA	2
Red Hill Community Park	CA	1
Red Hill Gulch Trail	WA	1
Red Hill Top	CA	2
Red Hill Trail	WA	1
Red Hills	OR	2
Red Island	CA	2
Red Kaweah	CA	2
Red Knob	OR	2
Red Lake	CA	2
Red Lake	OR	2
Red Lake	WA	2
Red Lake Campground (historical)	OR	1
Red Lake Mountain	CA	2
Red Lake Peak	CA	2
Red Lake Trail	OR	1
Red Lassic	CA	2
Red Lookout Butte	OR	2
Red Mill Beach	OR	1
Red Morton Community Park	CA	1
Red Mound	OR	2
Red Mountain	CA	0
Red Mountain	OR	2
Red Mountain	WA	2
Red Mountain Camp	CA	1
Red Mountain Campground	WA	1
Red Mountain Lake	CA	2
Red Mountain Lake	OR	2
Red Mountain Trail	CA	1
Red Mountain Trail	OR	1
Red Mountain Trail	WA	1
Red Peak	CA	2
Red Peak	OR	2
Red Peak Trail	CA	1
Red Point	CA	2
Red Point	OR	2
Red Rock	CA	2
Red Rock	OR	2
Red Rock Beach	CA	1
Red Rock Campground	CA	1
Red Rock Canyon State Park	CA	1
Red Rock Hill	CA	2
Red Rock Hill	OR	2
Red Rock Lake	CA	2
Red Rock Lake	WA	2
Red Rock Lakes	CA	2
Red Rock Mountain	CA	2
Red Rock Wall Point	CA	2
Red Rocks	CA	2
Red Scar Knoll	OR	2
Red Shale Butte	CA	2
Red Slate Mountain	CA	2
Red Slide Hill	OR	2
Red Slide Lake	OR	2
Red Star Point	CA	2
Red Sunset Park	OR	1
Red Tahquitz	CA	2
Red Tail Roost Trail	CA	1
Red Top	CA	2
Red Top Lake	CA	2
Red Top Mountain	CA	2
Red Top Mountain	WA	2
Red Waterhole	OR	2
Red and White Lake	CA	2
Red and White Mountain	CA	2
Red, White and Blue Beach	CA	1
Redbanks	CA	0
Redbud Park	CA	1
Redcloud Cliff	OR	2
Redcrest	CA	0
Redd	WA	0
Redding	CA	0
Redding Lakeside Mobile Estates	CA	0
Redding Park	CA	1
Redfish Rocks	OR	2
Redford Butte	OR	2
Redland	OR	0
Redlands	CA	0
Redman	CA	0
Redmans Tooth	OR	2
Redmond	OR	0
Redmond	WA	0
Redmond City Skate Park	OR	1
Redmond-Bend Juniper State Park	OR	1
Redonda Mesa	CA	2
Redondo	WA	0
Redondo Beach	CA	0
Redondo Beach Original Townsite Historic District	CA	1
Redrock Mountain	CA	2
Reds Lake	CA	2
Reds Meadow Campground	CA	1
Redstone Peak	WA	2
Redtail Canyon Campground	CA	1
Redtop	CA	2
Redtop Mountain	OR	2
Redway	CA	0
Redwing Lake	CA	2
Redwood	OR	0
Redwood Bowl	CA	1
Redwood Camp	CA	1
Redwood City	CA	0
Redwood Corral	CA	0
Redwood Creek Beach County Park	CA	1
Redwood Creek Camp	CA	1
Redwood Estates	CA	0
Redwood Glen Camp	CA	1
Redwood Grove	CA	0
Redwood Grove Nature Preserve	CA	1
Redwood Heights Recreation Center	CA	1
Redwood Heritage State Wilderness	CA	1
Redwood Hill	CA	2
Redwood Junction	CA	0
Redwood Lake	CA	2
Redwood Lodge	CA	0
Redwood Loop Trail	CA	1
Redwood Meadow Campground	CA	1
Redwood Mountain	CA	2
Redwood National Park	CA	1
Redwood National and State Parks	CA	1
Redwood Park	CA	0
Redwood Peak	CA	2
Redwood Point	CA	2
Redwood Regional Park	CA	1
Redwood Shores Lagoon	CA	2
Redwood Terrace	CA	0
Redwood Trail	CA	1
Redwood Valley	CA	0
Redwood Valley-Potter Valley	CA	0
Redwoods	CA	0
Reed	CA	0
Reed	OR	0
Reed College Parkway	OR	1
Reed Hill	WA	2
Reed Island	OR	2
Reed Island	WA	2
Reed Island State Park	WA	1
Reed Lake	WA	2
Reed Mountain	CA	2
Reed Mountain	WA	2
Reed Park	WA	1
Reed Peak	WA	2
Reed Pond	WA	2
Reed Reef Trail	CA	1
Reed Rock	OR	2
Reed and Hawley Mountain	OR	2
Reeder Field	CA	1
Reeder Lake	WA	2
Reeder Point	OR	2
Reedley	CA	0
Reedley Beach	CA	1
Reedsport	OR	0
Reedville	OR	0
Reedville Creek Park	OR	1
Reedy Park	CA	1
Reef Bay	WA	2
Reef Island	WA	2
Reef Lake	CA	2
Reef Net Bay	WA	2
Reef Point	CA	2
Reef Point	WA	2
Reef Station	CA	0
Reehers Camp	OR	1
Rees City Park	OR	1
Rees Corner	WA	0
Reese	WA	0
Reese Hill	OR	2
Reese Hill	WA	2
Reese Lake	OR	2
Reese Lake	WA	2
Reeside Access	CA	1
Reeves Field	CA	1
Reeves Lake	WA	2
Reeves Mountain	OR	2
Reeves Park	CA	1
Reeves Place	CA	0
Reeves Point	CA	2
Reflection Lake	CA	2
Reflection Lake	OR	2
Reflection Lake	WA	2
Reflection Pond	WA	2
Refrigerator Campground	WA	1
Refugio Beach	CA	1
Refugio Beach State park	CA	1
Refugio State Beach	CA	1
Refugio Valley Park	CA	1
Regal	WA	0
Regatta Park	OR	1
Reggie Rodriguez Park	CA	1
Regiment Lake	CA	2
Regina Heights	CA	0
Regulation Peak	CA	2
Rehart Lake	OR	2
Rehart Rim	OR	2
Reichel Lake	WA	2
Reid Harbor	WA	2
Reid Mountain	WA	2
Reid Park	CA	1
Reiha Pond	WA	2
Reilly Heights	CA	0
Reilys Lake	WA	2
Reiman	WA	0
Reinoso Peak	CA	2
Reister Knoll	CA	2
Reister Rock	CA	2
Reiter	WA	0
Reith Park	CA	1
Relchmuth Regional Park	CA	1
Reliance	WA	0
Reliance Hill	WA	2
Relief	CA	0
Relief	WA	0
Relief Peak	CA	2
Reliz Canyon Camp Ground	CA	1
Remillard Park	CA	1
Remington Hill	CA	2
Remmel Lake	WA	2
Remmel Mountain	WA	2
Remnoy	CA	0
Remote	OR	0
Rena	WA	0
Rena Park	CA	1
Rend Island Campground	CA	1
Rendalia	CA	0
Rendevous Mountain	WA	2
Rendezvous State Wildlife Area	WA	1
Renette Park	CA	1
Renfree Park	CA	1
Rengstorff Park	CA	1
Renn Lake	WA	2
Renner Lake	OR	2
Renner Lake	WA	2
Rennie Island	WA	2
Rennie Peak	WA	2
Reno Junction	CA	0
Renoville	CA	0
Renshaw Place	CA	0
Renslow	WA	0
Rentenaar Point	OR	2
Renton	WA	0
Renton Park	WA	1
Renz Park	CA	1
Renzuilli Park	CA	1
Repeater Hill	CA	2
Repplier Park	CA	1
Republic	WA	0
Requa	CA	0
Reseda Park	CA	1
Reservation Head	WA	2
Reservation Memorial Park	WA	1
Reservation Mountain	OR	2
Reservation Point	CA	2
Reservation Trail	OR	1
Reservoir Butte	CA	2
Reservoir Butte	OR	2
Reservoir C Campground	CA	1
Reservoir Campground	OR	1
Reservoir Campground Boat Launch	OR	1
Reservoir Flats Trail	CA	1
Reservoir Hill	CA	2
Reservoir Hill Park	CA	1
Reservoir Lake	OR	2
Reservoir Park	CA	1
Reservoir Park	OR	1
Reservoir Public Camp	CA	1
Reservoir Summit	CA	2
Reservoir Trail	OR	1
Resort Creek Pond	WA	2
Resort Point	CA	2
Resort Point Cove	CA	2
Rest - A - While Mobile Home Park	WA	0
Rest Lake	OR	2
Resting Lake	OR	2
Resting Spring Range Wilderness	CA	1
Reston	OR	0
Restoration Point	WA	2
Resurrection Hill	CA	2
Resurrection Wall	CA	2
Retreat Lake	WA	2
Retsil	WA	0
Retson Camp	CA	1
Rettie Butte	OR	2
Return Lake	CA	2
Reub Long Butte	OR	2
Reuben	OR	0
Reuter City Park	OR	1
Revard Manor Park	CA	1
Reveille Island	WA	2
Revelations	WA	2
Revelle Plaza	CA	1
Revere	WA	0
Revere State Wildlife Area	WA	1
Reverend Holmes Park	CA	1
Reverend Peterson Park	CA	1
Reversed Creek Campground	CA	1
Reversed Peak	CA	2
Revis Mountain	CA	2
Reward	CA	0
Rex	CA	0
Rex	OR	0
Rex Lake	WA	2
Rex Manor Playground	CA	1
Rexford Mini Park	CA	1
Rexland Acres Park	CA	1
Rexville	WA	0
Reyes Adobe Park	CA	1
Reyes Campground	CA	1
Reyes Creek Campground	CA	1
Reyes Park	CA	1
Reyes Peak	CA	2
Reyes Peak Campground	CA	1
Reyes Place	CA	0
Reymann Lake	CA	2
Reynier Park	CA	1
Reynolds	CA	0
Reynolds Butte	OR	2
Reynolds Creek Trail	OR	1
Reynolds Park	CA	1
Reynolds Peak	CA	2
Reynolds Peak	WA	2
Reynolds Rock	CA	2
Reynolds State Wayside Campground	CA	1
Rheem	CA	0
Rheem Valley	CA	0
Rhinehart Buttes	OR	2
Rhoads Park	CA	1
Rhode Island	CA	2
Rhode Lake	WA	2
Rhodedendron Camp and Picnic Area	WA	1
Rhodes Hill	CA	2
Rhodes Lake	CA	2
Rhodesia Beach	WA	0
Rhododendron	OR	0
Rhododendron Island	OR	2
Rhododendron Park	OR	1
Rhododendron Park	WA	0
Rhododendron Ridge Trail	OR	1
Rhododendron Trail	CA	1
Rhody Lake	OR	2
Rhubarb Trail	CA	1
Rhymes Campground	CA	1
Rhyolite Trail	CA	1
Rialto	CA	0
Rialto Beach	WA	1
Rialto Park	CA	1
Ribbon Beach	CA	1
Ribbon Cliff	WA	2
Ribbon Lakes	WA	2
Ribbon Mesa	WA	2
Ribbonwood	CA	0
Ribier	CA	0
Ribiero Field	CA	1
Ricardo	CA	0
Riccas Corner	CA	0
Rice	CA	0
Rice	WA	0
Rice Creek Campground	CA	1
Rice Fork Summer Homes	CA	0
Rice Hill	CA	2
Rice Hill	OR	0
Rice Hill	WA	2
Rice Hill State Safety Rest Area (historical)	OR	1
Rice Lake	CA	2
Rice Lake	WA	2
Rice Park	CA	1
Rice Rocks	OR	2
Rice Valley Wilderness	CA	1
Rice-Blakey Park	OR	1
Rices Junction	CA	0
Riceton	CA	0
Rich	CA	0
Rich Gulch	CA	0
Richard Bard Bubbling Springs Park	CA	1
Richard Butte	OR	2
Richard G Baker Park	OR	1
Richard Samp Park	CA	1
Richards Butte	OR	2
Richards Mountain	WA	2
Richards Street Park	OR	1
Richardson	WA	0
Richardson Bay	CA	2
Richardson Bay Audubon Center and Wildlife Sanctuary	CA	1
Richardson Bay Park	CA	1
Richardson Butte	OR	2
Richardson County Park	OR	1
Richardson Grove State Park	CA	1
Richardson Island	CA	2
Richardson Lake	CA	2
Richardson Park	CA	1
Richardson Peak	CA	2
Richardson Point	OR	2
Richardson Rock	WA	2
Richardson Springs	CA	0
Richardson Village Park	CA	1
Richey Camp	CA	1
Richfield	CA	0
Richfields	CA	0
Richgrove	CA	0
Richie Peak	CA	2
Richie Slough	CA	2
Richland	OR	0
Richland	WA	0
Richland Junction	WA	0
Richland Park	CA	1
Richland Y	WA	0
Richman Park	CA	1
Richmond	CA	0
Richmond	OR	0
Richmond Beach	WA	0
Richmond Highlands	WA	0
Richmond Inner Harbor	CA	2
Richmond Lake	WA	2
Richmond Mine Trail	WA	1
Richmond Natural Area	OR	1
Richmond Park	OR	1
Richmond Playground	CA	1
Richmond School City Park	OR	1
Richmond-San Francisco Freight Ferry	CA	1
Richter Field	CA	1
Richter Mountain	OR	2
Richvale	CA	0
Rickard Lake	WA	2
Ricketts Hill	CA	2
Rickey Peak	CA	2
Rickey Point	WA	2
Rickreall	OR	0
Ricks Memorial Park	CA	1
Rico	CA	0
Riddle	OR	0
Riddle Field	OR	2
Riddle Hill	WA	2
Riddle Peaks	WA	2
Riddle Rim	OR	2
Ridell Lake	WA	2
Riders Camp	OR	1
Ridge	CA	0
Ridge Acres Mobile Home Park	WA	0
Ridge Camp	OR	1
Ridge Campground	CA	1
Ridge Crest Picnic Ground	CA	1
Ridge Fire Trail	CA	1
Ridge Knob	OR	2
Ridge Lake	CA	2
Ridge Lake	WA	2
Ridge Lakes	CA	2
Ridge Park	CA	1
Ridge Point	CA	2
Ridge Trail	CA	1
Ridge Trail	WA	1
Ridge View	CA	0
Ridgecrest	CA	0
Ridgecrest	WA	0
Ridgecrest Estates	CA	0
Ridgecrest Mobile Home Park	WA	0
Ridgecrest Park	OR	1
Ridgefield	WA	0
Ridgefield National Wildlife Refuge	WA	1
Ridgegate City Park	OR	1
Ridgeline Park	CA	1
Ridgemark	CA	0
Ridgemont Park	WA	1
Ridgetop Pond	OR	2
Ridgeview Loop Trail	CA	1
Ridgeview Park	CA	1
Ridgeville	CA	0
Ridgeville Campground	CA	1
Ridgeville Island Campground	CA	1
Ridgeville Islands	CA	2
Ridgeway Butte	OR	2
Ridgeway Park	CA	1
Ridgewood	CA	0
Ridgewood Park	CA	0
Ridgewood Park	OR	1
Ridgewood View Park	OR	1
Ridgewoods Heights	CA	0
Ridley Lake	WA	2
Ridpath	WA	0
Riecker Mountain	WA	2
Riego	CA	0
Rieth	OR	0
Riffe Buffer State Wildlife Area	WA	1
Riffle Lake	OR	2
Rifle Camp	CA	1
Rifton	WA	0
Rigdon Butte	OR	2
Rigdon Point	OR	2
Riggs Lake	OR	2
Right Smart Cove	WA	2
Rigley Lake	WA	2
Rignall	WA	0
Rigney State Park	WA	1
Riley	OR	0
Riley Butte	OR	2
Riley Camp	CA	1
Riley Camp	OR	1
Riley Camp	WA	1
Riley Creek Butte	OR	2
Riley Horn Point	OR	2
Riley Horse Camp	OR	1
Riley Lake	WA	2
Riley Mountain	OR	2
Riley Peak	OR	2
Rills Pond	OR	2
Rim Campground	CA	1
Rim Island	WA	2
Rim Lake	CA	2
Rim Lake	OR	2
Rim Rock Trail	OR	1
Rim Trail	CA	1
Rim of the Crater	OR	2
Rimgate Park	CA	1
Rimgrove Drive Park	CA	1
Rimlon	CA	0
Rimrock	CA	0
Rimrock	WA	0
Rimrock Lake	CA	2
Rimrock Lake	OR	2
Rimrock Lake	WA	2
Rimrock Park	OR	1
Rimrock Public Campground and Boat Landing	WA	1
Rimrock Springs Wildlife Management Area	OR	1
Rimrock Trail	OR	1
Rinckel	CA	0
Rincon	CA	0
Rincon Beach	CA	1
Rincon Beach County Park	CA	1
Rincon Fire Road Trail	CA	1
Rincon Hill	CA	2
Rincon Island	CA	2
Rincon Lake	OR	2
Rincon Mesa Campground	CA	1
Rincon Mountain	CA	2
Rincon Point	CA	2
Rincon Trail	CA	1
Rincon Valley Community Park	CA	1
Rincon Valley Little League Park	CA	1
Rinconada	CA	0
Rinconada Park	CA	1
Ring Butte	OR	2
Ring Hill	WA	2
Ring Lake	OR	2
Ring Lake	WA	2
Ring Mountain	CA	2
Ringe Park	CA	1
Ringel Park	CA	1
Ringo	WA	0
Ringo Butte	OR	2
Ringo Butte	WA	2
Ringo Park	CA	1
Ringwood Lake	WA	2
Rink Peak	OR	2
Rinker Point	WA	2
Rio Baranca Valle Campground	CA	1
Rio Bravo	CA	0
Rio Del Mar	CA	0
Rio Del Mar Beach	CA	1
Rio Dell	CA	0
Rio Hondo Park	CA	1
Rio Linda	CA	0
Rio Linda Central Park	CA	1
Rio Lindo Park	CA	1
Rio Nido	CA	0
Rio Oso	CA	0
Rio Oso Park	CA	1
Rio San Gabriel Park	CA	1
Rio Seco Ball Field	CA	1
Rio Tierra Park	CA	1
Rio Verde Mobile Estates	WA	0
Rio Vista	CA	0
Rio Vista Junction	CA	0
Rio Vista Park	CA	1
Rio de Los Angeles State Park	CA	1
Rip Van Winkle Open Space	CA	1
Riparia	WA	0
Ripley	CA	0
Ripon	CA	0
Ripperdan	CA	0
Rippet Mountain	OR	2
Ripple Island	WA	2
Ripplebrook	OR	0
Ripstein Campground	CA	1
Risbeck	WA	0
Riser Butte	OR	2
Riser Lake	OR	2
Rising River Lake	CA	2
Risley Park	OR	1
Ritchey Canyon Trail	CA	1
Ritchey Creek Campground	CA	1
Ritell	WA	0
Rithel Park	CA	1
Ritner Creek County Park	OR	1
Ritter	OR	0
Ritter Butte	OR	2
Rittler Park	CA	1
Ritzville	WA	0
Rivas Canyon Park	CA	1
River Bar Campground	WA	1
River Bend Campground	WA	1
River Bend County Park	OR	1
River Campground	WA	1
River Forks County Park	OR	1
River Fox City Park	OR	1
River Front Park	CA	1
River Front Park	OR	1
River Garden Park	CA	1
River Glen Park	CA	1
River Hill	CA	2
River Meadows Campground	CA	1
River Mobile Home Park	WA	0
River Nook Campground	CA	1
River Oaks	CA	0
River Park	CA	1
River Park	OR	1
River Park Mobile Estates	CA	0
River Parkway	OR	1
River Pines	CA	0
River Rest Campground	CA	1
River Road	OR	0
River Road	WA	0
River Road City Park	OR	1
River Road Estates	CA	0
River Run City Park	OR	1
River Shores Mobile Home Park	WA	0
River Spring Lakes	CA	2
River Trail	CA	1
River Trails Park	CA	1
River View	OR	2
River View Park	CA	1
Rivera Park	CA	1
Riverbank	CA	0
Riverbed Butte	OR	2
Riverbend	CA	0
Riverbend	WA	0
Riverbend Campground	WA	1
Riverbend Mobile Home Park	WA	0
Rivercrest Park	OR	1
Riverdale	CA	0
Riverdale Hill	OR	2
Riverdale Park	CA	0
Riverdale Park	WA	1
Riverfront City Park	OR	1
Riverfront Commemorative City Park	OR	1
Riverfront Fields	OR	1
Riverfront Park	CA	1
Riverfront Park	OR	1
Riverfront Park	WA	1
Rivergrove	OR	0
Rivergrove City Boat Ramp	OR	1
Rivergrove City Park	OR	1
Riverkern	CA	0
Riverlake Park	CA	1
Riverland Mobile Home Park	CA	0
Rivers Bend Campground	WA	1
Rivers Edge Park	OR	1
Riversdale	OR	0
Riverside	CA	0
Riverside	OR	0
Riverside	WA	0
Riverside Breaks Natural Area Preserve	WA	1
Riverside Camp	WA	1
Riverside Campground	WA	1
Riverside County Park	OR	1
Riverside County Park	WA	1
Riverside County Road Camp	CA	1
Riverside Dike Park	WA	1
Riverside Grove	CA	0
Riverside Lake	OR	2
Riverside Mobile Estates	WA	0
Riverside Mobile Home Park	WA	0
Riverside Mountain	CA	2
Riverside Mountains Wilderness	CA	1
Riverside Park	CA	0
Riverside Park	OR	1
Riverside Park	WA	1
Riverside Property	OR	1
Riverside School Park	CA	1
Riverside Sports Organization Complex	CA	1
Riverside State Park	WA	1
Riverside Villa Mobile Home Park	WA	0
Riverton	CA	0
Riverton	OR	0
Riverton	WA	0
Riverton Boat Ramp	OR	1
Riverton Heights	WA	0
Riverton-Boulevard Park	WA	0
Riverview	CA	0
Riverview	WA	0
Riverview City Park	OR	1
Riverview Farms	CA	0
Riverview Linear Park	CA	1
Riverview Natural Preserve	WA	1
Riverview Park	CA	1
Riverview Park	OR	1
Riverview Playfield	WA	1
Rivervilla Park	OR	1
Riverwood	OR	0
Riverwood Mobile Home Estates	CA	0
Riverwood Park	OR	1
Riviera Estates	CA	0
Riviera Mobile Estates	CA	0
Riviera Park	CA	1
Riviera West	CA	0
Rivord Lake	WA	2
Rix Park	CA	1
Rizzal Park	CA	1
Roach Canyon Park	CA	1
Roach Hill	CA	2
Road Camp Number Seven	CA	1
Road Lake	OR	2
Road Mountain	OR	2
Roadrunner Park	CA	1
Roads End	CA	0
Roads End	OR	0
Roads End Camp	OR	1
Roads End Campground	WA	1
Roads End Point	OR	2
Roads End State Recreation Site	OR	1
Roamers Rest Park (historical)	OR	1
Roanoke	WA	0
Roaring Camp	CA	1
Roaring Camp Depot	CA	1
Roaring Creek Trail	OR	1
Roaring River County Park	OR	1
Roaring River Group Camp	OR	1
Roaring River Trail	OR	1
Roaring River Wilderness	OR	1
Roaring Winds Camp	WA	1
Rob Hill	CA	2
Rob Roy Junction	CA	0
Rob Strasser Memorial Field	OR	1
Roba Butte	OR	2
Robb Memorial Field	CA	1
Robbers Creek	CA	0
Robbers Mountain	CA	2
Robbers Peak	CA	2
Robbers Roost	CA	2
Robbie Way Park	CA	1
Robbins	CA	0
Robbins Butte	OR	2
Robbins Field Ball Park	CA	1
Robbins Lake	WA	2
Robbins Park	CA	1
Robbs Peak	CA	2
Robe	WA	0
Robe Canyon Historic Trail	WA	1
Robe Hill	OR	2
Robert Adams Community Park	CA	1
Robert Burns Park	CA	1
Robert Camp Memorial Track	WA	1
Robert Crown Beach	CA	1
Robert E McCormick Park	WA	1
Robert E Woolley Peninsula Park	CA	1
Robert H Meyer Memorial State Beach	CA	1
Robert Livermore Park	CA	1
Robert Louis Stevenson State Park	CA	1
Robert M McCurdy Nature Center	CA	1
Robert P Strathearn Historic Park	CA	1
Roberts	OR	0
Roberts Bay	OR	2
Roberts Butte	CA	2
Roberts Butte	OR	2
Roberts Camp	CA	1
Roberts Creek Trail (historical)	OR	1
Roberts Island	CA	2
Roberts Lake	CA	2
Roberts Lake	WA	2
Roberts Lake Park	CA	1
Roberts Mountain	OR	2
Roberts Place	CA	0
Roberts Recreation Center	CA	1
Robertson Bridge County Park	OR	1
Robertson Park	CA	1
Robertson Playground	CA	1
Robertson Recreation Center	CA	1
Robertson Ridge	OR	2
Robertson Road Park	CA	1
Robie Point	CA	2
Robin Lakes	WA	2
Robin Lane Mobile Home Park	WA	0
Robin Park	OR	1
Robinette	OR	0
Robinette Mountain	WA	2
Robins Island	OR	2
Robinson	WA	0
Robinson Bay	CA	2
Robinson Butte	OR	2
Robinson Cow Camp	CA	1
Robinson Creek Campground	CA	1
Robinson Lake	CA	2
Robinson Lake	OR	2
Robinson Lakes	CA	2
Robinson Mills	CA	0
Robinson Mountain	WA	2
Robinson Park	CA	1
Robinson Peak	CA	2
Robinson Peak	WA	2
Robinson Point	CA	2
Robinsons Corner	CA	0
Robinsons Flat Campground	CA	1
Robinsonville	OR	0
Robinswood	WA	0
Robinswood Park	WA	1
Robinwood	OR	0
Robinwood Park	CA	1
Robinwood Park	OR	1
Roblar	CA	0
Roblar Trail	CA	1
Roble	CA	0
Robles Del Rio	CA	0
Robley Point	CA	2
Robson Park	CA	1
Roby Hill	OR	2
Rochambeau Playground	CA	1
Roche	CA	0
Roche Harbor	WA	0
Rochester	WA	0
Rochester Heights Park	WA	1
Rock Butte	OR	2
Rock Cabin Avalanche	WA	2
Rock Cabin Camp	CA	1
Rock Cabin Trail	CA	1
Rock Camp Guard Station	CA	1
Rock Candy Mountain	WA	2
Rock City	CA	0
Rock Cone	OR	2
Rock Cove	WA	2
Rock Creek	CA	0
Rock Creek	OR	0
Rock Creek Butte	CA	2
Rock Creek Butte	OR	2
Rock Creek Butte	WA	2
Rock Creek Butte Point	CA	2
Rock Creek Camp	CA	0
Rock Creek Campground	CA	1
Rock Creek Campground	WA	1
Rock Creek Campground Boat Ramp	OR	1
Rock Creek City Park	OR	1
Rock Creek Lake	CA	2
Rock Creek Lake	OR	2
Rock Creek Lake	WA	2
Rock Creek Lake Campground	CA	1
Rock Creek Lake Trail	OR	1
Rock Creek Landing Park	OR	1
Rock Creek Nature Study Area	CA	1
Rock Creek North Soccer Fields	OR	1
Rock Creek Park	OR	1
Rock Creek Point	OR	2
Rock Creek Powerline Park	OR	1
Rock Creek Powerline Trail	OR	1
Rock Creek Recreation Site	OR	1
Rock Creek Recreation Site	WA	1
Rock Creek Reservoir Campground	OR	1
Rock Creek State Wildlife Area	WA	1
Rock Creek Trail	OR	1
Rock Creek Trail	WA	1
Rock Creek Trail Park	OR	1
Rock Creek Treaty Fishing Access Site	WA	1
Rock Creek Truck Trail	WA	1
Rock Creek Wilderness	OR	1
Rock Crest	CA	0
Rock Fence Lake	CA	2
Rock Haven	CA	0
Rock Hill	CA	2
Rock Hill	OR	2
Rock Island	OR	2
Rock Island	WA	0
Rock Island Campground	WA	1
Rock Island Lake	CA	2
Rock Island State Park	WA	1
Rock Knob	OR	2
Rock Lake	CA	2
Rock Lake	OR	2
Rock Lake	WA	2
Rock Lakes	OR	2
Rock Lakes	WA	2
Rock Lakes Campground	WA	1
Rock Mesa	OR	2
Rock Monument	CA	1
Rock Mountain	CA	2
Rock Mountain	OR	2
Rock Mountain	WA	2
Rock Peak	WA	2
Rock Pile	CA	2
Rock Point	CA	2
Rock Point	OR	2
Rock Point	WA	2
Rock Pond	OR	2
Rock Prairie County Park	OR	1
Rock Quarry Lake	WA	2
Rock Rabbit Lakes	WA	2
Rock Ridge Park	WA	1
Rock Rim Lake	OR	2
Rock Slide	OR	2
Rock Spring Camp	OR	1
Rock Spring Peak	CA	2
Rock Spring Trail	CA	1
Rock Spring Trail	OR	1
Rock Springs Camp	OR	1
Rock Springs Campground	OR	1
Rock Springs Peak	CA	2
Rock Springs Trail	OR	1
Rock Vista Park	CA	1
Rockaway Beach	CA	1
Rockaway Beach	OR	0
Rockaway Beach	WA	0
Rockaway Beach City Park	OR	1
Rockaway Beach State Park	OR	1
Rockbluff Park	CA	1
Rockbound Lake	CA	2
Rockcreek	OR	0
Rockdale	WA	0
Rockdale Lake	WA	2
Rockefeller Loop Trail	CA	1
Rockford	OR	0
Rockford	WA	0
Rockhouse Trail	CA	1
Rocking K	CA	0
Rockland	CA	0
Rocklin	CA	0
Rocklyn	WA	0
Rockpile Lake	OR	2
Rockpile Mountain	OR	2
Rockpile Peak	CA	2
Rockport	CA	0
Rockport	WA	0
Rockport Bay	CA	2
Rockport State Park	WA	1
Rockridge Park	CA	1
Rocks and Islands Wilderness	CA	1
Rockslide Lake	CA	2
Rockslides	CA	2
Rocktop Butte	OR	2
Rocktram	CA	0
Rockview Drive County Park	CA	1
Rockview Park	CA	1
Rockville	CA	0
Rockwall	OR	2
Rockwell	WA	0
Rockwood	CA	0
Rockwood Central Park	OR	1
Rockwood Heading	CA	2
Rockwood Plaza	CA	1
Rocky Bar Campground	CA	1
Rocky Bay	WA	2
Rocky Bedground	OR	2
Rocky Bottom Lake	CA	2
Rocky Butte	CA	2
Rocky Butte	OR	2
Rocky Butte	WA	0
Rocky Butte Natural Area	OR	1
Rocky Butte State Park	OR	1
Rocky Butte Waterhole	OR	2
Rocky Butte Way Trail	OR	1
Rocky Buttes	CA	2
Rocky Camp	CA	1
Rocky Campground	CA	1
Rocky Creek Camp	CA	1
Rocky Creek Campground	CA	1
Rocky Creek State Park	OR	1
Rocky Ford Campground	OR	1
Rocky Ford State Wildlife Area	WA	1
Rocky Hill	CA	0
Rocky Hill	OR	2
Rocky Hills	CA	2
Rocky Island	OR	2
Rocky Knob	CA	2
Rocky Knoll	OR	2
Rocky Knoll Campground	CA	1
Rocky Lake	CA	2
Rocky Lake	WA	2
Rocky Ledge Butte	CA	2
Rocky Mountain	CA	2
Rocky Mountain	WA	2
Rocky Nook Park	CA	1
Rocky Peak	CA	2
Rocky Peak	OR	2
Rocky Peak	WA	2
Rocky Point	CA	2
Rocky Point	OR	0
Rocky Point	WA	0
Rocky Point Bay	CA	2
Rocky Point Boat Ramp	OR	1
Rocky Point Campground	CA	1
Rocky Point Campground	WA	1
Rocky Point Peak	CA	2
Rocky Point Trail	CA	1
Rocky Point Trail	OR	1
Rocky Point Way	OR	1
Rocky Pond	OR	2
Rocky Prairie Natural Area Preserve	WA	1
Rocky Rest Campground	CA	1
Rocky Ridge	WA	0
Rocky Ridge Campground	CA	1
Rocky Ridge Trail	CA	1
Rocky Top	OR	2
Rocky Top Trail	OR	1
Rocky Waterhole	OR	2
Rod Beaudry Trail	CA	1
Rod McLeod Park	CA	1
Rodakowski Landing	OR	1
Rodaway Park	CA	1
Rodena Beach	WA	0
Rodeo	CA	0
Rodeo Beach	CA	1
Rodeo Butte	OR	2
Rodeo Cove	CA	2
Rodeo Lagoon	CA	2
Rodger Bluff	WA	2
Rodger Hill	WA	2
Rodgers Crossing	CA	0
Rodgers Flat	CA	0
Rodgers Lake	CA	2
Rodgers Peak	CA	2
Rodin Sculpture Garden	CA	1
Rodley Butte	OR	2
Rodley Butte Trail	OR	1
Rodman Mountains Wilderness	CA	1
Rodman Rim	OR	2
Rodman Rock	OR	2
Rodna	WA	0
Rodney's Mobile Park	CA	0
Rodriguez Camp	CA	0
Rodriguez Mountain	CA	2
Rodriguez Park	CA	1
Rodriguez Spur Truck Trail	CA	1
Roe Island	CA	2
Roeding Heights Park	CA	1
Roeding Park	CA	1
Roehr City Park	OR	1
Roger Chaffee Park	CA	1
Roger Jessup Recreation Center	CA	1
Roger Lake	WA	2
Roger Stanton Park	CA	1
Roger Tilbury Memorial Park	OR	1
Rogers Butte	OR	2
Rogers Camp	CA	1
Rogers Cow Camp	CA	1
Rogers Field (historical)	WA	1
Rogers Forest Park	OR	1
Rogers Lake	CA	2
Rogers Lake	OR	2
Rogers Landing County Park	OR	1
Rogers Mountain	OR	2
Rogers Park	CA	1
Rogers Park	OR	1
Rogers Park	WA	1
Rogers Peak	CA	2
Rogers Peak	OR	2
Rogers Wayside County Park	OR	1
Rogers-Anderson Park	CA	1
Rogersburg	WA	0
Rogerville	CA	0
Roget Lake	CA	2
Rogge Trail	CA	1
Rogger Peak	OR	2
Rogue Elk	OR	0
Rogue Elk County Park	OR	1
Rogue Head Camp	OR	1
Rogue National Wild and Scenic River	OR	1
Rogue River	OR	0
Rogue River Estuary	OR	2
Rogue River Scenic Waterway	OR	1
Rogue-Umpqua Divide Trail	OR	1
Rogue-Umpqua Divide Wilderness	OR	1
Rohner Park	CA	1
Rohnert Park	CA	0
Rohnerville	CA	0
Rohr Park	CA	1
Rojas Pierce Park	CA	1
Rojo Grande	CA	2
Roland Point	WA	2
Rolando Park	CA	1
Rolands	CA	0
Rolfe Cape	WA	2
Rolfe Cove	WA	2
Rolinda	CA	0
Roll Inn Mobile Home Park	WA	0
Rolleys Point	CA	2
Rolling Bay	WA	2
Rolling Grounds Camp	OR	1
Rolling Hills	CA	0
Rolling Hills Estates	CA	0
Rolling Hills Park	CA	1
Rolling Riffle Campground (historical)	OR	1
Rollingbay	WA	0
Rollingwood	CA	0
Rolly Lake	WA	2
Rolph Playground	CA	1
Rolph-Nicol Playground	CA	1
Roma	CA	0
Roman Four Lake	CA	2
Roman Nose Mountain	OR	2
Roman Playground	CA	1
Roman Wall	WA	2
Rome	OR	0
Rome Cliffs	OR	2
Rome Hill	CA	2
Romero Trail	CA	1
Ronald	WA	0
Ronald Bog	WA	2
Ronan	WA	0
Rondeau Butte	OR	2
Rony	WA	0
Rood Bridge Park	OR	1
Rood Hill	OR	2
Rooke and Higgins County Park Boat Ramp	OR	1
Roop Mountain	CA	2
Roosevelt	CA	0
Roosevelt	WA	0
Roosevelt Beach	OR	0
Roosevelt Camp	WA	1
Roosevelt Cliff	WA	2
Roosevelt Field	WA	1
Roosevelt Lake	CA	2
Roosevelt Park	CA	1
Roosevelt Playground	CA	1
Roosevelt Point	CA	2
Roosevelt Point	OR	2
Roosevelt Treaty Fishing Access Site	WA	1
Roosevelt Way	OR	1
Rooster Comb	OR	2
Rooster Comb	WA	2
Rooster Comb Mountain	WA	2
Rooster Comb Trail	WA	1
Rooster Peak	OR	2
Rooster Rock	OR	2
Rooster Rock	WA	2
Rooster Rock State Park	OR	1
Root Creek Trail	CA	1
Root Lake	WA	2
Root Park	CA	1
Ropers Bunion	OR	2
Ropi Lake	CA	2
Roque Campground	CA	1
Rosa Butte	WA	2
Rosa Park	OR	1
Rosalia	WA	0
Rosalie Lake	CA	2
Rosamond	CA	0
Rosamond Park	CA	1
Rosario	WA	0
Rosario Beach	WA	0
Rosario Head	WA	2
Rosario Hill	WA	2
Rosario Park	CA	1
Rosario Point	WA	2
Rosary Lakes	OR	2
Rosasco Lake	CA	2
Rosburg	WA	0
Rose Bowl Aquatic Center	CA	1
Rose Camp	CA	1
Rose Canyon Open Space	CA	1
Rose City Park	OR	1
Rose Garden Mobile Home Park	WA	0
Rose Hill	CA	2
Rose Hill	OR	2
Rose Hill	WA	0
Rose Hill Park	CA	1
Rose Hill Playground	CA	1
Rose Hill Recreation Center	CA	1
Rose Inlet	CA	2
Rose Lake	CA	2
Rose Lake	OR	2
Rose Lake	WA	2
Rose Lion Trail	CA	1
Rose Lodge	OR	0
Rose Mary Pond	OR	2
Rose Park	CA	1
Rose Peak	CA	2
Rose Place	CA	0
Rose Point	WA	0
Rose Rock	CA	2
Rose Springs	WA	0
Rose Stage Station Historical Marker	CA	1
Rose Valley	WA	0
Rose Valley Campground	CA	1
Rose Valley Falls Camp	CA	1
Rosebay Park	OR	1
Rosebud Helipond	OR	2
Rosebud Lake	CA	2
Rosebud Mountain	OR	2
Roseburg	OR	0
Roseburg North	OR	0
Roseburg Skate Park	OR	1
Rosecrans Recreation Center	CA	1
Rosedale	CA	0
Rosedale	OR	0
Rosedale	WA	0
Rosehilla	WA	0
Roselawn City Park	OR	1
Rosemary	CA	0
Rosemead	CA	0
Rosemead Park	CA	1
Rosemont	CA	0
Rosemont	OR	0
Rosemont Beach	WA	1
Rosemont Bluff Natural Area	OR	1
Rosemont Community Park	CA	1
Roses Lake	WA	2
Rosette Park	CA	1
Roseville	CA	0
Roseway Parkway	OR	1
Rosewood	CA	0
Rosewood	OR	0
Rosewood Manor Mobile Home Park	WA	0
Rosewood Park	CA	1
Rosicrucian Park	CA	1
Rosie the Riveter Park	CA	1
Rosie the Riveter/World War II Home Front National Historical Park	CA	1
Rosita Park	CA	1
Rosland Campground	OR	1
Roslyn	WA	0
Roslyn Urban Forest	WA	1
Ross	CA	0
Ross Butte	OR	2
Ross Campground	CA	1
Ross Common Park	CA	1
Ross Corner	CA	0
Ross Crossing Campground	CA	1
Ross Hill	CA	2
Ross Hill	WA	2
Ross Island	OR	2
Ross Island	WA	2
Ross Lake	WA	2
Ross Lake National Recreation Area	WA	1
Ross Mountain	CA	2
Ross Mountain	OR	2
Ross Park	CA	1
Ross Peak	WA	2
Ross Point	WA	2
Ross Snyder Recreation Center	CA	1
Ross Trail	CA	1
Ross Valley	CA	0
Rossi Playground	CA	1
Rossman City Park	OR	1
Rossmoor	CA	0
Rossmoor Park	CA	1
Rosswood Park	CA	1
Rosy Finch Lake	CA	2
Rotary Ball Park	CA	1
Rotary Centennial Park	OR	1
Rotary Cove	CA	2
Rotary Grove Park	CA	1
Rotary Lake	WA	2
Rotary Park	CA	1
Rotary Park	OR	1
Rotary Sports Center	CA	1
Rotavele	CA	0
Roths Swamp	WA	2
Rotten Lake	OR	2
Rotter Bay	WA	2
Rough Creek Trail	OR	1
Rough Go Trail	CA	1
Rough Gulch Trail	CA	1
Rough and Ready	CA	0
Rough and Ready Island	CA	2
Rough and Ready Lakes	OR	2
Rough and Ready Mill Pond Dam	OR	2
Rough and Ready Mountain	CA	2
Rough and Ready State Park	OR	1
Rough and Ready Trail	CA	1
Roulet Pond	OR	2
Round Butte	OR	2
Round Granite Hill	CA	2
Round Grove	OR	2
Round Hill	CA	2
Round Hills	CA	2
Round Island	WA	2
Round Knob	CA	2
Round Knob	WA	2
Round Lake	CA	2
Round Lake	OR	2
Round Lake	WA	2
Round Lake Christian Camp	OR	1
Round Lake Hill	OR	2
Round Lake Trail	CA	1
Round Lake Trail	OR	1
Round Meadow	OR	2
Round Meadow Trail	OR	1
Round Mountain	CA	0
Round Mountain	OR	2
Round Mountain	WA	2
Round Mountain Number One Camp	CA	1
Round Mountain Number Two Camp	CA	1
Round Mountains	OR	2
Round Peak	OR	2
Round Prairie	OR	0
Round Rock	CA	2
Round Rock Camp	CA	1
Round Swamp Campground	OR	1
Round Timber	OR	2
Round Top	CA	2
Round Top	OR	2
Round Top	WA	2
Round Top Butte	OR	2
Round Top Lake	CA	2
Round Top Mountain	WA	2
Round Top Regional Park	CA	1
Round Tree Hill	CA	2
Round Valley	CA	0
Round Valley Butte	CA	2
Round Valley Campground	CA	1
Round Valley Peak	CA	2
Round Valley Reservation	CA	1
Round the Mountain Trail	WA	1
Rounded Island	WA	2
Roundtop	CA	2
Roundtop	OR	2
Roundtop Mountain	CA	2
Roundtop Mountain	OR	2
Roundtop Mountain	WA	2
Roundup Park	WA	1
Rouse Hill	CA	2
Rouse Hill-Bautista Canyon Trail	CA	1
Routson County Park	OR	1
Routzhan Park	CA	1
Rovana	CA	0
Rowan	WA	0
Rowboat Cove	WA	2
Rowe Middle School Tennis Courts	OR	1
Rowel Lake	WA	2
Rowen	CA	0
Rowena	OR	0
Rowena Crest	OR	2
Rowland	CA	0
Rowland Heights	CA	0
Rowland Heights Park	CA	1
Rowland Lake	WA	2
Rowley Memorial Park	CA	1
Roxboro	WA	0
Roxbury Park	CA	1
Roxbury Park	OR	1
Roxie's Place Park	OR	1
Roxy Ann Peak	OR	2
Roy	WA	0
Roy Creek Park	OR	1
Roy Dancer Park	OR	1
Roy Linder Memorial Trail	CA	1
Roy Morse Park	WA	1
Roy Raley Park	OR	1
Roy W Kabian Memorial Park	CA	1
Royal	OR	0
Royal Arch Lake	CA	2
Royal Arches	CA	2
Royal Camp	WA	1
Royal City	WA	0
Royal Coachman Mobile Estates	WA	0
Royal Coachman Mobile Home Park	WA	0
Royal Creek Trail	WA	1
Royal Delle Park	OR	1
Royal Lake	WA	2
Royal Oak Manufactured Home Community	CA	0
Royal Oak Mobile Home Park	WA	0
Royal Oaks City Park	OR	1
Royal Oaks County Park	CA	1
Royal Oaks Park	CA	1
Royal Oaks Point	CA	1
Royal Palms Beach Park	CA	1
Royal Park	CA	1
Royalwood Mobile Home Estates	WA	0
Royce Mountain	OR	2
Royce Peak	CA	2
Royer Hill	WA	2
Royer Park	CA	1
Roys Park	CA	1
Roys Redwoods Preserve	CA	1
Roza	WA	0
Ruben S Ayala Park	CA	1
Rubicon Bay	CA	2
Rubicon Lake	CA	2
Rubicon Peak	CA	2
Rubicon Point	CA	2
Rubicon Properties	CA	0
Rubicon Trail	CA	1
Rubidoux	CA	0
Ruby	WA	0
Ruby Arm	WA	2
Ruby Beach	WA	1
Ruby Bluff	CA	2
Ruby Butte	OR	2
Ruby Clearwater Truck Trail	CA	1
Ruby Creek Trail	WA	1
Ruby Hill	WA	2
Ruby Island	WA	2
Ruby Lake	CA	2
Ruby Lake	WA	2
Ruby Mountain	CA	2
Ruby Mountain	WA	2
Ruby Peak	OR	2
Ruby Street Park	CA	1
Ruch	OR	0
Ruchert Camp	WA	1
Rucker	CA	0
Rucker Hill	CA	2
Rudd Lake	WA	2
Ruddell Hill	CA	2
Ruddy Hill	OR	2
Rudgear Park	CA	1
Rudio Mountain	OR	2
Rudolf Reese Park	WA	1
Rudolph Valentino Memorial	CA	1
Ruff	WA	0
Ruff Hill	CA	2
Ruffed Grouse Campground	WA	1
Ruffey Lakes	CA	2
Rufino Butte	OR	2
Rufus	OR	0
Rufus Community Center	OR	1
Rufus Treaty Fishing Access Site	OR	1
Rugged Crest Palisades	OR	2
Rugged Ridge Trail	WA	1
Ruggs	OR	0
Ruggs Lake	WA	2
Ruiz Park	CA	1
Rulo	WA	0
Rum Runner Point	CA	2
Rumble Hill	WA	2
Rumley Hill	OR	2
Rumsey	CA	0
Rumsey Bay	CA	2
Runaway Hill	OR	2
Runaway Point	CA	2
Running Springs	CA	0
Runnymede Recreation Center	CA	1
Runyon Canyon Park	CA	1
Ruppert Point	CA	2
Rupple	WA	0
Rural Dell	OR	0
Rusch Park	CA	1
Rush Creek Campground	CA	1
Rush Creek Hill	CA	2
Rush Creek Lake	CA	2
Rush Creek Lakes	CA	2
Rush Creek Mountain	CA	2
Rush Pond	OR	2
Rushing Mountain	CA	2
Rushmore Jeanine Park	CA	1
Russ	CA	0
Russ Island	CA	2
Russ Lake	OR	2
Russ Place	CA	0
Russel Mountain	OR	2
Russell	CA	0
Russell	WA	0
Russell Camp	CA	1
Russell Cliff	WA	2
Russell Lake	CA	2
Russell Lake	OR	2
Russell Landing	WA	0
Russell Park	CA	1
Russell Peak	CA	2
Russell Point	OR	2
Russell Road Park	WA	1
Russellmann Park	CA	1
Russian Butte	WA	2
Russian Creek Campground	OR	1
Russian Gulch State Park	CA	1
Russian Hill	CA	2
Russian Hill Park	CA	1
Russian Hill-Macondray Lane Historic District	CA	1
Russian Hill-Paris Block Architectural District	CA	1
Russian Hill-Vallejo Street Crest Historic District	CA	1
Russian Island	OR	2
Russian Lake	CA	2
Russian Peak	CA	2
Russian Ridge Open Space Preserve	CA	1
Russian River Terrace	CA	0
Russian River-Sonoma Coast	CA	0
Russian Wilderness	CA	1
Rust Lake	CA	2
Rustemeyer Mobile Home Park	WA	0
Rustic Canyon Park	CA	1
Rustic Canyon Recreation Center	CA	1
Rustin Hole Lake	WA	2
Rustler Peak	OR	2
Rustler's Gulch State Wildlife Area	WA	1
Ruston	WA	0
Rusty Butte	OR	2
Rusty Peak	CA	2
Rutan Rock	CA	2
Ruth	CA	0
Ruth	WA	0
Ruth Hardy Park	CA	1
Ruth Hayfork Trail	CA	1
Ruth Hill	CA	2
Ruth Lake	CA	2
Ruth Lake	OR	2
Ruth Mountain	OR	2
Ruth Mountain	WA	2
Ruth Park	WA	1
Ruth Rose Richardson Park	OR	1
Rutherford	CA	0
Ruthton County Park	OR	1
Ruthton Cove	OR	2
Ruthton Point	OR	2
Ruthven	CA	0
Rutland Park	CA	1
Rutledge	OR	0
Rutter Park	CA	1
Ruus Park	CA	1
Ruwau Lake	CA	2
Ruxby	WA	0
Ryan	CA	0
Ryan	WA	0
Ryan Campground	CA	1
Ryan Hill	WA	2
Ryan Island	CA	2
Ryan Island	WA	2
Ryan Lake	OR	2
Ryan Lake	WA	2
Ryan Lake Picnic Area and Viewpoint	WA	1
Ryan Mountain	CA	2
Ryan Mountain Trail	CA	1
Ryan Point	WA	2
Ryans Cow Camp	CA	1
Ryde	CA	0
Ryder Court Park	CA	1
Ryderwood	WA	0
Ryderwood Pond	WA	2
Rye	WA	0
Rye Hill	OR	2
Rye Mountain	OR	2
Rye Spur Trail	OR	1
Rye Valley	OR	0
Ryegrass Butte	OR	2
Ryegrass Lake	OR	2
Ryegrass Mountain	WA	2
Ryegrass Reservoir	OR	2
Ryegrass Table	OR	2
Ryer Island	CA	2
Ryland City Park	OR	1
Ryland Park	CA	1
Rynerson Park	CA	1
S F B Morse Botanical Reserve	CA	1
S J Field Park	CA	1
S Lake	OR	2
S S Emido Memorial	CA	1
S.D.S.U. Ecological Reserve	CA	1
SDSU Beach	CA	1
SMC Lake	WA	2
Saarinen Wayside Park	OR	1
Sabin Lake	CA	2
Sablon	CA	0
Sabre City	CA	0
Sabre Springs Park	CA	1
Sabrina Campground	CA	1
Sacagawea and Papoose Rocks	WA	2
Sacajawea City Park	OR	1
Sacajawea Peak	OR	2
Sacajawea State Park	WA	1
Sacanap	CA	0
Sacatar Trail Wilderness	CA	1
Sacate	CA	0
Sacchi Beach	OR	1
Sacheen Lake	WA	2
Sachse Monument	CA	2
Saco	CA	0
Sacramento	CA	0
Sacramento Boy Scout Camp	CA	1
Sacramento Butte	OR	2
Sacramento Bypass Wildlife Area	CA	1
Sacramento Canyon	CA	0
Sacramento Hill	CA	2
Sacramento Hill	OR	2
Sacramento Landing	CA	0
Sacramento Mountain	CA	2
Sacramento National Wildlife Refuge	CA	1
Sacramento River Arm	CA	2
Sacramento River National Wildlife Refuge	CA	1
Sacramento School Park	CA	1
Sacramento Softball Complex	CA	1
Sacramento Zoo	CA	1
Sad Lake	OR	2
Saddle Bag Mountain	OR	2
Saddle Bow Mountain	WA	2
Saddle Butte	OR	2
Saddle Butte	WA	2
Saddle Camp	CA	1
Saddle Camp	OR	1
Saddle Camp	WA	1
Saddle Camp Butte	OR	2
Saddle Camp Campground	CA	1
Saddle Camp Forest Service Station	CA	1
Saddle Campground	WA	1
Saddle Dam Campground	WA	0
Saddle Hill	WA	2
Saddle Horse Lake	CA	2
Saddle Junction	CA	0
Saddle Lake	CA	2
Saddle Lake	OR	2
Saddle Lake	WA	2
Saddle Mountain	CA	2
Saddle Mountain	OR	2
Saddle Mountain	WA	2
Saddle Mountain Lake	WA	2
Saddle Mountain National Wildlife Refuge	WA	1
Saddle Mountain State Park	OR	1
Saddle Peak	CA	2
Saddle Peak	WA	2
Saddle Peak Hills Wilderness	CA	1
Saddle Peaks	OR	2
Saddle Point	CA	2
Saddle Point	WA	2
Saddle Rock	CA	2
Saddle Rock	OR	2
Saddle Skirt Rustic Campsite	CA	1
Saddle Trail	OR	1
Saddleback Butte	CA	2
Saddleback Butte State Park	CA	1
Saddleback Mountain	CA	2
Saddleback Park	CA	1
Saddlebag Campground	CA	1
Saddlebag Island	WA	2
Saddlebag Island State Park	WA	1
Saddleblanket Mountain	OR	2
Saddlerock Lake	CA	2
Saddleview Mobile Home Park	WA	0
Sadler Lake	CA	2
Sadler Peak	CA	2
Safety Harbor	WA	2
Safety Harbor Campground	WA	1
Safety Harbor Creek Campground	WA	1
Safford Island (historical)	CA	2
Sage	CA	0
Sage Butte	OR	2
Sage Flat Campground	CA	1
Sage Hen	CA	0
Sage Hen Butte	OR	2
Sage Hen Hill	CA	2
Sage Hen Hill	OR	2
Sage Hen Peak	CA	2
Sage Hill	CA	2
Sage Hill Campground	CA	1
Sage Lake	CA	2
Sage Lakes	WA	2
Sagebrush Butte	CA	2
Sagebrush Flats State Wildlife Area	WA	1
Sagebrush Mountain	OR	2
Sagebrush Point	OR	2
Sagehen Campground	CA	1
Sagehen Creek Campground	CA	1
Sagehen Lake	OR	2
Sagehen Peak	CA	2
Sagehen Summit	OR	2
Sageland	CA	0
Sagemoor	WA	0
Saginaw	OR	0
Saginaw	WA	0
Sahale Arm	WA	2
Sahale Mountain	WA	2
Sahalee	WA	0
Sahallie-Illahee Park	OR	1
Sahl Court	CA	0
Sail Bay	CA	2
Sail Rock	CA	2
Sailfish Isle	CA	2
Sailor Flat Trail	CA	1
Sailor Lake	CA	2
Sailor Lake	WA	2
Sailor Point	CA	2
Sailore Flat Trail	CA	1
Saint Albans-Tacoma Girl Scout Camp	WA	1
Saint Andrews	WA	0
Saint Andrews Lake	WA	2
Saint Andrews Park	CA	1
Saint Andrews Recreation Center	CA	1
Saint Andrews Rock	WA	2
Saint Anthonys Point	CA	2
Saint Benedict	OR	0
Saint Bernard	CA	0
Saint Charles Hill	CA	2
Saint Charles Lake	WA	2
Saint Clair	WA	0
Saint Clair Park	WA	1
Saint Cloud	WA	0
Saint Edwards State Park	WA	1
Saint Francis Park	CA	1
Saint Helena	CA	0
Saint Helens	OR	0
Saint Helens	WA	0
Saint Helens Lake	WA	2
Saint Helens Way	WA	1
Saint Jacobs Lake	WA	2
Saint James Park	CA	1
Saint James Square	CA	1
Saint James Square Historic District	CA	1
Saint John	WA	0
Saint John Lake	WA	2
Saint John Mountain	CA	2
Saint Johns	CA	0
Saint Johns City Park	OR	1
Saint Joseph	OR	0
Saint Joseph Camp	CA	1
Saint Josephs Hill	CA	2
Saint Louis	CA	0
Saint Louis	OR	0
Saint Louis Fish Ponds County Park	OR	1
Saint Malo Beach	CA	1
Saint Martins Hot Springs	WA	0
Saint Marys Bay	CA	2
Saint Marys Girls Camp	CA	1
Saint Marys Peak	CA	2
Saint Marys Playground	CA	1
Saint Marys Regional Park (historical)	OR	1
Saint Marys Square	CA	1
Saint Michael Lake	WA	2
Saint Michaels Mission State Park	WA	1
Saint Nichalos Campground	CA	1
Saint Patrick Mountain	OR	2
Saint Paul	OR	0
Saint Paul Mountain	OR	2
Saint Paul Waterway	WA	2
Saint Pauls Mission State Historical Site	WA	1
Saint Pauls Square	CA	1
Saint Peter Mountain	OR	2
Saint Peters Dome	WA	2
Saint Sophia Camp	CA	1
Saint Urban	WA	0
Saint Vincent	CA	0
Sal M Salazar Park	CA	1
Salamander Lake	OR	2
Salas Park	CA	1
Salazar Park	CA	1
Salee Park	CA	1
Salem	OR	0
Salemtowne	OR	0
Salfingere Park	CA	1
Salida	CA	0
Salinas	CA	0
Salinas Recreation Center	CA	1
Salinas River Dunes Natural Preserve	CA	1
Salinas River Mouth Natural Preserve	CA	1
Salinas River National Wildlife Refuge	CA	1
Salinas River State Beach	CA	1
Salinas Valley Fairgrounds	CA	1
Saline Peak	CA	2
Salisbury Marsh	OR	2
Salisbury Rustic Campsite	CA	1
Salisbury Slough	OR	2
Salish Ponds City Park	OR	1
Salishan	OR	0
Salishan Beach	OR	0
Salishan Lake	OR	2
Salix Park	OR	1
Salkum	WA	0
Sally Tanner Park	CA	1
Sallys Camp	CA	1
Salme Hill	WA	2
Salminas Resort	CA	0
Salmo Mountain	WA	2
Salmo-Priest Wilderness	WA	1
Salmon Bay	WA	2
Salmon Bay Park	WA	1
Salmon Butte	OR	2
Salmon Butte Trail	OR	1
Salmon Cone	CA	2
Salmon Creek	CA	0
Salmon Creek	WA	0
Salmon Creek Campground	CA	1
Salmon Creek Park	OR	1
Salmon Creek Regional Park	WA	1
Salmon Creek Trail	OR	1
Salmon Falls County Park	OR	1
Salmon Falls Park	CA	1
Salmon Harbor County Park	OR	1
Salmon Head	CA	2
Salmon La Sac	WA	2
Salmon Lake	CA	2
Salmon Lake	OR	2
Salmon Lake Trail	CA	1
Salmon Lakes	OR	2
Salmon Meadows Campground	WA	1
Salmon Mountain	CA	2
Salmon Mountain	OR	2
Salmon Mountain Trail	OR	1
Salmon Point	CA	2
Salmon Point	WA	2
Salmon River Campground	OR	1
Salmon River Estuary	OR	2
Salmon River Meadows	OR	2
Salmon Rock Camp	CA	1
Salmon Summit Recreation Trail	CA	1
Salmon la Sac Campground	WA	1
Salmon-Huckleberry Wilderness	OR	1
Salmonberry County Park & Campground	OR	1
Salnave Park	WA	1
Salsberry Peak	CA	2
Salsbury Point	WA	2
Salt Butte	OR	2
Salt Creek Beach Park	CA	1
Salt Creek Campground	CA	1
Salt Creek Campground	WA	1
Salt Creek Campsite	CA	1
Salt Creek Group Campgrounds	CA	1
Salt Creek Hills ACEC	CA	1
Salt Creek Inlet	CA	2
Salt Creek Interpretive Trail	CA	1
Salt Creek Mountain	CA	2
Salt Creek Peak	CA	2
Salt Creek Picnic Area	CA	1
Salt Creek Point Campground	CA	1
Salt Creek Recreation Area	WA	1
Salt Creek Recreation Site (historical)	OR	1
Salt Creek Safety Rest Area (historical)	OR	1
Salt Hill	WA	2
Salt Lake	CA	2
Salt Lake Park	CA	1
Salt Point	CA	2
Salt Point State Park	CA	1
Salt Rock Camp	CA	1
Salt Springs Campground	CA	1
Salt Springs State Game Refuge	CA	1
Salt Trail	OR	1
Salta Verde Point	CA	2
Saltdale	CA	0
Salter Trail	WA	1
Salton	CA	0
Salton Beach	CA	1
Salton City	CA	0
Salton Sea	CA	2
Salton Sea Beach	CA	0
Salton Sea State Recreation Area	CA	1
Saltus	CA	0
Saltwater State Park	WA	1
Salty Acres Wetlands	OR	1
Salvation Army Camp	CA	1
Salvia	CA	0
Salyer	CA	0
Sam Brannan Park	CA	1
Sam Brown Horse Camp	OR	1
Sam Combs Park	CA	1
Sam Henry Mountain	WA	2
Sam Hicks Monument Park	CA	1
Sam Jackson Park	OR	1
Sam Johnson City Park	OR	1
Sam Levi Park	CA	1
Sam Lewis Camp	CA	1
Sam Lynn Ball Park	CA	1
Sam Mack Lake	CA	2
Sam Merrill Trail	CA	1
Sam Watt Rock	CA	2
Samego Point	WA	2
Samish	WA	0
Samish Bay	WA	2
Samish Beach	WA	1
Samish Island	WA	0
Samish Park	WA	1
Samish River State Wildlife Area	WA	1
Samish State Wildlife Area	WA	1
Samison Mountain	OR	2
Sammamish	WA	0
Sammamish Bible Camp	WA	1
Sammamish River Regional Park	WA	1
Sammys Horse Pen Waterhole	OR	2
Samoa	CA	0
Samoa Peninsula	CA	2
Samon Peak	CA	2
Sample Meadow Campground	CA	1
Sampson	WA	0
Sampson Butte	OR	2
Sampson Lake	OR	2
Sampson Peak	CA	2
Sams Trailer Park	WA	0
Sams Valley	OR	0
Samuel H Boardman State Park	OR	1
Samuel P. Taylor State Park	CA	1
San Andreas	CA	0
San Andreas Park	CA	1
San Angelo Park	CA	1
San Anselmo	CA	0
San Anselmo Memorial Park	CA	1
San Antionio Rustic Campsite	CA	1
San Antonio	CA	0
San Antonio Camp	CA	1
San Antonio Canyon Park	CA	1
San Antonio Heights	CA	0
San Antonio Park	CA	1
San Ardo	CA	0
San Augustine	CA	0
San Benito	CA	0
San Benito County Labor Camp	CA	1
San Benito Historical Park	CA	1
San Benito Mountain	CA	2
San Benito-Bitterwater	CA	0
San Bernadino Peak	CA	2
San Bernardino	CA	0
San Bernardino Community Gardens	CA	1
San Bernardino County Fairgrounds	CA	1
San Bernardino County Regional Park Campground	CA	1
San Bernardino East Peak	CA	2
San Bernardino Mountain	CA	2
San Bernardino Peak Divide Trail	CA	1
San Bruno	CA	0
San Bruno Mountain	CA	2
San Bruno Mountain State Park	CA	1
San Buenaventura State Beach	CA	1
San Carlos	CA	0
San Carlos Beach	CA	1
San Carlos Park	CA	1
San Carlos Peak	CA	2
San Carlos Recreation Center	CA	1
San Carpoforo Campground	CA	1
San Cayetano Mountain	CA	2
San Clemente	CA	0
San Clemente City Beach	CA	1
San Clemente Island	CA	2
San Clemente Park	CA	1
San Clemente State Beach	CA	1
San Clemente Trail	CA	1
San Diego	CA	0
San Diego "S" Mountain	CA	2
San Diego Bay	CA	2
San Diego Bay National Wildlife Refuge	CA	1
San Diego Country Estates	CA	0
San Diego County Fairgrounds	CA	1
San Diego National Wildlife Refuge	CA	1
San Diego Presidio	CA	1
San Diego Wild Animal Park	CA	1
San Diego Zoo	CA	1
San Diego-La Jolla Ecological Reserve	CA	1
San Diego-La Jolla Underwater Park	CA	1
San Dieguito County Park	CA	1
San Dieguito Lagoon	CA	2
San Dimas	CA	0
San Dimas Canyon Nature Center	CA	1
San Dimas Canyon Park	CA	1
San Eligo Lagoon County Park and Ecological Reserve	CA	1
San Elijo Lagoon	CA	2
San Elijo State Beach	CA	1
San Elmo	WA	2
San Emidio	CA	0
San Emigdio Girl Scout Camp	CA	1
San Emigdio Mountain	CA	2
San Felipe	CA	0
San Felipe Lake	CA	2
San Felipe Park	CA	1
San Fernando Valley	CA	0
San Francisco	CA	0
San Francisco Bay	CA	2
San Francisco Bay Discovery Site	CA	1
San Francisco Camp	CA	1
San Francisco Campfire Girls Camp	CA	1
San Francisco Maritime National Historical Park	CA	1
San Francisco Park	CA	1
San Francisco Peak	CA	2
San Francisco Peninsula	CA	2
San Francisco State College Camp	CA	1
San Francisco State Fish and Game Refuge	CA	1
San Francisco State University Camp	CA	1
San Francisquito Campground	CA	1
San Gabriel	CA	0
San Gabriel Municipal Park	CA	1
San Gabriel Park	CA	1
San Gabriel Peak	CA	2
San Gabriel Wilderness	CA	1
San Geronimo	CA	0
San Gorgonio Campground	CA	1
San Gorgonio Mountain	CA	2
San Gorgonio Park	CA	1
San Gorgonio Pass	CA	0
San Gorgonio Wilderness	CA	1
San Gregorio	CA	0
San Gregorio Beach	CA	1
San Gregorio State Beach	CA	1
San Guillermo Mountain	CA	2
San Ignacio	CA	0
San Jacinto	CA	0
San Jacinto Peak	CA	2
San Jacinto Ridge Truck Trail	CA	1
San Jacinto River Park	CA	1
San Jacinto Wilderness	CA	1
San Joaquin	CA	0
San Joaquin Butte	CA	2
San Joaquin City Park	CA	1
San Joaquin County Fairgrounds	CA	1
San Joaquin Freshwater Marsh Reserve	CA	1
San Joaquin Mountain	CA	2
San Joaquin Peak	CA	2
San Joaquin River Club	CA	0
San Joaquin River Estates	CA	0
San Joaquin River Gorge Management Area	CA	1
San Joaquin River National Wildlife Refuge	CA	1
San Joaquin-Tranquillity	CA	0
San Jose	CA	0
San Jose Downtown Historic District	CA	1
San Jose Recreation Camp	CA	1
San Juan Bautista	CA	0
San Juan Bautista Historic District	CA	1
San Juan Bautista State Historic Park	CA	1
San Juan Campground	WA	1
San Juan Capistrano	CA	0
San Juan Hill	CA	2
San Juan Hill	WA	2
San Juan Hot Springs	CA	0
San Juan Island	WA	2
San Juan Island National Historical Park	WA	1
San Juan Islands National Wildlife Refuge	WA	1
San Juan Park	CA	1
San Juan Park	WA	1
San Juan Park Campground	WA	1
San Juan Rocks	CA	2
San Juan Trail	CA	1
San Juan Trail	WA	1
San Juan Wilderness	WA	1
San Julian Park	CA	1
San Lawrence Terrace	CA	0
San Leandro	CA	0
San Leandro Bay	CA	2
San Leandro Bay Regional Shoreline	CA	1
San Lorenzo	CA	0
San Lorenzo County Park	CA	1
San Lorenzo Headwaters Natural Preserve	CA	1
San Lorenzo Park	CA	0
San Lucas	CA	0
San Luis Creek Area Campground	CA	1
San Luis Hill	CA	2
San Luis Island	CA	2
San Luis National Wildlife Refuge	CA	1
San Luis Obispo	CA	0
San Luis Obispo Bay	CA	2
San Luis Reservoir State Recreation Area	CA	1
San Luis Reservoir Wildlife Area	CA	1
San Luis Rey Camp	CA	1
San Luis Rey Heights	CA	0
San Luis Rey Park	CA	1
San Marcos	CA	0
San Marine	OR	0
San Marine State Park	OR	1
San Marino	CA	0
San Marino Park	CA	1
San Martin	CA	0
San Martin Rock	CA	2
San Martin Top	CA	2
San Mateo	CA	0
San Mateo Canyon Wilderness	CA	1
San Mateo Coast State Beaches (historical)	CA	1
San Mateo Point	CA	2
San Mateo Rocks	CA	2
San Mateo Trail	CA	1
San Mateo Truck Trail	CA	1
San Miguel	CA	0
San Miguel Island	CA	2
San Miguel Mountain	CA	2
San Miguel Park	CA	1
San Nicolas Island	CA	2
San Onofre	CA	0
San Onofre Bluffs	CA	2
San Onofre Mountain	CA	2
San Onofre State Beach	CA	1
San Pablo	CA	0
San Pablo Bay	CA	2
San Pablo Bay National Wildlife Refuge	CA	1
San Pablo Park	CA	1
San Pasqual Battlefield State Historic Park	CA	1
San Pedro Bay	CA	2
San Pedro Beach	CA	1
San Pedro Escarpment	CA	2
San Pedro Hill	CA	0
San Pedro Mountain	CA	2
San Pedro Mountain Open Space Preserve	CA	1
San Pedro Park	CA	1
San Pedro Plaza Park	CA	1
San Pedro Recreation Center	CA	1
San Pedro Rock	CA	2
San Pedro Valley County Park	CA	1
San Quentin	CA	0
San Rafael	CA	0
San Rafael Bay	CA	2
San Rafael Hill	CA	2
San Rafael Mountain	CA	2
San Rafael Park	CA	1
San Rafael Peak	CA	2
San Rafael Wilderness	CA	1
San Ramon	CA	0
San Ramon Veteran Civilian Conservation Corps Camp	CA	1
San Ramon Village	CA	0
San Remo Park	CA	1
San Roque Park	CA	1
San Salvador Access	OR	1
San Salvador Beach	OR	1
San Sevaine Cow Camp	CA	1
San Simeon	CA	0
San Simeon Bay	CA	2
San Simeon Beach State Park (historical)	CA	1
San Simeon Natural Preserve	CA	1
San Simeon Point	CA	2
San Souci Mobile Estates	WA	0
San Tomas	CA	0
San Tomas Park	CA	1
San Vernon Park	CA	1
San Veron Park	CA	1
San Vicente Mountain	CA	2
San Ysidro	CA	0
San Ysidro Community Park	CA	1
San Ysidro Mountain	CA	2
San Ysidro Park	CA	1
San Ysidro Trail	CA	1
San de Fuca	WA	0
Sanborn	CA	0
Sanborn County Park	CA	1
Sanborn Hill	CA	2
Sanborn Park	CA	1
Sanborn-Skyline County Park	CA	1
Sanchez Park	CA	1
Sand - Lo Trailer Park	WA	0
Sand Bar Flat Campground	CA	1
Sand Bay	CA	2
Sand Beach	CA	1
Sand Butte	OR	2
Sand Butte	WA	2
Sand Camp Lake	OR	2
Sand Canyon	CA	0
Sand City	CA	0
Sand Creek Mountain	WA	2
Sand Dollar Beach	CA	1
Sand Dune Park	CA	1
Sand Dunes Bluff	CA	2
Sand Dunes Bluff Trail	CA	1
Sand Flat Campground	CA	1
Sand Hill	CA	0
Sand Hill	OR	2
Sand Hill	WA	2
Sand Hill (historical)	CA	2
Sand Hill Bluff	CA	2
Sand Hill Cove	CA	2
Sand Hill Trail	CA	1
Sand Hills	OR	2
Sand Hills Park	CA	1
Sand Island	OR	2
Sand Island	WA	2
Sand Island (historical)	OR	2
Sand Island Marine Park	OR	1
Sand Lake	CA	2
Sand Lake	OR	2
Sand Lake	WA	2
Sand Lake Estuary	OR	2
Sand Lake Recreation Area	OR	1
Sand Lake Trail	WA	1
Sand Mountain	CA	2
Sand Mountain	OR	2
Sand Point	CA	2
Sand Point	OR	2
Sand Point	WA	2
Sand Pond	CA	2
Sand Ridge Lake	CA	2
Sand Ridge Trail	WA	1
Sand Rock	CA	2
Sand Rock	OR	2
Sand Rock Mountain	OR	2
Sand Rock Peak	CA	2
Sand Spring Butte	OR	2
Sand Springs Beach	CA	1
Sand Station Recreation Area	OR	1
Sandberg	CA	0
Sandburg Park	CA	1
Sandee Palisades City Park	OR	1
Sanders	CA	0
Sanders Field	WA	1
Sanders Hill	WA	2
Sandford Point	WA	2
Sandhill Lake	CA	2
Sandia	CA	0
Sandlake	OR	0
Sandlewood Park	CA	1
Sandman Park	CA	1
Sandoz	CA	0
Sandpiper Lake	CA	2
Sandpiper Mobile Home Park	CA	0
Sandpoint Lake	OR	2
Sandpointe Park	CA	1
Sandrock Mountain	OR	2
Sandrocks	CA	2
Sands	CA	0
Sands 55 Plus Mobile Park	WA	0
Sandstone Peak	CA	2
Sandstone Peak Trailhead	CA	1
Sandstone Point	OR	2
Sandstone Trail	OR	1
Sandy	OR	0
Sandy Acres Mobile Home Park	WA	0
Sandy Beach	CA	1
Sandy Beach	WA	1
Sandy Beach Park	CA	1
Sandy Bend	WA	0
Sandy Butte	OR	2
Sandy Butte	WA	2
Sandy Campground	CA	1
Sandy Cove Beach	CA	1
Sandy Creek Covered Bridge	OR	1
Sandy Glacier Headwall	OR	2
Sandy Gulch	CA	0
Sandy Gulch Field Baseball Park	CA	1
Sandy Gulch State Historic Landmark	CA	1
Sandy Island	OR	2
Sandy Island	WA	2
Sandy Korner	CA	0
Sandy Lake	OR	2
Sandy Point	CA	2
Sandy Point	WA	2
Sandy Point Campground	CA	1
Sandy River Scenic Waterway	OR	1
Sandy River Trail	OR	1
Sandy Shore Lake	WA	2
Sandyland	CA	0
Sandyland Cove	CA	0
Sanel Mountain	CA	2
Sanford Heights Park	OR	1
Sanford Heights Playground	OR	1
Sanford Lake	CA	2
Sanger	CA	0
Sanger Lake	CA	2
Sanger Lake	WA	2
Sanger Park	CA	1
Sanger Peak	CA	2
Sangers Slough	CA	2
Sanhedrin Wilderness	CA	1
Sanitarium	CA	0
Sank Park	CA	1
Sankey	CA	0
Sanpoil Lake	WA	2
Sanpoil River Arm	WA	2
Santa Ana	CA	0
Santa Ana Divide Trail	CA	1
Santa Ana Mountain	CA	2
Santa Ana River County Beach	CA	1
Santa Ana Zoo	CA	1
Santa Anita	CA	0
Santa Anita Park	CA	1
Santa Anita Trail	CA	1
Santa Barbara	CA	0
Santa Barbara Botanic Garden	CA	1
Santa Barbara County Fairgrounds and Convention Center	CA	1
Santa Barbara Cove	CA	2
Santa Barbara Island	CA	2
Santa Barbara Municipal Tennis Court	CA	1
Santa Barbara Point	CA	2
Santa Barbara Zoological Gardens	CA	1
Santa Catalina Island	CA	2
Santa Clara	CA	0
Santa Clara	OR	0
Santa Clara Cove	CA	2
Santa Clara Estuary Natural Preserve	CA	1
Santa Clara Point	CA	2
Santa Clara Point Community Park	CA	1
Santa Clara Point Recreation Center	CA	1
Santa Clarita	CA	0
Santa Clarita Park	CA	1
Santa Cruz	CA	0
Santa Cruz Anchorage	CA	2
Santa Cruz Bay	CA	2
Santa Cruz Big Trees County Park	CA	1
Santa Cruz County Fairgrounds	CA	1
Santa Cruz Downtown Historic District	CA	1
Santa Cruz Island	CA	2
Santa Cruz Long-Toed Salamander Ecological Reserve	CA	1
Santa Cruz Main Beach	CA	1
Santa Cruz Mission State Historic Park	CA	1
Santa Cruz Mountain	CA	2
Santa Cruz Park	CA	1
Santa Cruz Peak	CA	2
Santa Cruz Point	CA	2
Santa Cruz Rustic Campsite	CA	1
Santa Cruz Trail	CA	1
Santa Fe Depot Park	CA	1
Santa Fe Park	CA	1
Santa Fe Springs	CA	0
Santa Fe Springs Park	CA	1
Santa Juanita Neighborhood Park	CA	1
Santa Lucia Memorial Park	CA	1
Santa Lucia Wilderness	CA	1
Santa Margarita	CA	0
Santa Margarita Community Park	CA	1
Santa Margarita Ecological Reserve	CA	1
Santa Margarita Groves	CA	0
Santa Margarita Island Preserve	CA	1
Santa Margarita Marsh	CA	2
Santa Margarita Valley Park	CA	1
Santa Margerita Lake Park	CA	1
Santa Maria	CA	0
Santa Maria Beach	CA	1
Santa Monica	CA	0
Santa Monica Bay	CA	2
Santa Monica Mountains National Recreation Area	CA	1
Santa Monica State Beach	CA	1
Santa Nella	CA	0
Santa Nella Village	CA	0
Santa Paula	CA	0
Santa Paula Canyon Trail	CA	1
Santa Paula Peak	CA	2
Santa Rita	CA	0
Santa Rita Park	CA	0
Santa Rita Peak	CA	2
Santa Rosa	CA	0
Santa Rosa Campground	CA	1
Santa Rosa Creek Natural Preserve	CA	1
Santa Rosa Creek Trail	CA	1
Santa Rosa Hills	CA	2
Santa Rosa Island	CA	2
Santa Rosa Mountain	CA	2
Santa Rosa Mountains State Wilderness	CA	1
Santa Rosa Park	CA	1
Santa Rosa Ranch Estates	CA	0
Santa Rosa Ranch Trail	CA	1
Santa Rosa South	CA	0
Santa Rosa Spring Campground	CA	1
Santa Rosa West	CA	0
Santa Rosa Wilderness	CA	1
Santa Rosalia Mountain	CA	2
Santa Susana County Park	CA	1
Santa Susana Knolls	CA	0
Santa Susana Pass State Historic Park	CA	1
Santa Venetia	CA	0
Santa Venetia Marsh Preserve	CA	1
Santa Vittoria Park	CA	1
Santa Ynez	CA	0
Santa Ynez Campground	CA	1
Santa Ynez Canyon Park	CA	1
Santa Ynez County Park	CA	1
Santa Ynez Lake	CA	2
Santa Ynez Peak	CA	2
Santa Ynez Point	CA	2
Santa Ysabel	CA	0
Santa Ysabel Peak	CA	2
Santa Ysabel Truck Trail	CA	1
Santana County Park	OR	1
Santana Park	CA	1
Santee	CA	0
Santee Lake Regional Park	CA	1
Santiago	WA	0
Santiago Oaks Regional Park	CA	1
Santiago Park	CA	1
Santiago Peak	CA	2
Santiago Truck Trail	CA	1
Santiam Lake	OR	2
Santiam Peak	OR	2
Santiam Terrace	OR	0
Sapolil	WA	0
Sapphire Lake	CA	2
Sapphire Lake	OR	2
Sappho	WA	0
Sapps Hill	CA	2
Sara	WA	0
Sara Hite Rose Garden	OR	1
Sarah Helmick State Park	OR	1
Sarah Lake	OR	2
Sarah Totten Campground	CA	1
Saranap	CA	0
Saratoga	CA	0
Saratoga	WA	0
Saratoga Acres	CA	0
Saratoga Creek Park	CA	1
Saratoga Gap Open Space Preserve	CA	1
Saratoga Park	CA	1
Saratoga Point	WA	2
Saratoga Shores	WA	0
Saratoga Springs	CA	0
Sardella Lake	CA	2
Sardine Butte	OR	2
Sardine Campground	CA	1
Sardine Lake	CA	2
Sardine Lake	WA	2
Sardine Lakes	CA	2
Sardine Mountain	OR	2
Sardine Peak	CA	2
Sardine Point	CA	2
Sares Head	WA	2
Sargent	CA	0
Sargent Butte	OR	2
Sarsapkin Creek Trail (historical)	WA	1
Sarvinski Lakes	WA	2
Sarvis Mobile Estates	WA	0
Sarvorum Mountain	CA	2
Sarzotti Park	CA	1
Saska Peak	WA	2
Sasscer Park	CA	1
Sasse Mountain	WA	2
Sasse Mountain Trail	WA	1
Sasse Pond	WA	2
Satan Creek Forest Camp	OR	1
Satellite Island	WA	2
Satellite Lake	CA	2
Satellite Park	CA	1
Sather Park	WA	1
Saticoy	CA	0
Satin Peak	CA	2
Satsop	WA	0
Satsop Lakes	WA	2
Satsop State Wildlife Area	WA	1
Satterberg Heights Park	OR	1
Sattley	CA	0
Satulick Mountain	WA	2
Saturday Camp	CA	1
Saturday Peak	CA	2
Saturday Rock	WA	2
Satus	WA	0
Satus City Park	OR	1
Satus Peak	WA	2
Saucelito	CA	0
Saucer Lake	CA	2
Saucer Lake	WA	2
Sauerkraut Peak	CA	2
Saugstad Park	CA	1
Saugus Del Sur Truck Trail	CA	1
Sauk	WA	0
Sauk Lake	WA	2
Sauk Mountain	WA	2
Sauk River Campground	WA	1
Saunders Lake	OR	0
Saunders Lake Boat Ramp	OR	1
Saunders Park	CA	1
Saunders Place	CA	0
Saunders Rim	OR	2
Sausage Mountain	CA	2
Sausalito	CA	0
Sausalito Point	CA	2
Sausalito Town Square	CA	1
Sauvie Island	OR	2
Sauvie Island Boat Ramp	OR	1
Sauvie Island Game Management Area	OR	1
Savage Avenue Park	CA	1
Savage Bluffs	OR	2
Savage Island	WA	2
Savage Memorial Trail	WA	1
Savage Monument (historical)	CA	1
Savage Rapids County Park	OR	1
Savahia Peak	CA	2
Savercool Place	CA	0
Sawed Horn	OR	2
Sawmill Butte	OR	2
Sawmill Campground	CA	1
Sawmill Core	CA	2
Sawmill Creek Camp	OR	1
Sawmill Creek Campground	CA	1
Sawmill Creek Trail	CA	1
Sawmill Flat	CA	0
Sawmill Flat Campground	CA	1
Sawmill Flat Campground	WA	1
Sawmill Lake	CA	2
Sawmill Lake	WA	2
Sawmill Liebre Firebreak Trail	CA	1
Sawmill Meadows Camping Area	CA	1
Sawmill Mountain	CA	2
Sawmill Peak	CA	2
Sawmill Point	CA	2
Sawmill Ridge Trail	WA	1
Sawmill Tom Trail	CA	1
Sawtooth	CA	2
Sawtooth Mountain	CA	2
Sawtooth Mountain	OR	2
Sawtooth Mountain	WA	2
Sawtooth Mountains Wilderness	CA	1
Sawtooth Peak	CA	2
Sawtooth Peak	OR	2
Sawtooth Trail	WA	1
Sawtooth Way	OR	1
Sawtooths	CA	2
Sawyer	WA	0
Sawyer Camp	WA	1
Sawyer Park	OR	1
Sawyer Peak	CA	2
Sawyers Bar	CA	0
Saxby	WA	0
Saxon	CA	0
Saxon	WA	0
Saxonia Lake	CA	2
Saxton County Park	OR	1
Saybrook Park	CA	1
Sayles Flat Campground	CA	1
Sayres Memorial Park	WA	1
Scaath	CA	0
Scaffold Peak	WA	2
Scales	CA	0
Scammon Landing	WA	0
Scandia	WA	0
Scanlon Lake	WA	2
Scaponia Campground	OR	1
Scappoose	OR	0
Scappoose Bay	OR	2
Scappoose R V Park	OR	1
Scar Hill	WA	2
Scar Mountain	OR	2
Scar Mountain	WA	2
Scar Mountain Trail	OR	1
Scarab Lake	CA	2
Scarboro Hill	WA	2
Scaredman Camp	OR	1
Scaredman Creek Recreation Site	OR	1
Scareoff Point	OR	2
Scarface	CA	0
Scarface	WA	2
Scarpet Peak	CA	2
Scatchet Head	WA	2
Scatter Creek Campground	WA	1
Scatter Creek State Wildlife Area	WA	1
Scatter Lake	WA	2
Scenic Beach	WA	1
Scenic Beach State Park	WA	1
Scenic Brook	CA	0
Scenic Heights	CA	0
Scenic Heights	WA	2
Scenic Park	OR	1
Scenic Valley Ranchos	CA	0
Scenic View	CA	0
Scepter Lake	CA	2
Schabarum Regional Park	CA	1
Schader Park	CA	1
Schadler Cow Camp	OR	1
Schaefer Creek Campground	WA	1
Schaefer Lake	WA	2
Schaeffer Mountain	CA	2
Schafer Park	CA	1
Schafer State Park	WA	1
Schaffer Mountain	CA	2
Schalow Mountain	WA	2
Schalow Pond	WA	2
Schau Peak	CA	2
Scheelite	CA	0
Scheelite Lake	WA	2
Schell Mountain	CA	2
Schellville	CA	0
Schenk Camp	CA	1
Scherer Park	CA	1
Scheupbach Powerline Park	OR	1
Schilling	CA	0
Schilling Lake	CA	2
Schindler Landing County Park	OR	1
Schlein Trail	CA	1
Schlomer	WA	0
Schmidt Camp	CA	1
Schmith Knob	WA	2
Schmitz Park	WA	1
Schmuck Park	WA	1
Schneider Butte	OR	2
Schneider Camp	CA	1
Schneider Hill	CA	2
Schneiders Prairie	WA	0
Schober Lakes	CA	2
Schocken Hill	CA	2
Schoen Park	CA	1
Schofield Peak	CA	2
Scholls	OR	0
Schonchin Butte	CA	2
School Camp	CA	1
School Hill	CA	2
School Hill	OR	2
School Land Bay	OR	2
School Section Lake	OR	2
School Section Table	OR	2
Schoolhouse Campground	CA	1
Schoolhouse Hill	CA	2
Schoolhouse Hill	OR	2
Schoolhouse Island	CA	2
Schoolhouse Peak	CA	2
Schoolhouse Point	CA	2
Schoolhouse Point	WA	2
Schoolmarm Lake	CA	2
Schoolteacher Hill	CA	2
Schoonamaker Lake	CA	2
Schooner Bay	CA	2
Schooner Gulch State Beach	CA	1
Schooner Point	OR	2
Schooner Rocks	OR	2
Schoonover	WA	0
Schrag	WA	0
Schramsberg Winery Historical Marker	CA	1
Schreiber Lodge Boy Scout Camp	OR	1
Schreiner Peak	OR	2
Schrode Lake	CA	2
Schroeder County Park	OR	1
Schroeder Mountain	CA	2
Schroeder Park	CA	1
Schultz Park	CA	1
Schultz Sheep Camp	CA	1
Schultz Trail	CA	1
Schumacher Creek Natural Area Preserve	WA	1
Schumacher Point	CA	2
Schumaker Mountain	WA	2
Schwan Lagoon	CA	2
Schwana	WA	0
Schwartz Park	OR	1
Schwaub Peak	CA	2
Schweitzer Park	CA	1
Scio	OR	0
Sciots Camp	CA	0
Scissors Crossing	CA	0
Sclome Mountain	WA	2
Scobert Gardens City Park	OR	1
Scodie Park	CA	1
Scoop Lake	CA	2
Scoop Mountain	WA	2
Scooteney Park Recreation Area	WA	1
Scoria Cone	OR	2
Scorpion Anchorage	CA	2
Scorpion Butte	OR	2
Scorpion Lake	CA	2
Scorpion Mountain	OR	2
Scorpion Mountain	WA	2
Scorpion Mountain Trail	OR	1
Scorpion Point	CA	2
Scorpion Ridge Trail	OR	1
Scotch Brown Park	WA	1
Scotch Creek State Wildlife Area	WA	1
Scotchman Lake	WA	2
Scotia	CA	0
Scotia	WA	0
Scotia Bluffs	CA	2
Scotland	CA	0
Scott	WA	0
Scott Bar	CA	0
Scott Bar Pond	CA	2
Scott Bluffs	OR	2
Scott Butte	OR	2
Scott County Park	CA	1
Scott Creek Beach	CA	1
Scott Creek County Park	OR	1
Scott Creek Marsh	CA	2
Scott Hill	CA	2
Scott Lake	CA	2
Scott Lake	OR	2
Scott Lake	WA	2
Scott Leavitt Park	OR	1
Scott Mountain	CA	2
Scott Mountain	OR	2
Scott Mountain	WA	2
Scott Mountain Campground	CA	1
Scott Park	CA	1
Scott Park	OR	1
Scott Peak	CA	2
Scott Peak	WA	2
Scott Place	CA	0
Scott Point	WA	2
Scott Rock	CA	2
Scott Trail	OR	1
Scott's Place Park	OR	1
Scott-Flat Campground	CA	1
Scotton Corner	WA	0
Scotts	CA	0
Scotts Bluff	WA	2
Scotts Cabin Trail	CA	1
Scotts Corner	CA	0
Scotts Flat	CA	0
Scotts Lake	CA	2
Scotts Mills	OR	0
Scotts Mills County Park	OR	1
Scotts Mountain	CA	2
Scotts Point	WA	2
Scotts Valley	CA	0
Scottsburg	OR	0
Scottsburg Park	OR	1
Scottsville	CA	0
Scotty Creek Campground	WA	1
Scotty Place	CA	0
Scotty Point	CA	2
Scottys Pond	OR	2
Scout Carson Lake	CA	2
Scout Hill	OR	2
Scout Island	CA	2
Scout Island	WA	2
Scout Lake	OR	2
Scout Lake	WA	2
Scout Lake Group Camp	OR	1
Scout Peak	CA	2
Scouter Mountain	OR	2
Scow Bay	WA	2
Scrabble Lake	WA	2
Scrabble Mountain	WA	2
Scrabbler Mountain	WA	2
Scraggy Mountain	CA	2
Scramble Point	WA	2
Scranton	CA	0
Scratch Hill	CA	2
Scratch Post Butte	OR	2
Scravel Hill	OR	2
Scriber Lake	WA	2
Scribner	WA	0
Scribner Mountain	CA	2
Scripps Park	CA	1
Scripps Shoreline Underwater Reserve	CA	1
Scully Hill	CA	2
Sculptured Beach	CA	1
Scylla	CA	2
Sea Acre	WA	0
Sea Air Park	CA	1
Sea Breeze Mobile Home Park	WA	0
Sea Bridge Park	CA	1
Sea Canyon Park	CA	1
Sea Cliff	CA	0
Sea Cliff County Park	CA	1
Sea Cloud Park	CA	1
Sea Lion Cove	CA	2
Sea Lion Point	OR	2
Sea Lion Point Trail	CA	1
Sea Lion Rock	CA	2
Sea Lion Rock	OR	2
Sea Lion Rock	WA	2
Sea Lion Rocks	CA	2
Sea Ranch	CA	0
Sea Terrace Community Park	CA	1
Sea View Beach	CA	1
Sea-Aire Park	CA	1
SeaTac	WA	0
Seabeck	WA	0
Seabeck Bay	WA	2
Seabee Park	CA	1
Seabird Mobile Home Park	WA	0
Seabold	WA	0
Seabright	CA	0
Seabright Beach	CA	1
Seabury Pond	WA	2
Seacliff	CA	0
Seacliff State Beach	CA	1
Seafarm Cove	WA	2
Seafield Lake	WA	2
Seagrove Park	CA	1
Seahaven	CA	0
Seahpo Peak	WA	2
Seahurst	WA	0
Seahurst Park	WA	1
Seal Beach	CA	0
Seal Beach National Wildlife Refuge	CA	1
Seal Cove	CA	0
Seal Cove	OR	2
Seal Island	OR	2
Seal Islands	CA	2
Seal Lake	OR	2
Seal Point	OR	2
Seal Rock	CA	2
Seal Rock	OR	0
Seal Rock	WA	0
Seal Rock Campground	WA	1
Seal Rock County Wayside	OR	1
Seal Rock Reserve	CA	1
Seal Rock State Recreation Site	OR	1
Seal Rocks	CA	2
Seal Rocks	OR	2
Seal Rocks Beach	CA	1
Seals Stadium (historical)	CA	1
Seaquest State Park	WA	1
Searles	CA	0
Searles Valley	CA	0
Searose Beach	OR	0
Sears Lake	OR	2
Sears Lake	WA	2
Sears Park	CA	1
Sears Point	CA	0
Searsville Historical Marker	CA	1
Seaside	CA	0
Seaside	OR	0
Seaside Creek Beach	CA	1
Seaside Gardens County Park	CA	1
Seaside Park	CA	1
Seaside Wilderness Park	CA	1
Seatons Grove	WA	0
Seattle	WA	0
Seattle Heights	WA	0
Seattle Hill	WA	0
Seattle Hill-Silver Firs	WA	0
Seattle International Raceway	WA	1
Seaview	CA	0
Seaview	WA	0
Seaview City Park	OR	1
Seaview Lake	OR	2
Seaview Park	CA	1
Seaview Park	WA	1
Seawall Park	WA	1
Sebastopol	CA	0
Sebring Park	CA	1
Secar Rock	WA	2
Secline Beach	CA	1
Secombe Lake State Urban Recreation Area	CA	1
Second Avenue Park	CA	1
Second Beach	WA	1
Second Butte	CA	2
Second Dinkey Lake	CA	2
Second Divide Trail	CA	1
Second Falls Campground	CA	1
Second Garrotte	CA	0
Second Lake	CA	2
Second Lake	OR	2
Second Lake	WA	2
Second Peak	OR	2
Second Prairie Mountain	OR	2
Second Street Park	CA	1
Second Street Playground	CA	1
Second Sugarloaf	CA	2
Second Top	WA	2
Secret Frisbee Beach	CA	1
Secret Harbor	WA	2
Secret House Campground	CA	1
Secret Lake	CA	2
Secret Spring Mountain	CA	2
Secret Town	CA	0
Section 3 Lake	WA	2
Section Line Lake	CA	2
Section Line Trail	OR	1
Sedco Hills	CA	0
Sedco Hills  (historical)	CA	0
Sedge Lake	CA	2
Sedro-Woolley	WA	0
Sedum Point	WA	2
Seeley	CA	0
Seeley Park	CA	1
Seely Park	CA	1
Seep Lakes State Wildlife Area	WA	1
Segelsen Lake	WA	2
Seguro	CA	0
Sehome Hill	WA	2
Sehome Hill Arboretum	WA	1
Seiad Valley	CA	0
Seibenthaller Park	WA	1
Seig Ponds	OR	2
Seigler Mountain	CA	2
Seigler Springs	CA	0
Sekiu	WA	0
Sekiu Mountain	WA	2
Sekiu Point	WA	2
Selah	WA	0
Selah Butte	WA	2
Selah Cliffs Natural Area Preserve	WA	1
Selah Heights	WA	2
Selby	CA	0
Selby Ranch Cow Camp	CA	1
Seldom Seen Mountain	WA	2
Selfs Trailer Park	WA	0
Selick Park	CA	1
Selleck	WA	0
Sellers Butte	OR	2
Sellers Lake	WA	2
Sellers Marsh	OR	2
Sellwood City Park	OR	1
Sellwood Riverfront City Park	OR	1
Selma	CA	0
Selma	OR	0
Selma Park	CA	1
Seltice	WA	0
Selwyn Park	CA	1
Semas Mountain	CA	2
Semiahmoo	WA	0
Semiahmoo Bay	WA	2
Semiahmoo Spit	WA	2
Seminary Hill	WA	2
Seminary Hill Natural Area	WA	1
Seminole Hot Springs	CA	0
Seminole Park	OR	1
Seminole Springs Trailer Park	CA	0
Semitropic	CA	0
Sempervirens Campground	CA	1
Semple Point	CA	2
Seneca	CA	0
Seneca	OR	0
Seneca Cow Camp	OR	1
Seneca Fouts Memorial State Park	OR	1
Senecal Creek Greenway	OR	1
Senior Citizen Park	OR	1
Senior Estates Park	OR	1
Senn's Dairy City Park	OR	1
Senoj Lake	OR	2
Senoj Trail	OR	1
Sentenac Mountain	CA	2
Sentence Cienaga	CA	2
Sentinal Peak	CA	2
Sentinel Butte	CA	2
Sentinel Butte	WA	2
Sentinel Campground	CA	1
Sentinel Dome	CA	2
Sentinel Field	CA	1
Sentinel Hill	CA	2
Sentinel Hills	OR	2
Sentinel Island	WA	2
Sentinel Mountain	WA	2
Sentinel Peak	CA	2
Sentinel Peak	OR	2
Sentinel Peak	WA	2
Sentinel Rock	CA	2
Sentinel Rocks	CA	2
Sentinels Sister	WA	2
Seola Beach	WA	0
Seola Park	WA	1
Separation Corrals Camp	OR	1
Separation Creek Cutoff	OR	1
Separation Creek Trail	OR	1
Separation Lake	OR	2
Sepulveda Dam Recreation Area	CA	1
Sepulveda Recreation Center	CA	1
Sequalitchew Lake	WA	2
Sequim	WA	0
Sequim Bay	WA	2
Sequim Bay State Park	WA	1
Sequim Bay State Park Campground	WA	1
Sequit Point	CA	2
Sequoia	CA	0
Sequoia Camp GSA	CA	1
Sequoia Crest	CA	0
Sequoia Group Camp	CA	1
Sequoia Lake	CA	2
Sequoia National Park	CA	1
Sequoia Nature Trail	CA	1
Sequoia Park	CA	1
Sequoia Trail	CA	1
Sequoia and Kings Canyon National Parks	CA	1
Sequoia-Kings Canyon Wilderness	CA	1
Serafin Point	OR	2
Serah Lindsay Park	OR	1
Serena	CA	0
Serena Lake	CA	2
Serena Park	CA	0
Serene	WA	0
Serene Lake	CA	2
Serene Lake	OR	2
Serene Terrace Mobile Home Park	WA	0
Serenity Bay	OR	2
Sereno Del Mar	CA	0
Serfas Club Park	CA	1
Sergeant City Park	OR	1
Serpentine Loop Trail	CA	1
Serpentine Point	CA	2
Serpentine Point	OR	2
Serra Mesa Park	CA	1
Serra Mesa Recreation Center	CA	1
Serra Monument	CA	1
Serra Park	CA	1
Serra Village	CA	0
Serrania Avenue Park	CA	1
Serrano	CA	0
Serrano Campground	CA	1
Serrano Creek Community Park	CA	1
Serrano Point	OR	2
Servia	WA	0
Service Buttes	OR	2
Service Creek	OR	0
Serviceberry Camp	OR	1
Sespe	CA	0
Sespe Condor Sanctuary	CA	1
Sespe Park	CA	1
Sespe Village	CA	0
Sespe Wilderness	CA	1
Sesti Tgawaals Marsh	OR	2
Sesti Tgawaals Point	OR	2
Sesti Tgawaals Wildlife Area	OR	1
Setchfield Lake	WA	2
Setterquist Park	CA	1
Setting Sun Mountain	WA	2
Settlemier Park	OR	1
Settler Point	OR	2
Settlers Trail	CA	1
Seufert County Park	OR	1
Sevehah Cliff	CA	2
Seven Bays	WA	0
Seven Devils	OR	2
Seven Devils	WA	2
Seven Devils State Park	OR	1
Seven Fingered Jack	WA	2
Seven Gables	CA	2
Seven Hills Park	CA	1
Seven Lakes	CA	2
Seven Lakes Mobile Home Park	WA	0
Seven Lakes Trail	OR	1
Seven Oaks	CA	0
Seven Oaks	OR	0
Seven Oaks Trail	CA	1
Seven Pines	CA	0
Seven Pines Campsite	CA	1
Seven Up Lake	CA	2
Seven Up Peak	CA	2
Seven-Nine Trail	OR	1
Seven-infantry Bluff	WA	2
Sevenmile Hill	OR	2
Sevenmile Marsh	OR	2
Sevenmile Marsh Campground	OR	1
Sevenmile Peak	OR	2
Sevenmile Trail	OR	1
Seventeen Hill	CA	2
Seventeenmile Mountain	WA	2
Seventeenmile Point	CA	2
Seventeenmile Trail	WA	1
Seventeenth Avenue Park	CA	1
Seventeenth Street Park	CA	1
Seventh Avenue Park	CA	1
Seventh Avenue and Walnut Park	CA	1
Seventh Day Adventist Organization Camp	OR	1
Seventh Lake	CA	2
Severice Road Trail	CA	1
Seversons Bay	WA	2
Severt-Iverson County Park	OR	1
Seville	CA	0
Seville Lake	CA	2
Seville Park	CA	1
Sewallcrest City Park	OR	1
Seward Park	WA	1
Seward Peak	WA	2
Sewart Mountain	CA	2
Sewer Trail	OR	1
Sexton Mountain	OR	2
Sexton Mountain Meadows Park	OR	1
Sexton Mountain Wetlands Park	OR	1
Seymour Hill	WA	2
Seymour Park	CA	1
Seymour Peak	WA	2
Shackleford Place	CA	0
Shad Park	CA	1
Shade Garden	CA	1
Shadequarter Mountain	CA	2
Shadle Park	WA	1
Shadow	WA	0
Shadow Bay	OR	2
Shadow Bay	WA	2
Shadow Bay Campground Boat Ramp	OR	1
Shadow Cliffs Regional Recreation Area	CA	1
Shadow Creek Campground	CA	1
Shadow Creek Park	OR	1
Shadow Falls Campground	OR	1
Shadow Hill Park	CA	1
Shadow Hills	CA	2
Shadow Lake	CA	2
Shadow Lake	OR	2
Shadow Lake	WA	2
Shadow Mountain	CA	2
Shadow Mountain	WA	2
Shadow Mountain Mobile Home Park	CA	0
Shadow Oak Park	CA	1
Shadow Pines Mobile Estates	WA	0
Shadow Ranch Park	CA	1
Shadow Ridge Creek	CA	0
Shadow Wood City Park	OR	1
Shadowbrook Trail	CA	1
Shadowcreek Park	CA	1
Shadowood	OR	0
Shadowood Park	CA	1
Shady Camp	CA	1
Shady Campground	WA	1
Shady Cove	OR	0
Shady Cove Group Campground	CA	1
Shady Creek Fire Camp	CA	1
Shady Dell	CA	0
Shady Dell	OR	0
Shady Glen	CA	0
Shady Glen Mobile Home Park	WA	0
Shady Grove Park	CA	1
Shady Haven Mobile Home Park	WA	0
Shady Hill Mobile Home Park	WA	0
Shady Lake	WA	2
Shady Lawn Mobile Home Park	WA	0
Shady Oaks Camp	CA	1
Shady Park	WA	1
Shady Pass Campground	WA	1
Shady Pine	OR	0
Shady Point	OR	2
Shady Rest Campground	CA	1
Shady Rest Park	CA	1
Shady Woods East and West Mobile Home Park	WA	0
Shadywood Park	OR	1
Shaeirn Lake	CA	2
Shafers Point	WA	2
Shaffer Mountain	CA	2
Shaffer Park	CA	1
Shafrans Mobile Estate	WA	0
Shafter	CA	0
Shafter Campground	CA	1
Shag Arm	OR	2
Shag Lake	OR	2
Shag Rock	CA	2
Shag Rock	WA	2
Shake Butte	OR	2
Shake Camp	CA	1
Shake Camp	OR	1
Shake Camp Campground	CA	1
Shake Camp Pack Station	CA	1
Shake City	CA	0
Shake Table	OR	2
Shaker Church	WA	0
Shakespeare Garden	CA	1
Shale Butte	OR	2
Shale Lake	OR	2
Shallow Bay	WA	2
Shallow Lake	CA	2
Shallow Lake	OR	2
Shalow Beach	CA	1
Shamel County Park	CA	1
Shamel Park	CA	1
Shamrock Lake	CA	2
Shamrock Lake	WA	2
Shandon	CA	0
Shane Park	WA	1
Shanghai Bend Park	CA	1
Shaniko	OR	0
Shaniko Butte	OR	2
Shanks Cove Trail	CA	1
Shannon	CA	0
Shannon Butte	CA	2
Shannon Creek Campground	WA	1
Shannon Park	CA	1
Shannon Place	CA	0
Shannon Point	WA	2
Shano	WA	0
Shapell Park	CA	1
Shark Inlet	CA	2
Shark Rock	WA	2
Sharktooth Lake	CA	2
Sharktooth Peak	CA	2
Sharon	CA	0
Sharon Hills Park	CA	1
Sharon Lake	CA	2
Sharon Park	CA	1
Sharon Valley	CA	0
Sharp Mountain	CA	2
Sharp Note Lake	CA	2
Sharp Park	CA	1
Sharp Park Beach	CA	1
Sharp Peak	CA	2
Sharp Peak	OR	2
Sharp Point	CA	2
Sharp Rock	CA	2
Sharp Top	OR	2
Sharpe Cove	WA	2
Sharpes Corner	WA	0
Sharps Creek Wayside	OR	1
Shasta	CA	0
Shasta Bally	CA	2
Shasta Butte	OR	2
Shasta Lake	CA	0
Shasta Park	CA	1
Shasta Retreat	CA	0
Shasta Springs	CA	0
Shasta State Historic Park	CA	1
Shastarama Point	CA	2
Shastina	CA	2
Shastise Park	CA	1
Shatto Recreation Center	CA	1
Shattuck Park	CA	1
Shaughnessey Woods Park	OR	1
Shaver Lake	CA	0
Shaver Lake	WA	2
Shaver Lake Heights	CA	0
Shaver Lake Point	CA	2
Shaver Trail	CA	1
Shaw	OR	0
Shaw County Park	WA	1
Shaw Island	WA	0
Shaw Island County Park	WA	1
Shaw Island County Park Campground	WA	1
Shaw Lake	WA	2
Shaw Mountain	OR	2
Shaw Park	CA	1
Shaw Table	OR	2
Shawnee	WA	0
Shaws Camp	OR	1
Shaws Cove	CA	2
Shaws Cove	WA	2
Shaws Flat	CA	0
Shay 102 City Park	OR	1
Shay Creek Summer Home Area	CA	0
Shay Mountain	CA	2
Shealor Lakes	CA	2
Shearer Lake	WA	2
Shearing Camp	CA	1
Shearwater Isle	CA	2
Sheaville	OR	0
Shed Camp	OR	1
Shedd	OR	0
Shedd Camp Shelter	OR	1
Shedroof Mountain	WA	2
Sheehan Lake	WA	2
Sheeles Camp	CA	1
Sheep Butte	WA	2
Sheep Camp	CA	1
Sheep Camp	OR	1
Sheep Camp Butte	CA	2
Sheep Camp Lake	CA	2
Sheep Camp Lakes	CA	2
Sheep Camp Lookout	CA	1
Sheep Campground	CA	1
Sheep Creek Butte	OR	2
Sheep Creek Campground	CA	1
Sheep Creek Recreation Site	WA	1
Sheep Creek Trail	CA	1
Sheep Gap Mountain	WA	2
Sheep Heads Mountain	OR	2
Sheep Hill	OR	2
Sheep Hills Park	CA	1
Sheep Hole Pass	CA	2
Sheep Lake	OR	2
Sheep Lake	WA	2
Sheep Lake Trail	WA	1
Sheep Lakes	WA	2
Sheep Mountain	CA	2
Sheep Mountain	OR	2
Sheep Mountain	WA	2
Sheep Mountain Wilderness	CA	1
Sheep Pass Campground	CA	1
Sheep Pass Group Campground	CA	1
Sheep Peak	CA	2
Sheep Point	WA	2
Sheep Ranch	CA	0
Sheep Rock	OR	2
Sheep Rock	WA	2
Sheep Spring Horse Camp	OR	1
Sheep Trail	CA	1
Sheephead Mountain	CA	2
Sheephead Mountain	OR	2
Sheepheaven Butte	CA	2
Sheepherder Lake	WA	2
Sheephole Valley Wilderness	CA	1
Sheeps Head	OR	2
Sheepshead	CA	0
Sheepshead Rock	OR	2
Sheepy Creek Island	CA	2
Sheepy Lake	CA	2
Sheepy Peak	CA	2
Sheetiron Mountain	CA	2
Sheffler	WA	0
Shelburn	OR	0
Sheldon Park	CA	1
Sheldon Sports Park	OR	1
Shelf Lake	CA	2
Shelf Lake	WA	2
Shelfield Park	CA	1
Shell Beach	CA	0
Shell Island	OR	2
Shell Lake	CA	2
Shell Mountain	CA	2
Shell Peak	CA	2
Shell Point	WA	2
Shell Ridge Open Space	CA	1
Shell Rock	CA	2
Shell Rock Butte	OR	2
Shellberg Lake	WA	2
Shellenbarger Lake	CA	2
Shelley Lake	WA	2
Shelley Mountain	WA	2
Shellrock Lake	OR	2
Shellrock Lake	WA	2
Shellrock Lake Trail	WA	1
Shellrock Mountain	OR	2
Shellrock Peak	WA	2
Shellrock Point	WA	2
Shellville Colony	CA	0
Shelly Creek Campground	CA	1
Shelly Lake	CA	2
Shelokum Lake	WA	2
Shelter Bay	WA	0
Shelter Cove	CA	0
Shelter Cove	OR	2
Shelter Island	CA	2
Shelter Peak	WA	2
Shelter Rock Camp	WA	1
Shelton	WA	0
Shelton Butte	CA	2
Shelton Camp	CA	1
Shelton Wayside County Park	OR	1
Shenandoah Park	OR	1
Shenanigan Campground	CA	1
Shenkel Island	CA	2
Shepard Camp	OR	1
Shepards	CA	0
Shepards Point	OR	2
Shephard Mesa	CA	2
Shepherd Canyon Park	CA	1
Shepherd Crest	CA	2
Shepherd Field	CA	1
Shepherd Lake	CA	2
Shepherd Peak	CA	2
Shepperds Dell State Park	OR	1
Sherbourne Park	CA	1
Sheridan	CA	0
Sheridan	OR	0
Sheridan	WA	0
Sheridan Beach	WA	0
Sheridan City Park	OR	1
Sheridan Mountain	OR	2
Sheridan Park	CA	1
Sheridan Park	WA	0
Sheridan Peak	OR	2
Sheridan Point	WA	2
Sheridan State Park	OR	1
Sherlock Peak	WA	2
Sherman	CA	0
Sherman	WA	0
Sherman Acres	CA	0
Sherman County RV Park	OR	1
Sherman Creek Campground	WA	1
Sherman Creek Game Range	WA	1
Sherman Creek Point	WA	2
Sherman Creek State Wildlife Area	WA	1
Sherman Gardens	CA	1
Sherman Heights	WA	0
Sherman Island	CA	2
Sherman Island Waterfowl Management Area	CA	1
Sherman Lake	CA	2
Sherman Lake (historical)	WA	2
Sherman Pass Campground	WA	1
Sherman Peak	CA	2
Sherman Peak	WA	2
Sherman Rim	OR	2
Sherman Valley Campground	WA	1
Sherpa Peak	WA	2
Sherrard Point	OR	2
Sherrold Lake	CA	2
Sherry Grade	WA	1
Sherwin Creek Campground	CA	1
Sherwin Lakes Trail	CA	1
Sherwood	OR	0
Sherwood Butte	OR	2
Sherwood Forest	CA	0
Sherwood Forest Park	CA	1
Sherwood Forest Tot Lot	OR	1
Sherwood Lake	OR	2
Sherwood Mountain	WA	2
Sherwood Park	CA	1
Sherwood Park	OR	1
Sherwood Peak	CA	2
Sherwood Village Mobile Home Park	WA	0
Shevlin Park	OR	1
Shi-Shi Beach	WA	1
Shield Lake	WA	2
Shields Butte	OR	2
Shields Camp	CA	1
Shields Grove Arboretum	CA	1
Shields Peak	CA	2
Shields-Reid Park	CA	1
Shiffer Park	CA	1
Shillapoo North State Wildlife Area	WA	1
Shillapoo South Wildlife Area	WA	1
Shilo Mobile Home Park	WA	0
Shiloh	CA	0
Shiloh Ranch Regional Park	CA	1
Shilshole Bay	WA	2
Shimada Friendship Park	CA	1
Shimmy Lake	CA	2
Shine Tidelands State Park	WA	1
Shine-Gri-La	WA	0
Shiner Lake	WA	2
Shingle Hill	CA	2
Shingle Mill Butte	OR	2
Shingle Mountain	WA	2
Shingle Springs	CA	0
Shingle Springs Park Plaza	CA	1
Shingle Springs State Historic Landmark 456	CA	1
Shingletown	CA	0
Shining Lake	OR	2
Shining Lake Campground	OR	1
Shinn Historical Park	CA	1
Shinn Mountain	CA	2
Shinn Peaks	CA	2
Shinneyboo Creek Cabins	CA	1
Ship Bay	WA	2
Ship Harbor	WA	2
Ship Mountain	CA	2
Ship Mountain Lake	CA	2
Ship Mountain Trail	CA	1
Shipjack Island	WA	2
Shippee	CA	0
Shippee Home Ranch Park	CA	1
Shipwreck Point	WA	2
Shipwreck Point Natural Resources Conservation Area	WA	1
Shirk Rim	OR	2
Shirks Lookout	OR	2
Shirley	CA	0
Shirley Lake	CA	2
Shirley Lake	OR	2
Shirley Meadow Campground	CA	1
Shirley Meadows	CA	0
Shirley Mountain	CA	2
Shirley Peak	CA	2
Shirttail Camp	CA	1
Shirttail Creek Family Campground	CA	1
Shirttail Peak	CA	2
Shitepoke Trail	OR	1
Shitike Butte	OR	2
Shiveley Park	CA	1
Shively	CA	0
Shively Park	OR	1
Shivers Rim	OR	2
Shivigny Mountain	OR	2
Sho-Da-Kai	CA	2
Shoal Bay	WA	2
Shoal Bight	WA	2
Shoal Lake	WA	2
Shoalwater Bay	OR	2
Shoalwater Bay	WA	2
Shoalwater Bay Marsh	OR	2
Shoe Lake	WA	2
Shoe Lake Trail	WA	1
Shoeinhorse Mountain	CA	2
Shoemaker Bally	CA	2
Shoemaker Butte	WA	2
Shoemaker Hill	CA	2
Shoestring Butte	OR	2
Shoestring Lake	WA	2
Shoestring Trail	OR	1
Shollenberger Park	CA	1
Sholun	CA	0
Shonter Hill Campground	CA	1
Shoofly Mountain	WA	2
Shooting Star Isle	CA	2
Shore Acres	CA	0
Shore Acres	WA	0
Shore Acres State Park	OR	1
Shore Line Butte	CA	2
Shorebird Loop Trail	CA	1
Shorebird Marsh	CA	2
Shorebird Park	CA	1
Shoreline	WA	0
Shoreline Aquatic Park	CA	1
Shoreline Band Park	CA	1
Shoreline Beach Park	CA	1
Shoreline Park	CA	1
Shoreline Rock	CA	2
Shoreline Trail	CA	1
Shores Waterhole	OR	2
Shoreview Park	CA	1
Shorewood	OR	0
Shorewood	WA	0
Short Bay	WA	2
Short Beach	OR	1
Short Butte	OR	2
Short Island	WA	2
Short Lake	OR	2
Short Lake Mountain	OR	2
Short Mountain	OR	2
Short Mountain	WA	2
Short Mountain Lake	WA	2
Short Park	WA	1
Short Place	CA	0
Short Sand Beach	OR	1
Short Slough (historical)	CA	2
Short Trail Camp	WA	1
Shortridge Butte	OR	2
Shortridge Park	OR	1
Shorty Lake	CA	2
Shortys Cabin	CA	1
Shoshone	CA	0
Shot Pouch Butte	OR	2
Shot Rock Vista Campground	CA	1
Shotgun Lake	CA	2
Shotgun Peak	CA	2
Shotgun Recreational Site	OR	1
Shotoverin Lake	CA	2
Shoup Park	CA	1
Shovel Creek Meadows	CA	2
Shovel Grave	CA	2
Shovel Lake	WA	2
Showers Lake	CA	2
Showers Mountain	CA	2
Shreck	WA	0
Shrew Creek Trail	WA	1
Shrine Beach	WA	0
Shriner Lake	CA	2
Shriner Lake	WA	2
Shriner Lake Campground	CA	1
Shriner Peak	WA	2
Shroder Waterhole	OR	2
Shroy Meadows	OR	2
Shroyer Mountain	CA	2
Shrub	CA	0
Shubrick Peak	CA	2
Shubrick Rock	CA	2
Shuck Mountain	OR	2
Shugru Hill	CA	2
Shukash Butte	OR	2
Shuksan Arm	WA	2
Shuksan Campground	WA	1
Shuksan Lake	WA	2
Shull Lake	WA	2
Shull Mountain	WA	2
Shultz Mountain	CA	2
Shumake Knoll	CA	2
Shumaker State Wildlife Area	WA	1
Shuman	CA	0
Shumway	CA	0
Shurtleff Park	CA	1
Shute Mountain	CA	2
Shute Park	OR	1
Shuteye Peak	CA	2
Shutter Arm	OR	2
Shuttpelz Lake	OR	2
Shuwah	WA	0
Si Lake	OR	2
Si View County Park	WA	1
Siah Butte	OR	2
Siberia	CA	0
Siberia Creek Campground	CA	1
Siberia Creek Trail	CA	1
Sibrie Park	CA	1
Sicard Flat	CA	0
Side Rod Camp	CA	1
Sidewinder Mountain	CA	2
Sidley Lake	WA	2
Sidney	OR	0
Sidney Peak	CA	2
Sids Place	CA	0
Sidwalter Buttes	OR	2
Sieben Park	OR	1
Siebert Creek Conservation Area	WA	1
Siegels Slough	WA	2
Sieler	WA	0
Siemon Park	CA	1
Siempre Verde Park	CA	1
Sierra	CA	0
Sierra Bicentennial Park	CA	1
Sierra Brooks	CA	0
Sierra Buttes	CA	2
Sierra Campground	CA	1
Sierra Cedars	CA	0
Sierra Christian Camp	CA	1
Sierra City	CA	0
Sierra Gardens Park	CA	1
Sierra Glen	CA	0
Sierra Heights	CA	0
Sierra Knoll Estates	CA	0
Sierra Linda Park	CA	1
Sierra Madre	CA	0
Sierra Madre Park	CA	1
Sierra Meadows Park	CA	1
Sierra Pablo	CA	2
Sierra Park	CA	1
Sierra Park	WA	1
Sierra Peak	CA	2
Sierra Pines	CA	0
Sierra Point	CA	2
Sierra School Park	CA	1
Sierra Springs	CA	0
Sierra Trail	CA	1
Sierra Village	CA	0
Sierra Vista	CA	0
Sierra Vista Park	CA	0
Sierraville	CA	0
Siesta Lake	CA	2
Sifford Lakes	CA	2
Sifford Mountain	CA	2
Sifton	WA	0
Siger Park	CA	1
Sigfredson County Park	OR	1
Sightly	WA	0
Sigmund Stern Recreation Grove	CA	1
Sign Hill Park	CA	1
Signal Butte	CA	0
Signal Buttes	OR	2
Signal Group Campground	CA	1
Signal Hill	CA	0
Signal Hill	OR	2
Signal Hill Park	CA	1
Signal Island	OR	2
Signal Peak	CA	2
Signal Peak	WA	2
Signal Peak Loop Trail	CA	1
Sikes Lake	WA	2
Silcott	WA	0
Silcott Island	WA	2
Silcox Island	WA	2
Silent Lake	WA	2
Silent Lakes	WA	2
Siler	WA	0
Siletz	OR	0
Siletz Bay	OR	2
Siletz Bay National Wildlife Refuge	OR	1
Siletz Hill	OR	2
Siletz Keys	OR	2
Siletz River Estuary	OR	2
Silica Camp	OR	1
Silica Mountain	OR	2
Silica Mountain	WA	2
Silica Trail	OR	1
Silicosaska Park	WA	1
Siligo Peak	CA	2
Silkwood Park	CA	1
Sill Hill	CA	2
Silliman Lake	CA	2
Sills Lake	CA	2
Sillusi Butte	WA	2
Silt	CA	0
Siltanen Community Park	CA	1
Siltcoos	OR	0
Siltcoos Lagoon	OR	2
Siltcoos Lake	OR	2
Silva Field	CA	1
Silva Island	CA	2
Silvana	WA	0
Silvana Terraces	WA	0
Silver Beach	WA	0
Silver Bowl Campground	CA	1
Silver Brook	WA	0
Silver Butte	OR	2
Silver Butte Trail	OR	1
Silver City	CA	0
Silver Creek	WA	0
Silver Creek Camp	OR	1
Silver Creek Camp Ground	CA	1
Silver Creek Campground	CA	1
Silver Creek Campground	WA	1
Silver Creek Marsh	OR	2
Silver Creek Meadows Mobile Home Park	WA	0
Silver Creek Trail	WA	1
Silver Crown Lake	WA	2
Silver Crown Mountain	WA	2
Silver Dollar Fairgrounds	CA	1
Silver Dons Mobile Home Park	CA	0
Silver Eagle Peak	WA	2
Silver Falls Campground	WA	1
Silver Falls State Park	OR	1
Silver Fir Campground	WA	1
Silver Firs	WA	0
Silver Fork Campground	CA	1
Silver Hill	CA	2
Silver Hill	WA	2
Silver Hill Trail	OR	1
Silver King Lake	OR	2
Silver King Mountain	OR	2
Silver King Trail	CA	1
Silver Knob	CA	2
Silver Lake	CA	2
Silver Lake	OR	0
Silver Lake	WA	0
Silver Lake Campground	CA	1
Silver Lake Park	WA	1
Silver Lake Park Campground	WA	1
Silver Lake Recreation Center	CA	1
Silver Lake West Campground	CA	1
Silver Lakes	CA	0
Silver Moccasin Trail	CA	1
Silver Mountain	CA	2
Silver Nail Lake	WA	2
Silver Pass Lake	CA	2
Silver Peak	CA	2
Silver Peak	OR	2
Silver Peak	WA	2
Silver Peak Campground	CA	1
Silver Peak Wilderness	CA	1
Silver Point	OR	2
Silver Point	WA	2
Silver Salmon Cove	WA	2
Silver Shores Senior Mobile Home Park	WA	0
Silver Spring	WA	2
Silver Spring Camp	OR	1
Silver Springs Campground	WA	1
Silver Spur Park	CA	1
Silver Star Mountain	WA	2
Silver Strand	CA	0
Silver Strand Beach	CA	1
Silver Strand Natural Preserve	CA	1
Silver Strand State Beach	CA	1
Silver Terrace Playground	CA	1
Silver Tip Camp	OR	1
Silver Tip Campground	CA	1
Silver Valley Campground	CA	1
Silverado	CA	0
Silverado Park	CA	1
Silverado Truck Trail	CA	1
Silvercrest Mobile Home Park	WA	0
Silverdale	WA	0
Silverdale Mobile Estates	WA	0
Silverdome	CA	2
Silverset Park	CA	1
Silverthorn	CA	0
Silverthorn Bay	CA	2
Silvertip Campground	CA	1
Silvertip Campground	WA	1
Silvertip Peak	WA	2
Silverton	OR	0
Silverton	WA	0
Silverton Hills	OR	2
Silverwing Park	CA	1
Silverwood Lake State Recreation Area	CA	1
Silvies	OR	0
Sim Park	CA	1
Simas Lake	CA	2
Simas Park	CA	1
Simax Bay	OR	2
Simax Group Camp	OR	1
Simcoe Butte	WA	2
Simcoe Mountain	WA	2
Simcoe Mountain Wildlife Area	WA	1
Simerson	CA	0
Simi	CA	0
Simi Hills Neighborhood Park	CA	1
Simi Peak	CA	2
Simi Valley	CA	0
Similk Bay	WA	2
Similk Beach	WA	0
Similkameen-Chopaka State Wildlife Area	WA	1
Siminski Park	CA	1
Simmons Island	CA	2
Simmons Lake	WA	2
Simmons Peak	CA	2
Simmons Playground	CA	1
Simmons Point	CA	2
Simmons Post Camp	CA	1
Simmons Trail	CA	1
Simms	CA	0
Simms Camp	CA	1
Simms Island	CA	2
Simnasho	OR	0
Simnasho Butte	OR	2
Simon Bolivar Park	CA	1
Simon Butte	WA	2
Simon Lake	OR	2
Simon and Helen Director Park	OR	1
Simons Mountain	WA	2
Simonton Cove	CA	2
Simpson Lake	WA	2
Simpson Park	CA	1
Simpson Park	OR	1
Simpsons Camp	OR	1
Sims	CA	0
Sims Butte	OR	2
Sims Corner	WA	0
Sims Flat Campground	CA	1
Sims Lake	WA	2
Sims Mountain	CA	2
Sinclair Commercial Block Heritage Site	CA	1
Sinclair Inlet	WA	2
Sinclair Island	WA	2
Sinclair Park	WA	1
Sindicich Lagoons	CA	2
Sine	WA	0
Sing Peak	CA	2
Singer Creek Park	OR	1
Singer Park	CA	1
Singing Springs	CA	0
Singleton Butte	CA	2
Singleton Park	OR	1
Sinister Peak	WA	2
Sink Lake	WA	2
Sinker Mountain	OR	2
Sinkhole Lake	WA	2
Sinkyone State Wilderness	CA	1
Sinkyone Wilderness State Park	CA	1
Sinlahekin State Wildlife Area	WA	1
Sinnott Memorial	OR	1
Sinsheimer Park	CA	1
Siouxon Peak	WA	2
Siouxon Trail	WA	1
Sipherd Park	CA	1
Siphon Lake	CA	2
Sir Francis Drake Historical Monument	CA	1
Sirius island	OR	2
Sirretta Peak	CA	2
Sisco	WA	0
Sisco Heights	WA	0
Sisi Butte	OR	2
Siskiyou County Fairgrounds	CA	1
Siskiyou Mountain Park	OR	1
Siskiyou Peak	OR	2
Siskiyou Wilderness	CA	1
Sisquoc	CA	0
Sisquoc Condor Sanctuary	CA	1
Sisson Calahan National Recreation Trail	CA	1
Sisson Lake	CA	2
Sister Green Mountain	OR	2
Sister Lake	CA	2
Sister Rocks	CA	2
Sister Rocks	WA	2
Sister Rocks Research Natural Area	WA	1
Sisters	OR	0
Sisters Cow Camp	OR	1
Sisters Mirror Lake	OR	2
Sisters Point	WA	2
Sisters Rock State Park	OR	1
Sisters Rocks	OR	2
Sisters State Park (historical)	OR	1
Sitcum Waterway	WA	2
Sitdown Mountain	WA	2
Sites	CA	0
Sitkum	OR	0
Sitkum Butte	OR	2
Sitting Bull Mountain	WA	2
Sitton Peak	CA	2
Sitton Peak Truck Trail	CA	1
Sitz Lake	OR	2
Siuslaw Falls County Park	OR	1
Siuslaw National Forest	OR	1
Siuslaw River Estuary	OR	2
Sivels Mountain	CA	2
Six Bridge Trail	CA	1
Six Corners	OR	0
Six Flags Hurricane Harbor	CA	1
Six Lake	WA	2
Six Lakes	OR	2
Six Lakes Trail	OR	1
Six Shooter Butte	CA	2
Six Shooter Lake	CA	2
Six Sisters-Lawn Way Historic District	CA	1
Sixbit Point	OR	2
Sixes	OR	0
Sixes Beach	OR	1
Sixes Bluff	OR	2
Sixes River Recreation Site	OR	1
Sixmile Butte	OR	2
Sixmile Hill	CA	2
Sixprong	WA	0
Sixteen Butte	OR	2
Sixteen Lake	WA	2
Sixteenth Street Park	CA	1
Sixth Engineer Bluff	WA	2
Sixth Lake	CA	2
Sixth Street Park	CA	1
Skadulgwas Peak	WA	2
Skagit Bald Eagle Natural Area Preserve	WA	1
Skagit Bay	WA	2
Skagit Bay Estuary State Wildlife Area	WA	1
Skagit City	WA	0
Skagit Headquarters State Wildlife Area	WA	1
Skagit Island	WA	2
Skagit Peak	WA	2
Skagit Valley	WA	0
Skagit Valley View Mobile Home Park	WA	0
Skallman Park	WA	1
Skamania	WA	0
Skamania Island	WA	2
Skamokawa	WA	0
Skamokawa Creek Natural Resources Conservation Area	WA	1
Skamokawa Truck Trail	WA	1
Skamokawa Valley	WA	0
Skamokawa Vista Park	WA	1
Skaro Lake	WA	2
Skate Mountain	WA	2
Skate Park	OR	1
Skateboard Park	OR	1
Skating Lake	WA	2
Skeeter Butte	OR	2
Skeeter Camp	OR	1
Skeeter Camp Trail	OR	1
Skeeters Camp	OR	1
Skeeters Swamp	OR	2
Skeggs Point	CA	2
Skeleton Camp	CA	1
Skeleton Mountain	OR	2
Skell Head	OR	2
Skelton Lake	CA	2
Ski Beach	CA	1
Ski Heil Peak	CA	2
Ski Hill	CA	2
Ski Island	CA	2
Ski Island Campground	CA	1
Ski Islands	CA	2
Ski Lake	CA	2
Ski Peak	WA	2
Skiff Point	WA	2
Skillet Handle	OR	2
Skillman Campground	CA	1
Skinner Butte	OR	2
Skinner Butte City Park	OR	1
Skinner Mill Place	CA	0
Skinner Peak	CA	2
Skinner Ridge Trail	CA	1
Skinners	CA	0
Skiou Point	WA	2
Skipjack Island	WA	2
Skipper Lakes	OR	2
Skippers Island	CA	2
Skiyou Island	WA	2
Skofield Park	CA	1
Skokomish	WA	0
Skokomish State Wildlife Area	WA	1
Skookum Butte	OR	2
Skookum Creek Camp	OR	1
Skookum Inlet Natural Area Preserve	WA	1
Skookum Lake	OR	2
Skookum Lake Campground	OR	1
Skookum Lakes	OR	2
Skookum Peak	WA	2
Skookum Point	WA	2
Skookum Pond	OR	2
Skookum Puss Mountain	WA	2
Skookum Tum Tum Park	OR	1
Skookumchuck	WA	0
Skookumchuck State Wildlife Area	WA	1
Skookumhouse Butte	OR	2
Skull Camp	CA	1
Skull Camp	WA	1
Skull Camp Trail	CA	1
Skull Creek Butte	OR	2
Skull Creek Camp	OR	1
Skull Island	OR	2
Skull Island	WA	2
Skull Island State Park	WA	1
Skull Mountain	OR	2
Skull Rock	CA	1
Skull Rock	WA	2
Skullcap Peak	WA	2
Skunk Bay	WA	2
Skunk Butte	OR	2
Skunk Campground	CA	1
Skunk Hill	CA	2
Skunk Island	WA	2
Skunk Lake	CA	2
Skunk Point	CA	2
Skunk Point Group Campground	CA	1
Skunk Rock	CA	2
Sky Blue Lake	CA	2
Sky Camp	OR	1
Sky Campground	CA	1
Sky Haven	CA	2
Sky High	CA	2
Sky High Lake	CA	2
Sky High Trail	CA	1
Sky Lake	OR	2
Sky Lakes Wilderness	OR	1
Sky Line Camp	OR	1
Sky Londa	CA	0
Sky Meadow Campground	CA	1
Sky Mountain Christian Camp	CA	1
Sky Rock	CA	2
Sky Trail	CA	1
Sky Valley	CA	0
Sky Valley Mobile Home Park	CA	0
Skyhigh	CA	0
Skykomish	WA	0
Skykomish Peak	WA	2
Skykomish River Centennial Park	WA	1
Skylark Park	CA	1
Skylark Village II Mobile Home Park	WA	0
Skylark Village Mobile Home Park	WA	0
Skyline Alternate Trail	OR	1
Skyline Lake	WA	2
Skyline North	CA	0
Skyline Park	CA	1
Skyline Park	OR	1
Skyline Park Recreation Center	CA	1
Skyline Ranch Campground	CA	1
Skyline Ridge Open Space Preserve	CA	1
Skyline Ridge Park	OR	1
Skyline Trail	CA	1
Skyline Trail	OR	1
Skyline Trail	WA	1
Skyline Trail (historical)	WA	1
Skyliners Park Sports Complex	OR	1
Skymo Lake	WA	2
Skyo Mountain	WA	2
Skyscraper Mountain	WA	2
Skytop	CA	0
Skytower Park	CA	1
Skyview City Park	OR	1
Skyview Park	CA	1
Skyview Park	OR	1
Skyway	WA	0
Skyway Park	WA	1
Slab Lakes	CA	2
Slack Canyon Conservation Camp	CA	1
Slacker Hill	CA	2
Sladden City Park	OR	1
Slade Park	CA	1
Slagger	CA	0
Slagger Camp	CA	1
Slagger Camp Forest Service Station	CA	1
Slapjack Butte	OR	2
Slate Creek Butte	CA	2
Slate Creek Trail Camp	CA	1
Slate Lake	WA	2
Slate Mountain	CA	2
Slate Mountain	WA	2
Slate Peak	WA	2
Slate Ridge Trail	CA	1
Slater	CA	0
Slater	WA	0
Slater Butte	CA	2
Slater Island	CA	2
Slater School Park	CA	1
Slates Hot Springs	CA	0
Slattery Pond	CA	2
Slaughter Pen Bay	WA	2
Slaughter Pen Pond	WA	2
Slaughterhouse Island	CA	2
Slaughterhouse Island Campground	CA	1
Slaughterhouse Lake	WA	2
Slaughterhouse Point	CA	2
Slauson Park	CA	1
Slauson Playground	CA	1
Slavin Park	CA	1
Slayter Park	CA	1
Sled Camp	WA	1
Sledge Hammer Point	WA	2
Sleeper Peak	CA	2
Sleeping Beauty	CA	2
Sleeping Beauty	WA	2
Sleeping Beauty Trail	WA	1
Sleepy Hollow	CA	0
Sleepy Hollow	WA	0
Sleepy Valley	CA	0
Slick Ear Trail	WA	1
Slick Rock	CA	2
Slickear Mountain	OR	2
Slide Basin Trail	OR	1
Slide Bluffs	CA	2
Slide Camp	WA	1
Slide Creek Campground	CA	1
Slide Hill	CA	2
Slide Lake	CA	2
Slide Lake	OR	2
Slide Lake	WA	2
Slide Lake Campground	CA	1
Slide Lakes	CA	2
Slide Lakes	OR	2
Slide Mountain	CA	2
Slide Mountain	OR	2
Slide Mountain	WA	2
Slide Mountain Geological Area	OR	1
Slide Peak	CA	2
Slide Peak	WA	2
Slide Point	OR	2
Slide Point Trail	CA	1
Slide Waterhole	OR	2
Slideout Lake	OR	2
Slim Chance Campground	OR	1
Slim Lake	CA	2
Slim Lake	WA	2
Slims Peak	CA	2
Slinger Rock	OR	2
Slinkard Peak	CA	2
Slip Point	WA	2
Slipper Lake	OR	2
Sliter Butte	OR	2
Sloan Butte	CA	2
Sloan Creek Campground	WA	1
Sloan Mountain	OR	2
Sloan Peak	WA	2
Sloat	CA	0
Sloat School Park	CA	1
Slocum Camp	CA	1
Slocum Mountain	CA	2
Slough Camp Boat Launch	OR	1
Slough Point	CA	2
Sloughhouse	CA	0
Slover Mountain	CA	2
Sluice Box Campground	CA	1
Sluiskin Mountain	WA	2
Slumber Peak	WA	2
Slusher Lake	OR	2
Sly Creek Campground	CA	1
Sly Park	CA	0
Sly Park Campground	CA	1
Smackout Camp	WA	1
Small Boat Lagoon	CA	2
Small Butte	CA	2
Small Butte	OR	2
Small Fry Lake	OR	2
Small Island	CA	2
Small Island	WA	2
Small Twin Lake	CA	2
Small World Park	CA	1
Smallpox Bay	WA	2
Smallwood Park	CA	1
Smartsville	CA	0
Smarty Creek Trail	WA	1
Smedberg Lake	CA	2
Smedberg Park	CA	1
Smelling Lake	WA	2
Smelt Sands State Recreation Site	OR	1
Smelter Rock	WA	2
Smiley Camp	CA	1
Smiley Lagoon	CA	2
Smiley Mountain	CA	2
Smiley Park	CA	0
Smith	CA	0
Smith Butte	CA	2
Smith Butte	OR	2
Smith Butte	WA	2
Smith Camp	CA	1
Smith Corner	CA	0
Smith Cove	WA	2
Smith Cove Waterway	WA	2
Smith Cow Camp	CA	1
Smith Creek Butte	WA	2
Smith Creek Butte Trail	WA	1
Smith Creek Trail	WA	1
Smith Creek Viewpoint	WA	1
Smith Creek Youth Camp	OR	1
Smith Field	CA	1
Smith Field Little League Park	CA	1
Smith Forks Campground	CA	1
Smith Hill	CA	2
Smith Hill	OR	2
Smith Hole	OR	2
Smith Homestead	OR	1
Smith Island	CA	2
Smith Island	WA	2
Smith Lake	CA	2
Smith Lake	OR	2
Smith Lake	WA	2
Smith Lake County Park	OR	1
Smith Mill	CA	0
Smith Mountain	CA	2
Smith Mountain	OR	2
Smith Mountain	WA	2
Smith Park	CA	1
Smith Park	WA	1
Smith Peak	CA	2
Smith Place	WA	0
Smith Playground	CA	1
Smith Point	CA	2
Smith Point	OR	2
Smith Point	WA	2
Smith Ponds	OR	2
Smith Prairie Trail	OR	1
Smith Recreation Center	CA	1
Smith River	CA	0
Smith River Log Pond	OR	2
Smith River-Gasquet	CA	0
Smith Rock	OR	2
Smith Rock State Park	OR	1
Smith School Park	CA	1
Smith Springs Campground	OR	1
Smith and Bybee Lakes Wildlife Area	OR	1
Smith and Schaffer Memorial Baseball Field	CA	1
Smith-Murphy Park	CA	1
Smithe Redwoods State Natural Reserve	CA	1
Smithflat	CA	0
Smiths Harbor	WA	2
Smiths Lake	CA	2
Smithville	WA	0
Smoke Howe Trail	CA	1
Smoke Tree Ranch Trail	CA	1
Smokey Lake	CA	2
Smokey Point	WA	0
Smokey Point  (historical)	WA	0
Smokiam Campground	WA	1
Smoky Butte	OR	2
Smoky Creek Campground	WA	1
Smoky Hollow	WA	2
Smoky Hollow Rim	OR	2
Smoky Mountain	CA	2
Smoky Mountain	WA	2
Smoot Hill	WA	2
Smooth Ridge Trail	WA	1
Smothermon Park	CA	1
Smud Park	CA	1
Smuggler Cove	OR	2
Smuggler Mesa	CA	2
Smugglers Cove	WA	2
Smyrna	WA	0
Smyrna Park	CA	1
Smythe Island	CA	2
Snaden Island	CA	2
Snag Cove Campground	WA	1
Snag Creek Trail	WA	1
Snag Hill	CA	2
Snag Hill	WA	2
Snag Island	CA	2
Snag Island	OR	2
Snag Islands	OR	2
Snag Islands	WA	2
Snag Lake	CA	2
Snag Lake	OR	2
Snag Lake Campground	CA	1
Snag Peak	WA	2
Snaggletooth	CA	2
Snagtooth Mountain	WA	2
Snail Head	CA	2
Snake Den Butte	OR	2
Snake Hill	OR	2
Snake Island	CA	2
Snake Lake	CA	2
Snake Lake	WA	2
Snake Lake Park	WA	1
Snake Point	OR	2
Snakehead Point	CA	2
Snaketooth Butte	OR	2
Snaketooth Way	OR	1
Snap Point	OR	2
Snare Point	OR	2
Snatelum Point	WA	2
Sneaker Beach	CA	1
Snedden Campground	CA	1
Snee Oosh	WA	0
Snee-oosh Beach	WA	1
Snee-oosh Point	WA	2
Sneed Mountain	WA	2
Snell Butte	CA	2
Snell Lake	OR	2
Snell Lake	WA	2
Snell Peak	CA	2
Snelling	CA	0
Snelly Peak	CA	2
Snider Lake	CA	2
Snider Peak	WA	2
Snider Waterhole	CA	2
Snip Waterhole	OR	2
Snipes Mountain	WA	2
Snipes-Pershing Park	CA	1
Snohomish	WA	0
Snook Mountain	CA	2
Snoose Junction	WA	0
Snoqualmie	WA	0
Snoqualmie Bog Natural Area Preserve	WA	1
Snoqualmie Falls	WA	0
Snoqualmie Lake	WA	2
Snoqualmie Lake Potholes	WA	2
Snoqualmie Mountain	WA	2
Snoqualmie Pass	WA	0
Snoquera	WA	0
Snoring Bay	WA	2
Snow Bend	CA	0
Snow Camp	CA	1
Snow Camp Lake	CA	2
Snow Camp Mountain	CA	2
Snow Camp Mountain	OR	2
Snow Camp Trail	OR	1
Snow Creek	CA	0
Snow Creek Park	CA	1
Snow Creek Project Camp	OR	1
Snow Creek Wall	WA	2
Snow Dome	WA	2
Snow Lake	CA	2
Snow Lake	WA	2
Snow Lakes	OR	2
Snow Lakes	WA	2
Snow Lakes Trail	WA	1
Snow Mountain	CA	2
Snow Mountain	OR	2
Snow Mountain East	CA	2
Snow Mountain West	CA	2
Snow Mountain Wilderness	CA	1
Snow Park	CA	1
Snow Peak	CA	2
Snow Peak	OR	2
Snow Peak	WA	2
Snow Peak Camp	OR	1
Snow Peak Mill City Trail	OR	1
Snow Point	OR	2
Snow Summit	CA	2
Snowball Mountain	CA	2
Snowbird Mountain	OR	2
Snowden	CA	0
Snowden	WA	0
Snowden Hill	CA	2
Snowfall Lake	WA	2
Snowfield Peak	WA	2
Snowflake Lake	WA	2
Snowgrass Mountain	WA	2
Snowking Lake	WA	2
Snowking Mountain	WA	2
Snowline Camp	CA	1
Snowmans Hill	CA	2
Snowplow Mountain	WA	2
Snows Lake	CA	2
Snowshoe Butte	OR	2
Snowshoe Butte	WA	2
Snowshoe Butte Trail	WA	1
Snowshoe Camp	OR	1
Snowshoe Camp	WA	1
Snowshoe Creek Trail	OR	1
Snowshoe Lake	OR	2
Snowshoe Lake Trail	OR	1
Snowshoe Mountain	WA	2
Snowshoe Point	OR	2
Snowshoe Springs	CA	0
Snowshoe Springs Campground	CA	1
Snowshoe Thompson Historical Mon	CA	1
Snowshoe Thompson Historical Monument	CA	1
Snowslide Lake	CA	2
Snowslide Peak	CA	2
Snowstorm Mountain	CA	2
Snowstorm Wetland	CA	2
Snowy Creek Trail	CA	1
Snowy Forest Camp	CA	1
Snowy Lakes	WA	2
Snowy Peak	CA	2
Snug Harbor	WA	0
Snug Harbor Mobile Home Park	WA	0
Snyder Camp	CA	1
Snyder Cove	WA	2
Snyder Hill	WA	2
Snyder Lake	CA	2
Snyder Lake	WA	2
Snyder Mountain	WA	2
Snyder Trail	WA	1
Snyders Corner	WA	0
Soap Butte	CA	2
Soap Lake	CA	2
Soap Lake	WA	0
Soap Lake Mountain	WA	2
Soapgrass Mountain	OR	2
Soaproot Campground	CA	1
Soapstone Hill	CA	2
Soapstone Lake (historical)	CA	2
Soapstone Pond	CA	2
Soapweed	CA	0
Soaring Dreams Plaza	CA	1
Soberanes Canyon Trail	CA	1
Soberanes Point	CA	2
Sobey	WA	0
Sobieski Mountain	WA	2
Soboba Hot Springs	CA	0
Sobrante Park	CA	1
Sobrante Ridge Regional Preserve	CA	1
Social Security Hole	OR	1
Soctish Point	CA	2
Soda Bay	CA	0
Soda Butte	CA	2
Soda Cone	CA	2
Soda Creek Trail	CA	1
Soda Lake	CA	2
Soda Lake	OR	2
Soda Lake	WA	2
Soda Mountain	OR	2
Soda Mountain Wilderness	OR	1
Soda Peak	WA	2
Soda Peaks	WA	2
Soda Peaks Lake	WA	2
Soda Peaks Trail	WA	1
Soda Spring Campground	WA	1
Soda Springs	CA	0
Soda Springs Campground	CA	1
Soda Springs Campground	WA	1
Soda Springs Forest Camp	WA	1
Soda Springs State Wildlife Area	WA	1
Soda Table	OR	2
Sodality Park (historical)	CA	1
Sodaville	OR	0
Sodaville Springs Park	OR	1
Soderquist Park	CA	1
Sokulk	WA	0
Sol Duc Lake	WA	2
Solace Camp	OR	1
Solana Beach	CA	0
Solana Beach County Park	CA	1
Solano County Fairgrounds	CA	1
Solano Highlands Park	CA	1
Solberg Lake	WA	2
Soldier Basin Trail	CA	1
Soldier Camp	OR	1
Soldier Camp Mountain	OR	2
Soldier Frank Hill	CA	2
Soldier Frank Point	CA	2
Soldier Lake	CA	2
Soldier Lake	OR	2
Soldier Meadows Campground	CA	1
Soldier Mountain	CA	2
Soldier Point	CA	2
Soldier Trail	CA	1
Soldiers Cap	OR	2
Soldiers Memorial Park	CA	1
Soldiers Pond	WA	2
Soledad	CA	0
Soledad Campground	CA	1
Soledad Mountain	CA	2
Soledad Park	CA	1
Soledad Snads Park	CA	1
Soleduck Campground	WA	1
Soleduck Trail	WA	1
Solitaire Lake	CA	2
Solle Ponds	OR	2
Solo Peak	CA	2
Solo Point	WA	2
Soloman Butte	OR	2
Solomon Peak	CA	2
Solomons Knob	CA	2
Solomons Temple	CA	2
Solromar	CA	0
Solstice Hill	CA	2
Solvang	CA	0
Solvang Park	CA	1
Solvang-Santa Ynez	CA	0
Solyo	CA	0
Sombrero Peak	CA	2
Some Chance Pond	OR	2
Somers Point	OR	2
Somerset	CA	0
Somerset	WA	0
Somerset Meadows Park	OR	1
Somerset Park	CA	1
Somerset Square Park	CA	1
Somerset West	OR	0
Somerset West Swim Center/Park	OR	1
Somersville	CA	0
Somes Bar	CA	0
Somes Mountain	CA	2
Somis	CA	0
Sondino Ponds State Wildlife Area	WA	1
Songbird Island	WA	2
Songer Butte	OR	2
Songer Wayside	OR	1
Sonntag Hill	CA	2
Sonny Bono Salton Sea National Wildlife Refuge	CA	1
Sonny Boy Lakes	WA	2
Sonoma	CA	0
Sonoma Avenue Park	CA	1
Sonoma Coast State Park	CA	1
Sonoma County Fairgrounds	CA	1
Sonoma Mountain	CA	2
Sonoma Plaza	CA	1
Sonoma State Historic Park	CA	1
Sonoma Valley Regional Park	CA	1
Sonoma Vista	CA	0
Sonora	CA	0
Sonora Bridge Campground	CA	1
Sonora Hills	CA	0
Sonora Junction	CA	0
Sonora Meadows	CA	0
Sonora Peak	CA	2
Sonora Ranchettes	CA	0
Sontag Point	CA	2
Soos Creek Mobile Home Estates	WA	0
Soos Creek Park	WA	1
Soosap Peak	OR	2
Sopun Inlet	WA	2
Soquel	CA	0
Soquel Campground	CA	1
Soquel Cove	CA	2
Soquel Point	CA	2
Sore Thumb	WA	2
Sorensdale Park	CA	1
Sorensen Field	CA	1
Sorensen Hill	CA	2
Sorensen Park	CA	1
Sorensens	CA	0
Sorich Ranch Park	CA	1
Soroptimist Park	CA	1
Sorosis Park	OR	1
Sorrel Way City Park	OR	1
Sorrell Peak	CA	2
Sorroca	CA	0
Sotcher Lake	CA	2
Soto Sprots Complex	CA	1
Sotsin Point	CA	2
Soudan	CA	0
Soule County Park	CA	1
Soule Recreation Area	CA	1
Soulsbyville	CA	0
Sound Vista Mobile Home Park	WA	0
Soup Hole	WA	2
Soup Lakes	OR	2
Soup Spring Campground	CA	1
Source Lake	WA	2
Source Point	CA	2
Sourdough Camp	OR	1
Sourdough Hill	CA	2
Sourdough Lake	WA	2
Sourdough Lookout Trail	WA	1
Sourdough Mountain	OR	2
Sourdough Mountain	WA	2
Sourdough Mountains	WA	2
Sourgrass Camp	OR	1
Sourgrass Campground	CA	1
Sourgrass Lake	CA	2
Sourgrass Mountain	OR	2
Sourgrass Trail	OR	1
Sousa Corners	CA	0
Sousa Park	CA	1
South Aberdeen	WA	0
South Adelanto	CA	0
South Antelope Campground	CA	1
South Antelope Valley	CA	0
South Arbor	WA	0
South Arm	CA	2
South Asotin Trail	WA	1
South Baldy	OR	2
South Baldy	WA	2
South Basin	CA	2
South Bay	CA	2
South Bay	WA	0
South Bay Biological Preserve	CA	1
South Bay Marine Biological Study Area	CA	1
South Bay Park	CA	1
South Bay Recreation Center	CA	1
South Beach	CA	1
South Beach	OR	0
South Beach	WA	0
South Beach Campground	WA	1
South Beach Park	OR	1
South Beach State Park	OR	1
South Beach State Park	WA	1
South Bellingham	WA	0
South Bend	WA	0
South Bend Mountain	OR	2
South Bidwell Hill	CA	2
South Blue Lake Group	OR	2
South Bonnie Brae Tract Historic District	CA	1
South Breitenbush Trail	OR	1
South Broadway	WA	0
South Burma Trail	CA	1
South Butte	CA	2
South Butte	OR	2
South Butte	WA	2
South Camanche Shore	CA	0
South Campground	CA	1
South Campground	WA	1
South Campground Hosmer Lake Boat Launch	OR	1
South Caribou	CA	2
South Carlsbad State Beach	CA	1
South Cascade Lake	WA	2
South Chain Lake	OR	2
South Chalone Peak	CA	2
South Cheney	WA	0
South China Mountain	CA	2
South Cinder Peak	OR	2
South Cle Elum	WA	0
South Coast	CA	0
South Colby	WA	0
South Corcoran	CA	0
South Corral Lake	OR	2
South Cove	CA	2
South Cove	OR	2
South Cow Creek Campground	CA	1
South Coyote	CA	0
South Creek Butte	WA	2
South Creek Campground	WA	1
South Crest Park	CA	1
South Crest Recreation Center	CA	1
South Crested Butte	WA	2
South Dana	WA	2
South Dickey Peak	OR	2
South Divide Lake	CA	2
South Dixie Lake	OR	2
South Dos Palos	CA	0
South Dubakella Mountain	CA	2
South Eel Campground (historical)	OR	1
South El Dorado	CA	0
South El Monte	CA	0
South Elma	WA	0
South Embarcadero Park	CA	1
South Emerson Lake	CA	2
South End	WA	2
South End Mobile Estates	WA	0
South Finger Island	WA	2
South Fork	CA	0
South Fork Big Butte Creek	OR	2
South Fork Bluffs	CA	2
South Fork Camp	CA	1
South Fork Camp	OR	1
South Fork Camp	WA	1
South Fork Camp Creek Campground	OR	1
South Fork Camp Ground	CA	1
South Fork Camp Recreation Site	OR	1
South Fork Campground	CA	1
South Fork Campground	OR	1
South Fork Campground	WA	1
South Fork Campground (historical)	OR	1
South Fork Campsite	WA	1
South Fork Cottonwood Trail	CA	1
South Fork Crooked Creek Horse Camp	OR	1
South Fork Eel River Wilderness	CA	1
South Fork Hill	OR	2
South Fork Hoh Campground	WA	1
South Fork Junction Campground	WA	1
South Fork Lakes	CA	2
South Fork Mountain	CA	2
South Fork Mountain	OR	2
South Fork Mountain	WA	2
South Fork Mountain Trail	OR	1
South Fork Ridge Trail	OR	1
South Fork Rustic Campsite	CA	1
South Fork San Jacinto Wilderness	CA	1
South Fork Trail	CA	1
South Fork Trail	OR	1
South Fork Trail	WA	1
South Fork Waterhole	OR	2
South Fork Way	OR	1
South Fork Wildlife Area	CA	1
South Furman Lake	WA	2
South Gardena Park	CA	1
South Gate	CA	0
South Gate Park	CA	1
South Gerber Campground Boat Ramp	OR	1
South Grays Harbor State Wildlife Area	WA	1
South Green Mountain	OR	2
South Guard	CA	2
South Guard Lake	CA	2
South Head	WA	2
South Highlands	WA	0
South Hill	CA	2
South Hill	WA	0
South Hill Palisade Mobile Home Park	WA	0
South Hills Park	CA	1
South Huckleberry Mountain	WA	2
South Inlet	OR	2
South Island Campground (historical)	OR	1
South Jackson Park	CA	1
South Jetty	CA	2
South Jetty Beach	CA	1
South Jetty County Park	OR	1
South Kelsey Peak	CA	2
South Knob	CA	2
South Knoll Park (historical)	OR	1
South La Pine Roadside Rest (historical)	OR	1
South Lagoon	OR	2
South Lake	CA	0
South Lake	OR	2
South Lake	WA	2
South Lake Campground (historical)	OR	1
South Lake Oswego	OR	0
South Lake Tahoe	CA	0
South Lake Tahoe-El Dorado Recreation Area	CA	1
South Lake Waterhole	OR	2
South Landing	CA	0
South Lane Park	CA	1
South Lawn	CA	1
South Lebanon	OR	0
South Leggett	CA	0
South Loop Cut Off	OR	1
South Loop Trail	OR	1
South Matthieu Lake	OR	2
South Meadows Park	CA	1
South Mesa	CA	2
South Mission Beach Park	CA	1
South Montesano	WA	0
South Mount Hawkins	CA	2
South Mountain	CA	2
South Mountain	OR	2
South Mountain	WA	2
South Natomas Park	CA	1
South Nature Trail	CA	1
South Navarre Campground	WA	1
South Navarre Peak	WA	2
South Nemah Natural Resources Conservation Area	WA	1
South Nolan Natural Resources Conservation Area	WA	1
South Nopah Range Wilderness	CA	1
South Oceanside Beach	CA	1
South Oceanside Park	CA	1
South Oroville	CA	0
South Padilla Bay State Wildlife Area	WA	1
South Park	CA	0
South Park	OR	1
South Park	WA	1
South Park Blocks	OR	1
South Park Peak	CA	2
South Pasadena	CA	0
South Pasadena Historic District	CA	1
South Pass Lake	OR	2
South Pass Lake Trail	OR	1
South Peak	CA	2
South Peak	OR	2
South Peak	WA	2
South Peak White Mountain	CA	2
South Peapod	WA	2
South Pinhead Butte	OR	2
South Plateau Trail	CA	1
South Plaza	CA	1
South Point	CA	2
South Point	OR	2
South Point	WA	2
South Point Trail	WA	1
South Portal Campground	CA	1
South Prairie	WA	0
South Prairie Lake	WA	2
South Prong Trail	OR	1
South Puget Sound State Wildlife Area	WA	1
South Pyramid	OR	2
South Rainbow Peak	CA	2
South Red Mountain	CA	2
South Ridge City Park	OR	1
South Ridge Loop	CA	1
South Ridge Trail	CA	1
South Rim	CA	2
South Riverside Avenue Park	CA	1
South Rockwood Park	OR	1
South Sacramento	CA	2
South Saddle Mountain	OR	2
South Salmon Creek Beach	CA	1
South San Diego Bay	CA	2
South San Francisco	CA	0
South San Gabriel	CA	0
South San Jose Hills	CA	0
South Sand Point Trail	WA	1
South Santa Ana	CA	0
South Santa Clara Valley	CA	0
South Scappoose	OR	0
South School Park	CA	1
South Seattle	WA	0
South Sequim Bay State Wildlife Area	WA	1
South Serrano Avenue Historic District	CA	1
South Seventeenmile Mountain	WA	2
South Shore Campground	CA	1
South Shore Campground Boat Ramp	OR	1
South Shore Hills Park	CA	1
South Shore Natural Area	OR	1
South Shore Recreation Area	CA	1
South Shore Riding and Hiking Trail	CA	1
South Shore Trail	CA	1
South Side Park	CA	1
South Side Trail	WA	1
South Sierra Wilderness	CA	1
South Silver Creek Youth Camp	OR	1
South Sister	CA	2
South Sister	OR	2
South Skookum Lake	WA	2
South Skookum Lake Campground	WA	1
South Snohomish	WA	0
South Spectacle Butte	WA	2
South Spud Island Recreation Area	CA	1
South Stone Lake	CA	2
South Sugar Lake	CA	2
South Sugarloaf	OR	2
South Sunset Playground	CA	1
South Sutter	CA	0
South Table Mountain	CA	2
South Table Mountain	OR	2
South Tacoma Swamp	WA	2
South Taft	CA	0
South Teal Lake	WA	2
South Tiger Mountain	WA	2
South Trona	CA	0
South Twentymile Peak	WA	2
South Twentymile Trail	WA	1
South Twin	WA	2
South Twin Lake	OR	2
South Twin Lake	WA	2
South Union	WA	0
South Ventana Cone	CA	2
South Village City Park	OR	1
South Warner Wilderness	CA	1
South Waterfront City Park	OR	1
South Wawona	CA	0
South Wenatchee	WA	0
South West Seal Rock	CA	2
South Whidbey Community Park	WA	1
South Whidbey Island State Park	WA	1
South Whittier	CA	0
South Willow Creek Camp	CA	1
South Willow Lake	WA	2
South Woodbridge	CA	0
South Woods Park	CA	1
South Yolla Bolly	CA	2
South Yolla Bolly Mountains	CA	2
South Yuba Campground	CA	1
South Yuba City	CA	0
South Yuba Primitive Campground	CA	1
South Yuba River State Park	CA	1
South Yuba Trail	CA	1
Southampton Bay Wetland Natural Preserve	CA	1
Southampton Park	CA	1
Southard Lake	OR	2
Southeast Anchorage	CA	2
Southeast Black Rock	OR	2
Southeast Community Park	OR	1
Southeast Farallon	CA	2
Southeast Neighborhood Park	OR	1
Southeast Rock Auxiliary	CA	2
Southern Calif Gas Camp	CA	1
Southern California	CA	2
Southern Heights	WA	0
Southern Lites Park	OR	1
Southern Oregon University Nat	OR	1
Southern Overland Trail Cultural Preserve	CA	1
Southern Pacific Company Hospital Historic District	CA	1
Southgate Mobile Home Park	WA	0
Southgate Park	CA	1
Southgate Park	OR	1
Southhampton Bay	CA	2
Southport Landing	CA	0
Southridge Park	CA	1
Southridge Village Open Space Reserve	CA	1
Southshore Campground	OR	1
Southside County Park	OR	1
Southside Highlands	CA	0
Southside Park	CA	1
Southside Park	OR	1
Southview Park	CA	1
Southwest Community Park	CA	1
Southwest Community Park	OR	1
Southwest Park	CA	1
Southwest Shasta	CA	0
Southwick Lake	WA	2
Southwinds Park	CA	1
Southwood City Park	OR	1
Southwood Playground	CA	1
Southworth	WA	0
Souza Lake	CA	2
Sow Bug Lake	OR	2
Sow and Pigs	OR	2
Sowers Park	CA	1
Spacette Mobile Home Community	WA	0
Spade Lake	WA	2
Spaders Bay	WA	2
Spaghetti Rustic Campsite	CA	1
Spaids Unique Manor and Estates Mobile Home Park	WA	0
Spalding Corner	CA	0
Spalding Tract	CA	0
Spanaway	WA	0
Spanaway Lake	WA	2
Spanaway Mobile Village	WA	0
Spane Park	CA	1
Spangle	WA	0
Spangler	CA	0
Spangler Hill	OR	2
Spangler Peak	CA	2
Spanish Bay	CA	2
Spanish Bight (historical)	CA	2
Spanish Camp	CA	1
Spanish Flat	CA	0
Spanish Flat Resort	CA	0
Spanish Hill	CA	2
Spanish Hills Park	CA	1
Spanish Lake	CA	2
Spanish Lake	OR	2
Spanish Landing	CA	1
Spanish Mountain	CA	2
Spanish Peak	CA	2
Spanish Peak	OR	2
Spanish Point	CA	2
Spanish Springs Peak	CA	2
Spar Point (historical)	WA	2
Spar Pole Hill	WA	2
Spar Tree Trail	WA	1
Spark Plug Lake	WA	2
Spark Plug Mountain	WA	2
Sparkhule Mountain	CA	2
Sparkle	CA	0
Sparks Lake	OR	2
Sparta	OR	0
Sparta Butte	OR	2
Spatterdock Lake	OR	2
Spaulding Butte	CA	2
Spaulding Field	CA	1
Spaulding Lake	WA	2
Spaulding Lake Trail	CA	1
Spaulding Point	CA	2
Speaker	OR	0
Spear Creek Summer Home Tract	CA	0
Spearfish Lake	WA	2
Spearhead Lake	CA	2
Spearpoint Lake	CA	2
Spears State Wildlife Area	WA	1
Speas Dirty Camp	CA	1
Speckerman Mountain	CA	2
Speckle Butte	OR	2
Spectacle Buttes	WA	2
Spectacle Lake	WA	2
Spectacle Lake Campground	WA	1
Spee-Bi-Dah	WA	0
Speelyai	WA	0
Speelyai Picnic Area	WA	1
Speelyi Beach Park	WA	1
Spees Peak	CA	2
Spees Peak Trail	CA	1
Spellacy	CA	0
Speller Camp	WA	1
Spence	CA	0
Spence Mountain	OR	2
Spence Park	CA	1
Spencer Adams Park	CA	1
Spencer Butte	OR	2
Spencer Butte	WA	2
Spencer Butte Park	OR	1
Spencer Camp	WA	1
Spencer City Park	OR	1
Spencer Island	WA	2
Spencer Island Park	WA	1
Spencer Island State Wildlife Area	WA	1
Spencer Lake	WA	2
Spencer Lakes	CA	2
Spencer Meadow Trail	CA	1
Spencer Peak	WA	2
Spencer Point	WA	2
Spencer Reservoir	OR	2
Spencer Spit State Park	WA	1
Spencers Waterhole	OR	2
Sperry	CA	0
Sperry	WA	0
Sperry Peak	WA	2
Sperry Point	WA	2
Sphagnum Bog	OR	2
Sphinx Butte	OR	2
Sphinx Lakes	CA	2
Spicer City	CA	0
Spider Lake	CA	2
Spider Lake	WA	2
Spider Mountain	WA	2
Spieden Bluff	WA	2
Spieden Island	WA	2
Spiegelberg Lake	WA	2
Spignet Butte	OR	2
Spike Arm	OR	2
Spike Buck Butte	OR	2
Spike Buck Mountain	CA	2
Spike Butte	OR	2
Spikes Peak	CA	2
Spiller Lake	CA	2
Spillway Lake	CA	2
Spine Cob Butte	OR	2
Spinks Corner	CA	0
Spinner Island	CA	2
Spinning Lake	OR	2
Spiral Butte	WA	2
Spire Lake	CA	2
Spire Lake	WA	2
Spire Mountain	WA	2
Spire Point	WA	2
Spirit	WA	0
Spirit Hill	OR	2
Spirit Lake	CA	2
Spirit Lake	OR	2
Spirit Lake	WA	2
Spirit Mountain	OR	2
Spirit Mountain	WA	2
Spirit Peak	WA	2
Spitler Peak	CA	2
Spitzenberg	OR	0
Spiva Butte	WA	2
Splash Pad Park	CA	1
Splawn Mountain	CA	2
Splawn Mountain	WA	2
Split Lake	CA	2
Split Mountain	CA	2
Split Mountain	OR	2
Split Rock	CA	2
Split Rock	WA	2
Splitrock Campground	CA	1
Spodue Mountain	OR	2
Spokane	WA	0
Spokane Battlefield State Park	WA	1
Spokane Mount	WA	2
Spokane Mountain	WA	2
Spokane River Arm	WA	2
Spokane Valley	WA	0
Sponge Creek Camp	OR	1
Spongs Landing County Park	OR	1
Spoon Lake	OR	2
Spoonbill	CA	0
Spooners Cove	CA	2
Spoos Mill	OR	0
Spores Point	OR	2
Sportcraft City Park	OR	1
Sports Leisure Park	CA	1
Sportsman Lake	CA	2
Sportsman Park	WA	1
Sportsman Pond	WA	2
Sportsmans Hall State Historic Landmark 704	CA	1
Spotted Buck Mountain	WA	2
Spotted Deer Mountain	WA	2
Spotted Fawn Lake	CA	2
Spotted Lakes	CA	2
Sprague	WA	0
Sprague Camp	CA	1
Sprague Lake	OR	2
Sprague Lake	WA	2
Sprague Lake State Wildlife Area	WA	1
Sprague Pond	WA	2
Sprague River	OR	0
Sprague School/Skyline Park	OR	1
Spratt Mountain	WA	2
Spray	OR	0
Spray Riverfront Park	OR	1
Spreckels	CA	0
Spreckels Junction	CA	0
Spreckels Lake	CA	2
Spreckels Memorial Park	CA	1
Spreckels Park	CA	1
Sprekelsville	CA	0
Spring Basin Wilderness	OR	1
Spring Beach	WA	0
Spring Branch	OR	2
Spring Butte	OR	2
Spring Butte Well Camp	OR	1
Spring Camp	CA	1
Spring Camp	WA	1
Spring Campground	WA	1
Spring Campground Boat Ramp	OR	1
Spring Combs Camp	CA	1
Spring Cove Campground	CA	1
Spring Creek	CA	0
Spring Creek Camp	OR	1
Spring Creek Campground	CA	1
Spring Creek Campground	WA	1
Spring Creek Canyon Natural Area Preserve	WA	1
Spring Creek Hill	OR	2
Spring Creek National Fish Hatchery	WA	1
Spring Creek Recreation Site	OR	1
Spring Creek Trail	CA	1
Spring Crest	CA	2
Spring Flat Campground	CA	1
Spring Forest Camp	OR	1
Spring Gap	CA	0
Spring Garden	CA	0
Spring Garden City Park	OR	1
Spring Gardens	CA	2
Spring Glen	WA	0
Spring Grove Park	CA	1
Spring Hill	CA	2
Spring Hill	OR	2
Spring Hills Park	WA	1
Spring Lake	CA	2
Spring Lake	OR	2
Spring Lake	WA	2
Spring Lake Park	CA	1
Spring Lakes	WA	2
Spring Meadow Park	CA	1
Spring Meadow Park	OR	1
Spring Meadows Park	CA	1
Spring Mountain	OR	2
Spring Mountain Way	OR	1
Spring Park Natural Area	OR	1
Spring Point	OR	2
Spring Recreation Site	OR	1
Spring Trail	CA	1
Spring Valley	CA	0
Spring Valley	WA	0
Spring Valley County Park	CA	1
Spring Valley Lake	CA	0
Spring Valley Mobile Home Park	WA	0
Spring Valley Mountain	CA	2
Springbrook	OR	0
Springbrook City Park	OR	1
Springdale	OR	0
Springdale	WA	0
Springer Lake	WA	2
Springer Mountain	OR	2
Springfield	CA	0
Springfield	OR	0
Springs Camp	WA	1
Springsteen Lake	WA	2
Springtime Park	CA	1
Springville	CA	0
Springville Meadows Park	OR	1
Springville-Johnsondale	CA	0
Springwater	OR	0
Springwater Corridor Trail	OR	1
Springwater Trail	OR	1
Sprite Lake	WA	2
Sproats Meadow	OR	2
Sproul Plaza	CA	1
Sproul Point	OR	2
Spruce Campground	CA	1
Spruce Canyon Youth Camp	WA	1
Spruce Grove Campground	CA	1
Spruce Grove Campground	WA	1
Spruce Lake	OR	2
Spruce Log Trail	OR	1
Spruce Mountain	WA	2
Spruce Park	CA	1
Spruce Point	CA	0
Spruce Point	OR	2
Spruce Run Lake	OR	2
Spruce Spring Campground	WA	1
Spruce West Mobile Home Park	WA	0
Spruce Woods Park	OR	1
Sprudy Lake	OR	2
Spud Hill	WA	2
Spud Island	CA	2
Spud Mountain	OR	2
Spud Mountain	WA	2
Spud Point	CA	2
Spudbowl City Park	OR	1
Spuller Lake	CA	2
Spunky Canyon Campground	CA	1
Spur Butte	OR	2
Spur Mountain	WA	2
Spur Peak	WA	2
Spurgeon Park	CA	1
Spy Lake	OR	2
Spyglass Hill Park	CA	1
Spyglass Park	CA	1
Spyglass Park	OR	1
Spyrock	CA	0
Squabbletown	CA	0
Squak Mountain	WA	2
Squak Mountain State Park Natural Area	WA	1
Squalicum Lake	WA	2
Squalicum Mountain	WA	2
Squally Jim	WA	2
Squally Point	OR	2
Squamish Harbor	WA	2
Square Black Rock	CA	2
Square Lake	CA	2
Square Lake	OR	2
Square Lake	WA	2
Square Mountain	OR	2
Square Rock	OR	2
Square Top	OR	2
Square White Rock	OR	2
Squat Hill	CA	2
Squatty Butte	CA	2
Squaw Butte Trail (historical)	OR	1
Squaw Camp	CA	1
Squaw Hill	CA	0
Squaw Hollow Campground	CA	1
Squaw Island	WA	2
Squaw Islands	WA	2
Squaw Lake	CA	2
Squaw Lake	OR	2
Squaw Lake	WA	2
Squaw Tip Trail (historical)	OR	1
Squaw Tit	CA	2
Squaw Valley State Reservation Area (historical)	CA	1
Squaxin Island	WA	2
Squaxin Island State Park	WA	1
Squaxin Island State Park (historical)	WA	1
Squibob Square	CA	1
Squilchuck State Park	WA	1
Squilchuck Trail	WA	1
Squire Creek Park	WA	1
Squire Mobile Home Park	WA	0
Squires Lake	WA	2
Squires Peak	OR	2
Squirrel Camp	OR	1
Squirrel Mountain Valley	CA	0
Squirrel Peak	OR	2
Squitch Lake	WA	2
Sru Lake	OR	2
Sru Lake Campground	OR	1
St'umt'umm Mountain	WA	2
Stabler	WA	0
Stacher Butte	CA	2
Stack Yards	OR	2
Stacker Butte	WA	2
Stackpole Harbor	WA	2
Stacy	CA	0
Stadium	WA	1
Stadium Lake	WA	2
Stadleman Swamp	WA	2
Staehly Mountain	WA	2
Stafford	CA	0
Stafford	OR	0
Stafford City Park	OR	1
Stafford County Park	CA	1
Stafford Grove Park	CA	1
Stafford Mountain	CA	2
Stafford Park	CA	1
Stag Dome	CA	2
Stag Lake	OR	2
Stag Point	CA	2
Stag Rustic Campsite	CA	1
Stag Trail	OR	1
Stage Coach Forest State Park	OR	1
Stagecoach Horsecamp	OR	1
Stagecoach Park	CA	1
Stagger Inn Campground	WA	1
Staghorn Mountain	WA	2
Stagman Butte	WA	2
Stagnant Lake	OR	2
Stags Leap	CA	2
Stahl Mountain	WA	2
Stahlbusch Island	OR	2
Stahlman Point	OR	2
Staircase Campground	WA	1
Stairstep Butte	OR	2
Stairstep Falls Trail	CA	1
Stake Point	CA	2
Stalder	CA	0
Staley	CA	0
Staley	WA	0
Staley Ridge Trail	OR	1
Stallard Lake	WA	2
Stalling Butte	OR	2
Stallion Meadow Mobile Home Park	CA	0
Stallion Oaks	CA	0
Stallion Oaks Campground	CA	1
Stallion Springs	CA	0
Stallion Waterhole	OR	2
Stampede	WA	0
Stampede Campground	CA	1
Stams Mountain	OR	2
Stan Coffin Lake	WA	2
Stan H Springs Camp	OR	1
Stan Hedwall Park	WA	1
Standard	CA	0
Standard Hill	CA	2
Standard Oil Camp Eleven-C	CA	1
Standard Oil Camp Five-D	CA	1
Standard Oil Camp Nine-D	CA	1
Standard Oil Camp One-C	CA	1
Standard Park	CA	1
Standiford Park	CA	1
Standish	CA	0
Standish-Hickey State Recreation Area	CA	1
Standley Park	CA	1
Standley Recreation Center	CA	1
Standpipe Hill	WA	2
Stanfield	OR	0
Stanfield Heights Park	OR	1
Stanfield Hill	CA	0
Stanford	CA	0
Stanford Avenue Park	CA	1
Stanford Hills Park	CA	1
Stanford Lake	CA	2
Stanford Park	CA	1
Stanford Playground	CA	1
Stanford Point	CA	2
Stanford Weekend Acres	CA	0
Stanger Memorial VFW Park	OR	1
Staniford Lakes	CA	2
Stanislaus	CA	0
Stanislaus County Fairgrounds	CA	1
Stanislaus County Park	CA	1
Stanislaus National Forest	CA	1
Stanislaus Peak	CA	2
Stanislaus River Campground	CA	1
Stanley Lake	OR	2
Stanley Mountain	CA	2
Stanley Peak	CA	2
Stanley Peak	OR	2
Stanley Peninsula	WA	2
Stanley Point	WA	2
Stanley Rock Treaty Fishing Access Site	OR	1
Stanridge Hill	WA	2
Stansberry Lake	WA	2
Stanton	CA	0
Stanton Park	CA	1
Stanton Peak	CA	2
Stanton Soccer Field	CA	1
Stanwood	WA	0
Stapleton	OR	0
Star Bay	CA	2
Star Butte	CA	2
Star Camp	OR	1
Star Gulch Sulphur Camp	OR	1
Star Lake	CA	2
Star Lake	WA	0
Star Lakes	CA	2
Star Mountain	CA	2
Star Mountain	OR	2
Star Park	CA	1
Star Party Trail	CA	1
Star Peak	WA	2
Star Rock	CA	2
Star Valley Knoll	OR	2
Starbird Park	CA	1
Starbright Acres	CA	0
Starbuck	WA	0
Starfish Cove	OR	2
Stargaze Park	CA	1
Stark Street Island	OR	1
Starker City Park	OR	1
Starkey	OR	0
Starkweather Lake	CA	2
Starlite Park	CA	1
Starr	WA	0
Starr Butte	WA	2
Starr Hill	WA	2
Starr King Lake	CA	2
Starridge Park	CA	1
Startup	WA	0
Starvation Creek State Park	OR	1
Starvation Heights	OR	0
Starvation Lake	CA	2
Starvation Lake	WA	2
Starvation Mountain	CA	2
Starvation Mountain	WA	2
Starvation Trail	OR	1
Starwano Way	OR	1
Starzman Lake	WA	2
Stassen Park	WA	1
State Camp	WA	0
State College of Washington Survey Camp	WA	1
State Game Refuge One-P	CA	1
State Game Refuge One-V	CA	1
State Hospital Orchard Trail	CA	1
State Lakes	CA	2
State Lands Ballfields City Park	OR	1
State Mountain	CA	2
State Peak	CA	2
State Road Cabin Camp	WA	1
State Street City Park	OR	1
State Street Park	OR	1
State Street Playground	CA	1
State Street Recreation Center	CA	1
State University Survey Camp	WA	1
Stateline	CA	0
Stateline	WA	0
Stateline Wilderness	CA	1
Staten Island	CA	2
States Playground	CA	1
Station Butte	OR	2
Station Canyon Arm	CA	2
Station Island	CA	2
Station Peak	CA	2
Statue Lake	CA	2
Stauffer	CA	0
Stauffer Park	CA	1
Stauffer Rim	OR	2
Stavis Bay	WA	2
Stavis Creek State Wildlife Area	WA	1
Stavis Natural Resource Conservation Area	WA	1
Stayman	WA	0
Stayton	OR	0
Stayton Bridge County Boat Ramp	OR	1
Stayton Island	OR	2
Steam Engine Park	CA	1
Steam Shovel Hill	WA	2
Steamboat	OR	0
Steamboat Butte	WA	2
Steamboat City Park	OR	1
Steamboat Island	OR	2
Steamboat Island	WA	2
Steamboat Lake	OR	2
Steamboat Lake	WA	2
Steamboat Lake Campground	WA	1
Steamboat Mountain	CA	2
Steamboat Mountain	OR	2
Steamboat Mountain	WA	2
Steamboat Point	CA	2
Steamboat Point	OR	2
Steamboat Prow	WA	2
Steamboat Rock	CA	2
Steamboat Rock	OR	2
Steamboat Rock	WA	2
Steamboat Rock State Park	WA	1
Steamboat Trail	CA	1
Steamboat Trail	OR	1
Stearns Bluff	WA	2
Stearns Butte	OR	2
Stearns City Park	OR	1
Stearns Park	CA	1
Steckel Park	CA	1
Stedman	CA	0
Steel Bay	OR	2
Steel Bridge Campground	CA	1
Steel Canyon Resort	CA	0
Steel Cliff	OR	2
Steel Lake	WA	2
Steel Lake Park	WA	1
Steel Trap Rock	CA	2
Steele Canyon County Park	CA	1
Steele Creek Mobile Home Park	WA	0
Steele Hill	WA	2
Steele Lane Park	CA	1
Steele Park	OR	1
Steele Peak	CA	2
Steele Swamp	CA	2
Steelhead	CA	0
Steelhead Lake	CA	2
Steelhead Park	CA	1
Steelhead Park	OR	1
Steelman Lake	OR	2
Steens Mountain	OR	2
Steens Mountain Cooperative Management and Protection Area	OR	1
Steens Mountain Wilderness	OR	1
Steep Point	WA	2
Steep Ravine Environmental Camp	CA	1
Steep Ravine Trail	CA	1
Steeplechase Mini Park	CA	1
Steer Creek Trail	CA	1
Steet Mountain	OR	2
Stegeman	CA	0
Stehekin	WA	0
Stehekin Campground	WA	1
Steiger Butte	OR	2
Steiger Hill	CA	2
Steigerwald Lake	WA	2
Steigerwald Lake National Wildlife Refuge	WA	1
Steilacoom	WA	0
Steilacoom Waterway	WA	2
Stein Butte	OR	2
Stein Creek Camp	CA	1
Steinacher Lake	CA	2
Steinbeck Park	CA	1
Steiwer Hill	OR	2
Steiwer Peaks	OR	2
Stella	WA	0
Stella Lake	CA	2
Stella Olsen City Park	OR	1
Stella Swamp	WA	2
Stella island	OR	2
Stelte Park	CA	1
Stem Trail	CA	1
Stemilt Hill	WA	2
Stengel Field	CA	1
Stennett Butte	OR	2
Stensgar Mountain	WA	2
Stent	CA	0
Stentz Spring	WA	0
Stenzel Park	CA	1
Stephen Mather Wilderness	WA	1
Stephen Peak	WA	2
Stephens	OR	0
Stephens Butte	CA	2
Stephens Campground	CA	1
Stephens Creek Natural Area	OR	1
Stephens Grove Loop Trail	CA	1
Stephens Pass Camp	CA	1
Stephenson Hill	CA	2
Stephenson Mountain	OR	2
Stephenson Peak	CA	2
Stepladder Mountains Wilderness	CA	1
Steptoe	WA	0
Steptoe Butte	WA	2
Steptoe Butte State Park	WA	1
Steptoe Memorial State Park	WA	1
Sterling	WA	0
Sterling Canyon Campground	CA	1
Sterling Hill	WA	2
Sterling Lake Campground	CA	1
Sterling Mountain	CA	2
Sterling Point	WA	2
Stern Lake	WA	2
Stetson Lake	WA	2
Stetson Ranch Park	CA	1
Steuben Place	CA	0
Steve Barton Point	CA	2
Steve Carli Park	CA	1
Steve Fork Trail	OR	1
Steve Peak	OR	2
Steven's Street Mobile Home Park	WA	0
Stevenot Camp	CA	1
Stevens	CA	0
Stevens Butte	OR	2
Stevens Camp	CA	1
Stevens Canyon Park	WA	1
Stevens Creek Park	CA	1
Stevens Creek Shoreline Nature Study Area	CA	1
Stevens Creek Tidal Marsh	CA	2
Stevens Field	WA	1
Stevens Lake	WA	2
Stevens Mountain	CA	2
Stevens Park	CA	1
Stevens Peak	CA	2
Stevens Peak	WA	2
Stevens Point	OR	2
Stevens-Van Trump Historical Monument	WA	1
Stevenson	WA	0
Stevenson Park	CA	1
Stevenson Park	OR	1
Stevenson Peak	CA	2
Stevenson Ranch	CA	0
Stevenson Ridge Natural Resources Conservation Area	WA	1
Stevenson Ridge Trail	WA	1
Stevenson School Park	CA	1
Stevinson	CA	0
Stewart Draw Park	CA	1
Stewart Heights Playfield	WA	1
Stewart Lake	OR	2
Stewart Lake	WA	2
Stewart Lenox	OR	0
Stewart Memorial Park	WA	1
Stewart Mountain (not official)	WA	2
Stewart Park	CA	1
Stewart Park	OR	1
Stewart Park Wildlife Pond	OR	1
Stewart Playground	CA	1
Stewart Point	CA	2
Stewart Street Park	CA	1
Stewarts Lake	CA	2
Stewarts Point	CA	0
Stewarts Point Island	CA	2
Stewartville	CA	0
Stick Lake	CA	2
Stickney Lake	WA	2
Stickpin Hill	WA	2
Stidham Lake	WA	2
Stienhart Lakes	CA	2
Stiletto Peak	WA	2
Still Creek Trail	OR	1
Still Harbor	WA	2
Still Lake	CA	2
Stillaguamish Peak	WA	2
Stillman Magee Park	CA	1
Stillman Park	OR	1
Stillwater Butte	CA	2
Stillwater Campground	CA	1
Stillwater Cove	CA	2
Stillwater Cove Access	CA	1
Stillwater Cove Regional Park	CA	1
Stillwater State Wildlife Area	WA	1
Stillwater Truck Trail	WA	1
Stillwell Park	CA	1
Stillwell Park	OR	1
Stillwell Point	CA	2
Stimpson Family Nature Reserve	WA	1
Stimson	WA	0
Stimson Crossing	WA	0
Stimson Hill	WA	2
Stimson Meadow	OR	2
Stimson Park	CA	1
Stine Cove	CA	2
Stine Point	CA	2
Stink Lake	WA	2
Stinking Lake	OR	2
Stinking Lake	WA	2
Stinking Water Pond	OR	2
Stinson Beach	CA	0
Stirling City	CA	0
Stirling Junction	CA	0
Stirrup Lake	WA	2
Stitch Lake	WA	2
Stites City Park	OR	1
Stockade Buttes	OR	2
Stockade Mountain	OR	2
Stockade Point	OR	2
Stockade Spring Campground	WA	1
Stockdale Mountain	CA	2
Stocker City Park	OR	1
Stocker Plaza	CA	1
Stocking Lake	CA	2
Stockport Park	CA	1
Stockton	CA	0
Stockton Hill	CA	2
Stockton Municipal Camp	CA	1
Stoddard Lake	CA	2
Stoddard Mountain	CA	2
Stoddard Mountain	WA	2
Stoddard Park	CA	1
Stoddard Peak	CA	2
Stoil	CA	0
Stokes Mountain	CA	2
Stoller Farms Park	OR	1
Stollwood Park	CA	1
Stolzenburg Mountain	WA	2
Stomar	CA	0
Stone	CA	0
Stone Butte	OR	2
Stone Camp Pole Slide Boat Launch	OR	1
Stone Canyon Trail	CA	1
Stone City Park	OR	1
Stone Coal Mountain	CA	2
Stone Corral Lake	OR	2
Stone Creek Campground	CA	1
Stone Creek Park	CA	1
Stone House Crossing Campground	CA	1
Stone Island	CA	2
Stone Lagoon	CA	2
Stone Lake	CA	2
Stone Lake	WA	2
Stone Lakes National Wildlife Refuge	CA	1
Stone Mountain	OR	2
Stone Mountain	WA	2
Stone Place	CA	0
Stone Quarry Lake	OR	2
Stone Sumps	OR	2
Stonecress Park	CA	1
Stonefield Beach State Recreation Site	OR	1
Stonegate Park	OR	1
Stonehenge Memorial	WA	1
Stonehouse Campground	CA	1
Stonehurst Recreation Area	CA	1
Stonehurst Recreation Center	CA	1
Stoneman	CA	0
Stoneman Park	CA	1
Stonemist Park	OR	1
Stoner Lake	WA	2
Stoner Recreation Center	CA	1
Stoneridge City Park	OR	1
Stones Landing	CA	0
Stones Road Boat Launch	OR	1
Stonesbridge Park	CA	1
Stonesthrow Lake	WA	2
Stonewall Peak	CA	2
Stoneway Park	WA	1
Stoney Creek Campground	CA	1
Stoney Mountain	OR	2
Stoney Point	OR	2
Stoney Point Campground	CA	1
Stoney Point Park	CA	1
Stoneyvale Campground	CA	1
Stony Butte	CA	2
Stony Cove	OR	2
Stony Creek Campground	CA	1
Stony Creek Village	CA	0
Stony Grade	WA	2
Stony Hill	CA	2
Stony Peak	CA	2
Stony Peak	WA	2
Stony Point	CA	0
Stony Point	OR	2
Stony Point	WA	2
Stony Point Camp	WA	1
Stony Top	CA	2
Stonyford	CA	0
Storey	CA	0
Storey Peak	WA	2
Storke Plaza	CA	1
Storm King	WA	2
Storm King Mountain	WA	2
Storm King Trail	WA	1
Storm Lake	OR	2
Storm Lake	WA	2
Storm Mountain	OR	2
Stormy Lake	OR	2
Stormy Mountain	WA	2
Stormy Point	WA	2
Stormy Stack	CA	2
Storrie	CA	0
Story Park	CA	1
Stough Campground	CA	1
Stough Park	CA	1
Stout	CA	0
Stout Campground	WA	1
Stout Lake	WA	2
Stout Mountain	OR	2
Stout Park	OR	1
Stove Camp	CA	1
Stovepipe Campsite	CA	1
Stovepipe Flat	CA	2
Stovepipe Mountain	WA	2
Stover Camp	CA	1
Stover Hill	WA	2
Stover Mountain	CA	2
Stover Park	OR	1
Stow Grove Park	CA	1
Stow Lake	CA	2
Stowe Mountain	WA	2
Straight Arrow Camp	CA	1
Straight Creek Cat Trail	OR	1
Straight Creek Trail	OR	1
Straight Point	WA	0
Straight Ponds	WA	2
Strandell	WA	0
Stranger Mountain	WA	2
Strangers Lake	WA	2
Stratford	CA	0
Stratford	WA	0
Strathern Park West	CA	1
Strathern Playground	CA	1
Strathmore	CA	0
Strathmore Park	OR	1
Straub Nature Park Park	OR	1
Straube Lake	CA	2
Strauch School Park	CA	1
Strauss Playground	CA	1
Straw Peak	CA	2
Strawberry	CA	0
Strawberry Basin Trail	OR	1
Strawberry Bay	WA	2
Strawberry Butte	OR	2
Strawberry Camp	CA	1
Strawberry Campground	CA	1
Strawberry Hill	OR	2
Strawberry Hill Park	OR	1
Strawberry Island	WA	2
Strawberry Lake	CA	2
Strawberry Lake	OR	2
Strawberry Lake	WA	2
Strawberry Lake Camp	OR	1
Strawberry Manor	CA	0
Strawberry Mountain	OR	2
Strawberry Mountain	WA	2
Strawberry Mountain Wilderness	OR	1
Strawberry Park	CA	1
Strawberry Peak	CA	2
Strawberry Point	CA	2
Strawberry Point	WA	2
Strawberry Valley	CA	0
Straylor Lake	CA	2
Streamland Park	CA	1
Streamside Camp	CA	1
Streamside Campground	CA	1
Street Creek Boating Site and Campground	OR	1
Streeter Mountain	CA	2
Streeter Park	CA	1
Stretch Island	WA	2
Stretch Point State Park	WA	1
Stribley Park	CA	1
Strickland Acres	CA	0
Strickland Lake	WA	2
Stricklin Butte	CA	2
Strickroth Park	CA	1
Strider Lake	OR	2
Striebels Corner	WA	0
Striker Park	WA	1
String Butte	OR	2
Stringer Pond	OR	2
Stringham Park	CA	1
Stringtown	WA	0
Stringtown Mountain	CA	2
Striped Butte	CA	2
Striped Mountain	CA	2
Striped Mountain	OR	2
Striped Peak	WA	2
Striped Rock	CA	2
Strizek Park	CA	1
Strobach Mountain	WA	2
Strome County Park	OR	1
Stronetta	CA	0
Strong Mountain	CA	2
Stronghold	CA	0
Strongs Mobile Village	CA	0
Strother Park	CA	1
Strybing Arboretum	CA	1
Stryker Park	OR	1
Stuart	CA	0
Stuart Camp	CA	1
Stuart Campground	WA	1
Stuart Falls Camp	OR	1
Stuart Grenfell County Park	OR	1
Stuart Island	WA	2
Stuart Island State Park	WA	1
Stuart Mesa	CA	2
Stuart Wheeler Park	CA	1
Stub Lake	CA	2
Stubblefield Lake	WA	2
Stubblefield Mountain	OR	2
Stubblefield Point	WA	2
Stubbs Island	CA	2
Stuck	WA	0
Stuckey Butte	OR	2
Stud Hill	CA	2
Stud Horse Camp	CA	1
Stud Mountain	CA	2
Studebaker	CA	0
Studhorse Butte	OR	2
Studhorse Waterhole	OR	2
Studio City Park	CA	1
Studio City Recreation Center	CA	1
Stukel Mountain	OR	2
Stukel Park	OR	1
Stulsaft Park	CA	1
Stump Beach	CA	1
Stump Beach Cove	CA	2
Stump Beach Trail	CA	1
Stump Campground	WA	1
Stump Creek Butte	CA	2
Stump Creek Trail	OR	1
Stump Lake	WA	2
Stump Pond	OR	2
Stump Ranch	CA	2
Stump Spring Butte	OR	2
Stump Spring Campground	CA	1
Stumpfield Mountain	CA	2
Stumpy Meadows Campground	CA	1
Sturgeon Lake	OR	2
Sturgeon Rock	WA	2
Sturgill Peak	OR	2
Sturnacle Park	CA	1
Sturtevant Camp	CA	1
Styx	CA	0
Subaco	CA	0
Sublimity	OR	0
Submarine Rock	OR	2
Substitute Point	OR	2
Suburban Villa Mobile Home Park	WA	0
Suburbia Park	CA	1
Succor Creek State Park	OR	1
Sucia Island	WA	2
Sucia Island State Park	WA	1
Sucia Islands	WA	2
Suckell Pond	WA	2
Sucker Creek Trail	OR	1
Sucker Flat	CA	0
Sucker Lake	CA	2
Sucro	CA	0
Sudbury	WA	0
Sudden Peak	CA	2
Sudden Valley	WA	0
Sueno Park	CA	1
Suey Park	CA	1
Sugar Hill	CA	2
Sugar Hill	OR	2
Sugar Lake	CA	2
Sugar Lake	WA	2
Sugar Loaf	CA	2
Sugar Loaf Mountain	CA	2
Sugar Loaf Mountain	OR	2
Sugar Peak	OR	2
Sugar Pine	CA	0
Sugar Pine Butte	CA	2
Sugar Pine Butte	OR	2
Sugar Pine Camp	CA	1
Sugar Pine Camp	OR	1
Sugar Pine County Group Campground	OR	1
Sugar Pine Lake	CA	2
Sugar Pine Mountain	CA	2
Sugar Pine Point	CA	2
Sugar Pine Point Trail	CA	1
Sugar Pine Ridge Trail	OR	1
Sugar Pine Sheep Camp	CA	1
Sugar Pine Trail	CA	1
Sugar Spring Campground	CA	1
Sugarbowl Butte	WA	2
Sugarbowl Dome	CA	2
Sugarfield	CA	0
Sugarloaf	CA	0
Sugarloaf	OR	2
Sugarloaf	WA	2
Sugarloaf Butte	CA	2
Sugarloaf Butte	OR	2
Sugarloaf Campground	CA	1
Sugarloaf Campgrounds	WA	1
Sugarloaf Hill	CA	2
Sugarloaf Hill	WA	2
Sugarloaf Island	CA	2
Sugarloaf Island	WA	2
Sugarloaf Lake	WA	2
Sugarloaf Mountain	CA	2
Sugarloaf Mountain	OR	2
Sugarloaf Mountain	WA	2
Sugarloaf Mountain Park	CA	0
Sugarloaf Open Space	CA	1
Sugarloaf Organ Camp	CA	1
Sugarloaf Peak	CA	2
Sugarloaf Peak	WA	2
Sugarloaf Point	CA	2
Sugarloaf Ridge State Park	CA	1
Sugarloaf Saw Mill	CA	0
Sugarloaf Village	CA	0
Sugarlump	CA	2
Sugarpine	CA	0
Sugarpine Hill	CA	2
Sugarpine Mountain	CA	2
Sugarpine Mountain	OR	2
Suiattle Mountain	WA	2
Suicide Rock	CA	2
Suicide Rock	OR	2
Suisun	CA	0
Suisun Bay	CA	2
Suisun Hill	CA	2
Suisun Point	CA	2
Sulanharas Creek Arm	CA	2
Sulivan Canyon Park	CA	1
Sullens Cow Camp	OR	1
Sullivan	CA	0
Sullivan Creek Campground Number 1	WA	1
Sullivan Creek Campground Number 2	WA	1
Sullivan Creek Campground Number 3	WA	1
Sullivan Field	CA	1
Sullivan Lake	CA	2
Sullivan Lake	WA	2
Sullivan Lake Campground	WA	1
Sullivan Mountain	WA	2
Sullivan Park	WA	1
Sullivan Point	WA	2
Sullivan Pond	WA	2
Sullivans Beach	CA	1
Sulpher Springs Camp	CA	1
Sulpher Springs Campground	CA	1
Sulphide Lake	WA	2
Sulphur	WA	0
Sulphur Bank Point	CA	2
Sulphur Camp	CA	1
Sulphur Creek Campground	WA	1
Sulphur Creek Park	CA	1
Sulphur Creek Trail	OR	1
Sulphur Lake	WA	2
Sulphur Mountain	CA	2
Sulphur Mountain	WA	2
Sulphur Mountain Lake	WA	2
Sulphur Mountain Way (historical)	WA	1
Sulphur Peak	CA	2
Sulphur Pot Rustic Campsite	CA	1
Sulphur Spring Butte	OR	2
Sulphur Springs	CA	0
Sulphur Springs Camp	CA	1
Sulphur Springs Campground	CA	1
Sulphur Springs Mountain	CA	2
Sulphur Springs Park	CA	1
Sulphur Springs Point	WA	2
Sultan	WA	0
Sultan Ridge	WA	2
Sultana	CA	0
Sumac Park	CA	1
Sumas	WA	0
Sumas Mountain	WA	2
Summer Camp	CA	1
Summer Falls State Park	WA	1
Summer Home	CA	0
Summer Lake	OR	0
Summer Lake	WA	2
Summer Lake Migratory Waterfowl and Game Management Area	OR	1
Summer Lake Park	CA	1
Summer Lake State Wildlife Area	OR	1
Summer Villa Estates Mobile Home Park	WA	0
Summerbell Arm Woahink Lake	OR	2
Summercrest Park	OR	1
Summercrest West Park	OR	1
Summerdale Campground	CA	1
Summerfield Park	OR	1
Summerhill Park	CA	1
Summerhome Park	CA	0
Summerhurst	WA	0
Summerlake City Park	OR	1
Summerland	CA	0
Summers Hill	CA	2
Summers Park	CA	1
Summertown	CA	0
Summerville	CA	0
Summerville	OR	0
Summerville Estates Mobile Home Park	WA	0
Summit	CA	0
Summit	OR	0
Summit	WA	0
Summit Butte	OR	2
Summit Camp	CA	1
Summit Camp	OR	1
Summit Campground	CA	1
Summit Chief Lake	WA	2
Summit Chief Mountain	WA	2
Summit Creek Campground	WA	1
Summit Creek Trail	OR	1
Summit Hill	CA	2
Summit Lake	CA	2
Summit Lake	OR	2
Summit Lake	WA	2
Summit Lake Trail	OR	1
Summit Lake Trail	WA	1
Summit Lakes	WA	2
Summit Marsh	CA	2
Summit Meadow	OR	2
Summit Meadow Campground	CA	1
Summit Meadow Lake	CA	2
Summit Mount Emily Trail	OR	1
Summit Mountain	OR	2
Summit Mountain	WA	2
Summit Park	CA	1
Summit Park	OR	1
Summit Point	OR	2
Summit Pyramid	WA	2
Summit Ridge Park	CA	1
Summit Road	CA	0
Summit Rock	OR	2
Summit Rock Point	OR	2
Summit Spring Forest Camp	OR	1
Summit Springs Hill	CA	2
Summit Terrace	CA	0
Summit Trail	CA	1
Summit Trail	OR	1
Summit Trail	WA	1
Summit Valley Trail	CA	1
Summit View	WA	0
Summitview	WA	0
Sumner	OR	0
Sumner	WA	0
Sumner Hill	CA	0
Sumner-Albina Park	OR	1
Sump Lake	OR	2
Sumpter	OR	0
Sumpter School City Park	OR	1
Sun Gold Point	CA	2
Sun Lakes State Park	WA	1
Sun Lakes State Wildlife Area	WA	1
Sun Mountain	OR	2
Sun Mountain	WA	2
Sun Notch Trail	OR	1
Sun Point	CA	2
Sun Point	WA	2
Sun Rock	CA	2
Sun Rock Trail	CA	1
Sun Terrace Park	CA	1
Sun Top	WA	2
Sun Top Trail	WA	1
Sun Trail	CA	1
Sun Valley Park	CA	1
Sun Village	CA	0
Sunbeach	WA	0
Sunbeam Lake	CA	2
Sunbeam Lake County Park	CA	1
Sunbeam Recreation Area	CA	1
Sunbow Park	CA	1
Sunburst Park	OR	1
Sunburst Park	WA	1
Suncrest	CA	0
Suncrest Point	OR	2
Suncrest Southbound Rest Area	OR	1
Suncrest Truck Trail	CA	1
Sundale	WA	0
Sundale Treaty Fishing Access Site	WA	1
Sundance Park	CA	1
Sunday Camp	OR	1
Sunday Hill	OR	2
Sunday Lake	WA	2
Sunday Peak	CA	2
Sunday Ridge	CA	2
Sundew Campground	CA	1
Sundew Lake	OR	2
Sundial Beach	OR	1
Sundown Mountain	OR	2
Sunfair	CA	0
Sunfair Heights	CA	0
Sunfish Park	CA	1
Sunflower Flat Pond	OR	2
Sunflower Hill	CA	2
Sunflower Knob	CA	2
Sunflower Park	CA	1
Sunflower Trail	CA	1
Sungold Park	CA	1
Sunken Gardens Park	CA	1
Sunken Harbor	CA	1
Sunken Mountain	OR	2
Sunken Rock	WA	2
Sunlake State Park	WA	1
Sunland	CA	0
Sunland Park	CA	1
Sunlight Beach	WA	0
Sunny Brae	CA	0
Sunny Camp	OR	1
Sunny Camp	WA	1
Sunny Cove	CA	2
Sunny Cove Beach County Park	CA	1
Sunny Glen Recreational Area	CA	1
Sunny Hill	WA	0
Sunny Hills	CA	0
Sunny Point Recreation Site	CA	1
Sunny Ridge Park	CA	1
Sunny Shore Acres	WA	0
Sunny Shores	WA	0
Sunny Slopes	CA	0
Sunny Valley	OR	0
Sunnybank	WA	0
Sunnybrae Park	CA	1
Sunnybrook	CA	0
Sunnycrest	OR	0
Sunnydale	OR	0
Sunnydale	WA	0
Sunnydale Mobile Home Park	WA	0
Sunnyglen Park	CA	1
Sunnyhill Park	OR	1
Sunnyhills Park	CA	1
Sunnymead Park	CA	1
Sunnyridge	OR	0
Sunnyside	CA	0
Sunnyside	OR	0
Sunnyside	WA	0
Sunnyside Beach Park	WA	1
Sunnyside Camp	WA	1
Sunnyside Campground	CA	1
Sunnyside County Park	OR	1
Sunnyside Mobile Court	WA	0
Sunnyside Park	CA	1
Sunnyside Playground	CA	1
Sunnyside School Park	OR	1
Sunnyside State Wildlife Area	WA	1
Sunnyside Trail	CA	1
Sunnyside-Tahoe City	CA	0
Sunnyslope	CA	0
Sunnyslope	WA	0
Sunnyslope City Park	OR	1
Sunnyslope Open Space	OR	1
Sunnyslope Park	CA	1
Sunnyslopes Park	CA	1
Sunnyvale	CA	0
Sunnyvale Arboretum	CA	1
Sunnyvale Baylands Park	CA	1
Sunnyvale Tennis Center	CA	1
Sunnyview Park	CA	1
Sunol	CA	0
Sunol Peak	CA	2
Sunol Valley Regional Park	CA	1
Sunridge Park	CA	1
Sunrise	CA	0
Sunrise	WA	0
Sunrise Beach	WA	0
Sunrise Butte	CA	2
Sunrise Butte	OR	2
Sunrise City Park	OR	1
Sunrise Cove	WA	2
Sunrise Florin Park	CA	1
Sunrise Heights	CA	0
Sunrise High Sierra Camp	CA	1
Sunrise Lake	OR	2
Sunrise Lake	WA	2
Sunrise Lakes	CA	2
Sunrise Manor Mobile Home Park	WA	0
Sunrise Motorcycle Park	CA	1
Sunrise Mountain	CA	2
Sunrise Mountain	WA	2
Sunrise Oaks Park	CA	1
Sunrise Park	CA	1
Sunrise Park	OR	1
Sunrise Peak	CA	2
Sunrise Peak	WA	2
Sunrise Plaza	CA	1
Sunrise Point	WA	2
Sunrise Terrace Campground	CA	1
Sunrise Vista	CA	0
Sunrise and Tuolumne Meadows Trail (historical)	CA	1
Sunriver	OR	0
Sunset	CA	0
Sunset	OR	0
Sunset	WA	0
Sunset Aquatic Regional Park	CA	1
Sunset Bay	OR	2
Sunset Bay	WA	2
Sunset Bay State Park	OR	1
Sunset Beach	CA	1
Sunset Beach	OR	0
Sunset Beach	WA	0
Sunset Beach State Park	OR	1
Sunset Beach Trail	CA	1
Sunset Camp	OR	1
Sunset Campground	CA	1
Sunset Campground	OR	1
Sunset Campground	WA	1
Sunset Campground Boat Ramp	OR	1
Sunset Campsite	CA	1
Sunset City Park	OR	1
Sunset Cliffs	CA	1
Sunset County Beach	CA	1
Sunset Cove	OR	2
Sunset Cove Campground Boat Ramp	OR	1
Sunset Farm	WA	0
Sunset Heights Park	CA	1
Sunset Highway State Park	OR	1
Sunset Hill	CA	2
Sunset Lake	CA	2
Sunset Lake	OR	2
Sunset Lake	WA	2
Sunset Lake Public Park	OR	1
Sunset Lake Trail	OR	1
Sunset Loop	CA	1
Sunset Mountain	CA	2
Sunset Mountain	OR	2
Sunset Park	CA	1
Sunset Park	OR	1
Sunset Park	WA	1
Sunset Peak	CA	2
Sunset Playground	CA	1
Sunset Point	CA	0
Sunset Point	WA	2
Sunset Point Campground	CA	1
Sunset Pond	WA	2
Sunset Ravine Park	WA	1
Sunset Recreation Center	CA	1
Sunset Ridge Truck Trail	CA	1
Sunset Rock	CA	2
Sunset Rustic Campsite	CA	1
Sunset State Beach	CA	1
Sunset Swim Center/Park	OR	1
Sunset Terrace	WA	0
Sunset Terrace Mobile Home Park	WA	0
Sunset Trail	CA	1
Sunset Trail	OR	1
Sunset Trail Camp	CA	1
Sunset Tunnel Park	CA	1
Sunset View	CA	0
Sunset View Park	OR	1
Sunset Village	WA	0
Sunset Wetland Natural Preserve	CA	1
Sunshine	WA	0
Sunshine Beach	CA	1
Sunshine Beach	WA	0
Sunshine Camp	CA	0
Sunshine Flat Trail	OR	1
Sunshine Lake	OR	2
Sunshine Mountain	CA	2
Sunshine Park	CA	1
Sunshine Park	OR	1
Sunshine Peak	CA	2
Sunshine Point	WA	2
Sunshine Point Campground	WA	1
Sunshine Rock	OR	2
Sunshine Trail	CA	1
Sunsweet	CA	0
Suntex	OR	0
Sunup Lake	WA	2
Sunwood Lake	WA	2
Superior Lake	CA	2
Superstition Mountain	CA	2
Suplee	OR	0
Suplee Butte	OR	2
Supplee	WA	0
Suquamish	WA	0
Sur Hill	CA	2
Sure Shot Mountain	WA	2
Surf	CA	0
Surf Pines	OR	0
Surf and Sand Mobile Home Park	CA	0
Surf and Turf Recreation Center	CA	1
Surfbird Isle	CA	2
Surfers Point Park	CA	1
Surfside Beach	CA	1
Surfwood Campground	CA	1
Surgone	CA	0
Surprise Canyon Wilderness	CA	1
Surprise Lake	CA	2
Surprise Lake	OR	2
Surprise Lake	WA	2
Surprise Lake Campsite	WA	1
Surprise Lake Indian Camp	WA	1
Surprise Lakes	WA	2
Surprise Mountain	WA	2
Surprise Station	CA	0
Surprise Valley	OR	0
Surprise Valley	WA	0
Surry West Path	OR	1
Survey Point	WA	2
Surveyor Campground	CA	1
Surveyor Mountain	OR	2
Surveyor Peak	OR	2
Surveyors Lake	OR	2
Surveyors Lake	WA	2
Survivors Hill	CA	2
Susan B Anthony Park	CA	1
Susan Creek Campground Boat Launch	OR	1
Susan Creek Park (historical)	OR	1
Susan Lake	WA	2
Susan River Campground	CA	1
Susan River Park	CA	1
Susana Park	CA	1
Susanville	CA	0
Susanville	OR	0
Susanville Peak	CA	2
Suscol	CA	0
Susie	WA	0
Susie Lake	CA	2
Sutherland Meadows Park	OR	1
Sutherlin	OR	0
Sutherlin City Park	OR	1
Sutico	WA	0
Sutil Island	CA	2
Sutro Heights Park	CA	1
Sutter	CA	0
Sutter Buttes State Park	CA	1
Sutter Creek	CA	0
Sutter Creek-Plymouth	CA	0
Sutter Hill	CA	0
Sutter Island	CA	2
Sutter Mountain	WA	2
Sutter National Wildlife Refuge	CA	1
Sutter Park	CA	1
Sutter's Fort State Historic Park	CA	1
Sutterville Lake (historical)	CA	2
Sutterville School Park	CA	1
Suttle Lake	OR	2
Sutton	WA	0
Sutton Bay	WA	2
Sutton Lake	OR	2
Sutton Lake	WA	2
Sutton Park	CA	1
Sutton Park	WA	1
Sutton Pond	WA	2
Suval	CA	0
Suver	OR	0
Suzanne Lake	OR	2
Suzanne Park	CA	1
Suzy Island	OR	2
Sveadal	CA	0
Svensen	OR	0
Svensen Island	OR	2
Svensen Junction	OR	0
Svensens Landing	WA	0
Swaggart Buttes	OR	2
Swain Hill	CA	2
Swain Mountain	CA	2
Swain Place	CA	0
Swakane State Wildlife Area	WA	1
Swale	WA	0
Swale Campground	CA	1
Swale Creek State Wildlife Area	WA	1
Swale Pond	OR	2
Swall	CA	0
Swall Meadows	CA	0
Swallow Group Camp	CA	1
Swallow Lake	OR	2
Swallow Lake Trail	OR	1
Swallow Lakes	WA	2
Swallow Rock	CA	2
Swallows Nest	WA	2
Swallows Park	WA	1
Swamis Seaside Park	CA	1
Swamp Creek Buttes	OR	2
Swamp Creek Camp	WA	1
Swamp Creek Cow Camp	OR	1
Swamp Creek Hidden Meadows Trail	OR	1
Swamp Lake	CA	2
Swamp Lake	OR	2
Swamp Lake	WA	2
Swamp Lake Trail	WA	1
Swamp Lakes	CA	2
Swamp Mountain	OR	2
Swamp Peak	OR	2
Swamp Peak Trail	OR	1
Swamp Way	OR	1
Swamp Wells Butte	OR	2
Swamp Wells Horse Camp	OR	1
Swampy Lake	OR	2
Swampy Lakes	OR	2
Swampy Lakes Trail	OR	1
Swan Bay	WA	2
Swan Butte	WA	2
Swan Creek County Park	WA	1
Swan Hill	OR	2
Swan Island	OR	2
Swan Island Basin	OR	2
Swan Lake	CA	2
Swan Lake	OR	2
Swan Lake	WA	2
Swan Lake Campground	WA	1
Swan Lake Junior	CA	2
Swan Lake Mountain	OR	2
Swan Lake Point	OR	2
Swan Lake Rim	OR	2
Swan Lake Trail	WA	1
Swan Lakes	OR	2
Swan Mountain	OR	2
Swanee Lake	WA	2
Swansea	CA	0
Swanson Bluff	CA	2
Swanson Lakes	WA	2
Swanson Lakes State Wildlife Area	WA	1
Swanson Meadows Campground	CA	1
Swanson Park	CA	1
Swansonville	WA	0
Swanston Park	CA	1
Swanton	CA	0
Swantown	WA	0
Swarthout Field	CA	1
Swartz Lake	WA	2
Swash Lake	OR	2
Swastika Mountain Trail	OR	1
Swauk Campground	WA	1
Swawilla Cove	WA	2
Swayne Hill	CA	2
Sweasey Lake	CA	2
Sweat Creek Campground	WA	1
Sweat Point	OR	2
Swede Heaven	OR	2
Swede Heaven	WA	0
Swede Hill	WA	0
Swede Knoll	OR	2
Swede Lake	CA	2
Swede Lake	OR	2
Swede Lake	WA	2
Sweeney Hill	CA	2
Sweeney Ridge Trail	CA	1
Sweeneys Crossing	CA	0
Sweeny Ridge Reserve	CA	1
Sweet Home	OR	0
Sweet Home City park	OR	1
Sweet Myrtle State Natural Site (historical)	OR	1
Sweet Peak	WA	2
Sweet Point	OR	2
Sweet Spring Mountain	OR	2
Sweet Springs Marsh	CA	2
Sweetbriar	CA	0
Sweetbriar City Park	OR	1
Sweetgrass Butte	WA	2
Sweetland	CA	0
Sweetwater Basin Wildlife Area	CA	1
Sweetwater Campground	CA	1
Sweetwater Heights Park	CA	1
Sweetwater Lane City Park	CA	1
Sweetwater Marsh National Wildlife Refuge	CA	1
Sweetwater Point	CA	2
Sweetwater Regional Park	CA	1
Sweetwater Trail	CA	1
Sweetwood Group Camp	CA	1
Swegle Road State Wildlife Area	WA	1
Swem	WA	0
Swenson Lake	WA	2
Swenson Park	CA	1
Sweyolocken Park	WA	1
Swick and Matich Park	CA	1
Swift	WA	0
Swift Creek Trail	OR	1
Swift Forest Campground	WA	1
Swift Hill	WA	2
Swifts Bay	WA	2
Swiftwater Park	OR	1
Swigert Cow Camp	OR	1
Swimming Deer Lake	WA	2
Swimming Pool City Park	OR	1
Swindle Lake	OR	2
Swing Field	OR	2
Swinging Bridge Park (historical)	WA	1
Swingle	CA	0
Swinomish Village	WA	0
Swirl Island	WA	2
Swiss Bar	CA	0
Swiss Park	CA	1
Swisshome	OR	0
Switch Pond	WA	2
Switchback Hill	OR	2
Switchback Peak	CA	2
Switzer Camp	CA	1
Switzer Park	CA	1
Switzer Rock	CA	2
Switzler Island (historical)	OR	2
Switzler Lake (historical)	OR	2
Swobe	CA	0
Swofford	WA	0
Swofford State Wildlife Area	WA	1
Sword Lake	CA	2
Swordfish Point	CA	2
Swortzets Camp	CA	1
Sycamore	CA	0
Sycamore Campground	CA	1
Sycamore Canyon Open Space Preserve	CA	1
Sycamore Canyon Park	CA	1
Sycamore Cove	CA	0
Sycamore Creek Recreation Area	CA	1
Sycamore Flat	CA	0
Sycamore Flat Campground	CA	1
Sycamore Flat Campground One	CA	1
Sycamore Flat Campground Two	CA	1
Sycamore Grove Park	CA	1
Sycamore Hill	CA	2
Sycamore Hills	CA	0
Sycamore Loop Campground	CA	1
Sycamore Park	CA	1
Sycamore Slough	CA	2
Sycamore Springs	CA	0
Sycamore Valley Park	CA	1
Sycan Butte	OR	2
Sycan Marsh	OR	2
Sycuan Peak	CA	2
Sykes	CA	0
Sykes Camp	CA	1
Sylmar Park	CA	1
Sylopash Point	WA	2
Sylvan Cove	WA	2
Sylvan Lake	WA	2
Sylvan Lodge	CA	0
Sylvan Meadows	CA	0
Sylvan Park	CA	1
Sylvan Park	OR	1
Sylvan Trail	CA	1
Sylvania City Park	OR	1
Sylvania Mountains Wilderness	CA	1
Sylvester Park	WA	1
Sylvia Park	CA	0
Symmes Creek Campground	CA	1
Symons State Park	OR	1
Symons Wood Camp	OR	1
Synarep	WA	0
Syncline Hill	CA	2
T Bridge Corner	WA	0
T Island	CA	2
T J Lake	CA	2
T J Martin Park	CA	1
T Lake	WA	2
T V Butte	OR	2
Table Bluff	CA	0
Table Bluff County Park	CA	1
Table Bluff Rancheria	CA	0
Table Camp	WA	1
Table Lake	CA	2
Table Lake	OR	2
Table Lake	WA	2
Table Mountain	CA	2
Table Mountain	OR	2
Table Mountain	WA	2
Table Mountain Campground	CA	1
Table Mountain Cutoff Trail	OR	1
Table Mountain Natural Resources Conservation Area	WA	1
Table Mountain Trail	OR	1
Table Mountain Trail	WA	1
Table Rock	CA	2
Table Rock	OR	0
Table Rock	WA	2
Table Rock Fork	OR	2
Table Rock Wilderness	OR	1
Table Top	CA	2
Table Top	OR	2
Table Top	WA	2
Table Top Mountain	CA	2
Tabook Point	WA	2
Taboose Creek Campground	CA	1
Tabor Park	CA	1
Tacoma	WA	0
Tacoma Peak	WA	2
Tacoma Point	WA	2
Tadpole Campground	CA	1
Tadpole Lake	WA	2
Taft	CA	0
Taft Heights	CA	0
Taft Mountain	OR	2
Taft Park	CA	1
Taft Park	OR	1
Taft Point	CA	2
Tag Ear Lake	WA	2
Taghum Butte	OR	2
Tagus	CA	0
Tahkenitch Lake	OR	2
Tahkenitch Trail	OR	1
Tahl Lake	WA	2
Tahlequah	WA	0
Tahoe City	CA	0
Tahoe City Public Beach	CA	1
Tahoe Estates	CA	0
Tahoe Keys	CA	2
Tahoe Marina Estates	CA	0
Tahoe Mountain	CA	2
Tahoe Mountain Group Campground	CA	1
Tahoe Park	CA	0
Tahoe Pines	CA	0
Tahoe State Recreation Area	CA	1
Tahoe Valley	CA	0
Tahoe Valley Campground	CA	1
Tahoe Vista	CA	0
Tahoe Woods	CA	0
Taholah	WA	0
Tahoma	CA	0
Tahoma	WA	0
Tahoma Forest Natural Resources Conservation Area	WA	1
Tahoma Meadows	CA	0
Tahoma State Forest	WA	1
Tahquitz Peak	CA	2
Tahuya	WA	0
Tahuya Lake	WA	2
Tahuya State Forest	WA	1
Tajiguas	CA	0
Takelma County Park	OR	1
Takena Park	OR	1
Takhlakh Forest Camp	WA	1
Takhlakh Lake	WA	2
Takilma	OR	0
Tala Point	WA	2
Talapus Butte	OR	2
Talapus Lake	WA	2
Talbert	CA	0
Talbert Park	CA	1
Talbert Regional Park	CA	1
Talbot	OR	0
Talbot Campground	CA	1
Talbot Hill Park	WA	1
Talbot Park (historical)	OR	1
Talc Mountain	WA	2
Talent	OR	0
Taliesen Park	OR	1
Talisman City Park	OR	1
Talking Mountain	CA	2
Talkire Lake	WA	2
Tall Cedars Mobile Court	WA	0
Tall Firs Estates Mobile Home Park	WA	0
Tall Oaks Park (historical)	OR	1
Tall Timber Camp	CA	0
Tallac Historical Site	CA	1
Tallac Lake	CA	2
Tallac Point	CA	2
Tallac Terrace Park	OR	1
Tallow Butte	OR	2
Tallowbox Mountain	OR	2
Tallulah Lake	CA	2
Tally Ho Mobile Home Park	WA	0
Talmage	CA	0
Talmont	CA	0
Talus	CA	0
Talus Lake	CA	2
Talus Lake	WA	2
Tam Lake	OR	2
Tam McArthur Rim	OR	2
Tam O'Shanter Park	WA	1
Tamalpais Valley	CA	0
Tamalpais Valley Junction	CA	0
Tamalpais-Homestead Valley	CA	0
Tamanos Mountain	WA	2
Tamarack	CA	0
Tamarack Butte	OR	2
Tamarack Butte	WA	2
Tamarack Camp	OR	1
Tamarack Flat Campground	CA	1
Tamarack Lake	CA	2
Tamarack Lakes	CA	2
Tamarack Mountain	CA	2
Tamarack Mountain	OR	2
Tamarack Park	CA	1
Tamarack Peak	CA	2
Tamarack Peak	WA	2
Tamarack Spring Camp	OR	1
Tamarack Spring Campground	WA	1
Tamarack Springs	CA	0
Tamarack Swale Trail	CA	1
Tamarack Swamp	OR	2
Tamarancho Boy Scout Camp	CA	1
Tamarind Park	CA	1
Tamarisk Grove Campground	CA	1
Tamarisk Park	CA	1
Tambo	CA	0
Tamill	WA	0
Tammy Pond	OR	2
Tampico	WA	0
Tan Bark Trail	CA	1
Tan Oak Camp	CA	1
Tan Oak Park	CA	0
Tan Oak Springs Trail	CA	1
Tanager Park	CA	1
Tanasbourne	OR	0
Tanbark Flats	CA	0
Tanbark Point	OR	2
Tancred	CA	0
Tandy Bay	OR	2
Tandy Turn City Park	OR	1
Taneum Campground	WA	1
Taneum Lake	WA	2
Taneum Point	WA	2
Tangair	CA	0
Tangent	OR	0
Tangle Blue Lake	CA	2
Tanglefoot Island	WA	2
Tanglewilde	WA	0
Tanglewilde-Thompson Place	WA	0
Tanglewood Group Campground	CA	1
Tanglewood Island	WA	2
Tanglewood Park	CA	1
Tank Lakes	WA	2
Tankhill Park	CA	1
Tankusim Hill	CA	2
Tannen Lakes Trail	OR	1
Tanner	WA	0
Tanner Butte	OR	2
Tanner Butte Trail	OR	1
Tanner Creek Park	OR	1
Tanner Cutoff Trail	OR	1
Tanner Lake	OR	2
Tanner Lake	WA	2
Tanner Lakes	OR	2
Tanner Mountain	OR	2
Tanner Springs Park	OR	1
Tanners Peak	CA	2
Tanners Peak Trail	CA	1
Tanners Point	CA	2
Tanners Point Trail	CA	1
Tanners Rock	CA	2
Tannery Gulch Campground	CA	1
Tansy Point	OR	2
Tantau Park	CA	1
Tanwax	WA	0
Taowhywee Point	OR	2
Tap Horn Butte	OR	2
Tape Lake	WA	2
Taper Park	CA	1
Tapia Park	CA	1
Tapie Lake	CA	2
Tapiola Park	OR	1
Tapto Camp	WA	1
Tapto Lakes	WA	2
Tar Peak	CA	2
Tara Hills	CA	0
Tarbell Campground	WA	1
Tarboo Bay	WA	2
Tarboo Lake	WA	2
Tarboo State Wildlife Area	WA	1
Tarboo Wildlife Preserve	WA	1
Target Lake	WA	2
Target Meadows Campground	OR	1
Tarheel Arm	OR	2
Tarke	CA	0
Tarpey	CA	0
Tarpey Village	CA	0
Tarrybrooke Park	OR	1
Tarwater Trail Camp	CA	1
Tarwater Trail Loop	CA	1
Tarzana Park	CA	1
Tasker	WA	0
Tassafaronga Recreation Center	CA	1
Tassajara	CA	0
Tassajara Creek Campground	CA	1
Tassajara Hot Springs	CA	0
Tassajara Park	CA	1
Tassajera Peak	CA	2
Tatavium Cultural Preserve	CA	1
Tater Hill	CA	2
Tater Hill	OR	2
Tater Knoll	CA	2
Tatie Peak	WA	2
Tatman Mountain	WA	2
Tatoosh Buttes	WA	2
Tatoosh Hills	WA	2
Tatoosh Island	WA	2
Tatoosh Lakes	WA	2
Tatoosh Trail	WA	1
Tatoosh Wilderness	WA	1
Tatouche Peak	OR	2
Tatsolo Point	WA	2
Tatu	CA	0
Taurusa	CA	0
Tavares Lake	WA	2
Tavern Bay	CA	2
Tawny Park	CA	1
Tawny Point	CA	2
Taxco Trails Park	CA	1
Taylor	CA	0
Taylor Bay	WA	2
Taylor Bay Park	WA	1
Taylor Bluffs	CA	2
Taylor Butte	OR	2
Taylor Canyon Camping Area	CA	1
Taylor Castle	OR	2
Taylor Hill	CA	2
Taylor Knob	CA	2
Taylor Lake	CA	2
Taylor Lake	OR	2
Taylor Lake	WA	2
Taylor Lake Boat-in Camp	CA	1
Taylor Mountain	CA	2
Taylor Mountain	OR	2
Taylor Mountain	WA	2
Taylor Mountain Forest	WA	1
Taylor Park	OR	1
Taylor Park	WA	1
Taylor Peak	CA	2
Taylor Point	WA	2
Taylor Pool	CA	1
Taylor River Forest Camp	WA	1
Taylor Rock	CA	2
Taylor Street Park	CA	1
Taylor Towne Manor Mobile Home Park	WA	0
Taylor's Creek Park	OR	1
Taylor/Wasson Park	OR	1
Taylorsville	CA	0
Taylorville	OR	0
Tayman Park	CA	1
Te Winkle Park	CA	1
Tea Table Mountain	OR	2
Teachers Beach	CA	1
Teacup Lake	OR	2
Teague Hill	CA	2
Teague Hill Open Space Preserve	CA	1
Teague Park	CA	1
Teahwhit Head	WA	2
Teakettle Experiment Area	CA	1
Teakettle Junction	CA	0
Teal	CA	0
Teal Island	CA	2
Teal Lake	CA	2
Teal Lake	OR	2
Teal Lake	WA	2
Teal Slough Natural Resources Conservation Area	WA	1
Teanaway	WA	0
Teanaway Butte	WA	2
Teanaway Campground	WA	1
Teanaway Community Forest	WA	1
Teanaway Valley Wildlife Area	WA	1
Teanaway Wilson Stock Trail	WA	1
Teapot Dome	WA	2
Teardrop Pool	OR	2
Teaters Bluff	WA	2
Tecate	CA	0
Tecate Peak	CA	2
Techumtas Island (historical)	OR	2
Tecolate Canyon Natural Park	CA	1
Tecolote Park	CA	1
Tecopa	CA	0
Tecopa Hot Springs County Park	CA	1
Tecopa Peak	CA	2
Tecuya Campground	CA	1
Tecuya Mountain	CA	2
Ted Brooks Park	CA	1
Ted Green Field	CA	1
Ted Greene Park	CA	1
Ted Slavin Field	CA	1
Teddy Bear Cove Park	WA	1
Teddy Bear Lake	CA	2
Teddy Lakes	OR	2
Tedoc Mountain	CA	2
Tee Lake	WA	2
Tee Wees Butte	OR	2
Teekalet Bluff	WA	2
Teel Hill	WA	2
Teeley Creek Trail	WA	1
Teepee Butte	OR	2
Teepee Campground	WA	1
Teeter Creek Loop	OR	1
Tegart Bluff	OR	2
Tehachapi	CA	0
Tehachapi Afterbay	CA	2
Tehachapi City Park	CA	1
Tehachapi Mountain	CA	2
Tehachapi Mountain Park	CA	1
Tehama	CA	0
Tehama County Fairgrounds	CA	1
Tehama County River Park	CA	1
Tehama State Wildlife Area	CA	1
Tehipite Dome	CA	2
Tejon Park	CA	1
Tejon Ranch	CA	0
Tekiu Point	WA	2
Tekoa	WA	0
Tekoa Mountain	WA	2
Telegraph Bay	WA	2
Telegraph Bight	WA	2
Telegraph City	CA	0
Telegraph Hill	CA	2
Telegraph Hill	OR	2
Telegraph Island	CA	2
Telegraph Island	WA	2
Telegraph Peak	CA	2
Telegraph Slough State Wildlife Area	WA	1
Telephone Butte	OR	2
Telephone Camp	CA	1
Telephone Camp	WA	1
Telephone Campground	CA	1
Telephone Lake	CA	2
Telephone Line Trail	CA	1
Telephone Spring Camp	OR	1
Telescope Peak	CA	2
Telfer Butte	OR	2
Telford	WA	0
Tellefson Park	CA	1
Teller Butte	OR	2
Tells Peak	CA	2
Tellurium Peak	OR	2
Telma	WA	0
Telocaset	OR	0
Telocaset Hill	OR	2
Temecula	CA	0
Temecula Sports Park	CA	1
Temelec	CA	0
Temelpa Trail	CA	1
Temescal	CA	0
Temescal Canyon Park	CA	1
Temperance Arm	CA	2
Temple Avenue Park	CA	1
Temple City	CA	0
Temple City Park	CA	1
Temple Crag	CA	2
Temple Hill	CA	2
Temple Lake	OR	2
Temple Lake	WA	2
Temple Mountain	WA	2
Templeton	CA	0
Templeton	OR	0
Templeton Arm	OR	2
Templeton Athletic Fields	CA	1
Templeton Cow Camp	CA	1
Templeton Mountain	CA	2
Templin Beach Park	OR	1
Tempo Park	CA	1
Ten Bear Mountain	CA	2
Ten Cent Butte	OR	2
Ten Cent Lake	OR	2
Ten Lake	WA	2
Ten Lakes	CA	2
Ten Lakes Trail	CA	1
Ten Mile Beach	CA	1
Ten Mile Campground	CA	1
Ten Mile River Bluff	CA	2
Ten Tapo Trail	CA	1
Tenaja Mountain	CA	2
Tenaja Truck Trail	CA	1
Tenas Lake	WA	2
Tenas Lakes	OR	2
Tenas Mountain	WA	2
Tenas Peak	OR	2
Tenasillahe Island	OR	2
Tenaya Lake	CA	2
Tenaya Lake Campground	CA	1
Tenaya Lake and Tuolumne Meadows Trail (historical)	CA	1
Tenaya Peak	CA	2
Tenderfoot Trail	CA	1
Tenino	WA	0
Tenino Property	OR	1
Tenmile	OR	0
Tenmile	WA	0
Tenmile Butte	OR	2
Tenmile Camp	WA	1
Tenmile Island	WA	2
Tenmile Island Campground	WA	1
Tenmile Lake	OR	2
Tenmile Lake County Park	OR	1
Tenmile Trail	WA	1
Tennant	CA	0
Tennant Campground	CA	1
Tennant Lake	WA	2
Tennant Lake State Wildlife Area	WA	1
Tennessee Cove	CA	2
Tennessee Knob	CA	2
Tennessee Mountain	CA	2
Tennessee Mountain	OR	2
Tennessee Point	CA	2
Tenney Peak	CA	2
Tennis Court Park	OR	1
Tennyson Park	CA	1
Tenpeak Mountain	WA	2
Tent Camp	CA	1
Tent Creek Cow Camp	OR	1
Tenth Field Artillery Bluff	WA	2
Tenth Street Park	CA	1
Teofulio Summit	CA	2
Tepee Campground	WA	1
Tepee Gulch Camp	CA	1
Tepona Point	CA	2
Tepusquet Peak	CA	2
Tequepis Point	CA	2
Tequepis Trail	CA	1
Tequesquito Arroyo Park	CA	1
Tercero Intramural Field	CA	1
Terksaleeze Butte	WA	2
Terman Park	CA	1
Terminal City	OR	0
Terminal Island	CA	2
Terminal Lake	WA	2
Terminal Park	WA	1
Termination Point	WA	2
Terminous	CA	0
Termo	CA	0
Termo Buttes	CA	2
Terra Bella	CA	0
Terra Cotta	CA	0
Terra Linda Park	CA	1
Terra Linda Park	OR	1
Terra Linda-Sleepy Hollow Divide Northern Preserve	CA	1
Terra Nova Park	CA	1
Terra de Oro Park	CA	1
Terrace Ave Playground	CA	1
Terrace Creek Camp	CA	1
Terrace Heights	WA	0
Terrace Hill	CA	2
Terrace Lake	CA	2
Terrace Lakes	WA	2
Terrace Mountain	WA	2
Terrace Park	CA	1
Terrace Park	WA	0
Terrace Point	CA	2
Terrace Trail	CA	1
Terrace Trails Park	OR	1
Terrace View Park	CA	1
Terrace View Park	WA	1
Terrebonne	OR	0
Terrel Park	CA	1
Terrill Beach	WA	1
Terry Lake	CA	2
Terry Mobile Park	WA	0
Terry Park	CA	1
Terry Park	OR	1
Terry Trail	WA	1
Terrys Corner	WA	0
Terwilliger Boulevard Parkway	OR	1
Terwilliger Peak	CA	2
Teske	WA	0
Tether Lake	CA	2
Tetherow	OR	0
Teto Lake	OR	2
Tetons	OR	2
Tetotom Park	CA	1
Tetter Field	CA	1
Teutonia Peak	CA	2
Tevis Cup Trail	CA	1
Teviston	CA	0
Tex Martin Lake	OR	2
Tex Spruiell Park	CA	1
Texas Butte	OR	2
Texas Creek State Wildlife Area	WA	1
Texas Flat Group Campground	CA	1
Texas Hill	CA	2
Texas Lake	WA	2
Texas Springs Campground	CA	1
Tharald Pond	WA	2
Tharps Peak	CA	2
Thatcher	WA	0
Thatcher Bay	WA	2
Thatcher Butte	CA	2
Thatcher/Loomis City Park	OR	1
Thavis	WA	0
The Arena in Oakland	CA	1
The Arm	WA	2
The Basin	CA	2
The Beartrap	CA	2
The Beaver Ponds	CA	2
The Beef Trail	OR	1
The Beehive	CA	2
The Big Hill	CA	2
The Big Slide	OR	2
The Billboard	OR	2
The Black Pines	OR	2
The Blowouts	OR	2
The Blue Banks	OR	2
The Bluff	CA	2
The Bluffs Park	OR	1
The Brothers	CA	2
The Brothers	WA	2
The Brothers Wilderness	WA	1
The Bumper	WA	2
The Bumpheads	OR	2
The Butte	OR	2
The Butte	WA	2
The Buttes	CA	2
The Buttes	OR	2
The Buttresses	CA	2
The California Sea Otter State Game Refuge	CA	1
The Cantinas	CA	2
The Cap	OR	2
The Caracole	CA	1
The Castle	WA	2
The Cedars	CA	0
The Citadel	CA	2
The Cliff	OR	2
The Cliffs	CA	2
The Cockscomb	OR	2
The Cove Palisades State Park	OR	1
The Cradle	WA	2
The Crossing	CA	0
The Dalles	OR	0
The Dalles	WA	2
The Dalles Campground	WA	1
The Dalles Unit	OR	1
The Dardanelles	CA	2
The Dead Slough	OR	2
The Dome	OR	2
The Dome	WA	2
The Dry Lake	CA	2
The Dunes	CA	2
The Elephant	CA	2
The Fingers	CA	2
The Firs Mobile Home Park	WA	0
The Fissures	CA	2
The Flatirons	OR	2
The Forest of Nisene Marks State Park	CA	1
The Forks	CA	0
The Glads Sculpture Garden	WA	1
The Glass House State Historic Landmark	CA	1
The Grandstand	CA	2
The Great Meadow at Fort Mason	CA	1
The Grove	CA	0
The Hat	CA	2
The Heads	OR	2
The Hermit	CA	2
The High Rocks	CA	2
The Highlands	CA	0
The Highlands	WA	0
The Holdout Cow Camp	OR	1
The Hole	CA	2
The Horn	CA	2
The Horn	WA	2
The Horseman	WA	2
The Horseshoe	WA	2
The Hourglass	WA	2
The House Rock	OR	2
The Hump	WA	2
The Hunchback	CA	2
The Husband	OR	2
The Iceberg	CA	2
The Island	CA	2
The Island	OR	2
The Island	WA	2
The Jumpoff	CA	2
The Jumpoff	OR	2
The Jungle	CA	1
The Knob	CA	2
The Knob	OR	2
The Knob	WA	2
The Knobs	OR	2
The Knolls	WA	1
The Lagoon	CA	2
The Lagoon	WA	2
The Lagoon (historical)	OR	2
The Lake at Gold Base	CA	2
The Lakes Lookout	OR	2
The Lakes Mobile Home Park	WA	0
The Lieutenants	CA	2
The Loaf	WA	2
The Matterdome	CA	2
The Meadows Slough	CA	2
The Mesa	CA	0
The Middle Ground	WA	2
The Milwaukie Center	OR	1
The Miter	CA	2
The Monuments	OR	2
The Mounds	CA	2
The Narrows	CA	2
The Neck	OR	2
The Needles	CA	2
The Needles	OR	2
The Nipple	CA	2
The Nubble	CA	2
The Oaks	CA	0
The Oxbow	CA	2
The Palisades	CA	2
The Palisades	OR	2
The Palisades	WA	2
The Peak	CA	2
The Peaks	CA	2
The Peaks	OR	2
The Peat Bog	WA	2
The Peninsula	CA	2
The Peninsula	OR	2
The Pines	CA	0
The Pines Campground	CA	1
The Pinnacle	CA	2
The Pinnacles	CA	2
The Pit	CA	2
The Pleiades	WA	2
The Point	OR	2
The Pointers	WA	2
The Portals	WA	2
The Potholes	OR	2
The Pyramid	OR	2
The Quad	CA	1
The Ramparts	WA	2
The Ridge Mobile Home Park	WA	0
The Rim	CA	2
The River Mobile Estates	WA	0
The Rock	OR	2
The Rock Trail	CA	1
The Rockies	WA	2
The Salt Lakes	WA	2
The Shimmiehorn	OR	2
The Shores of Poker Flat	CA	0
The Sisters	CA	2
The Sisters	WA	2
The Slide	OR	2
The Slide	WA	2
The Splitoff	WA	2
The Springs	CA	0
The Swamp	OR	2
The Table	OR	2
The Tarn	CA	2
The Temple	WA	2
The Thimble	CA	2
The Three Chimneys	CA	2
The Three Sirens	CA	2
The Three Sisters	CA	2
The Three Sisters	WA	2
The Thumb	CA	2
The Tinderbox	WA	2
The Tongue	OR	2
The Trees	CA	2
The Triad	WA	2
The Triplets	WA	2
The Twins	OR	2
The Twins	WA	2
The Two-Steppe Natural Area Preserve	WA	1
The U	CA	2
The Wart	WA	2
The Wash	OR	2
The Watchman	OR	2
The Whaleback	CA	2
The Wife	OR	2
The Willows	CA	0
Theater Sports Park	OR	1
Theodore J. Hoover Natural Preserve	CA	1
Theodore Judah Monument	CA	1
Thera	WA	0
Theresa Lindsay Park	CA	1
Thermal	CA	0
Thermal Ball Park	CA	1
Thermalito	CA	0
Thermalito Forebay North Picnic Area	CA	1
Theseus Creek Campground	WA	1
Theseus Lake	WA	2
Thibaut Ponds	CA	2
Thibodo Park	CA	1
Thief Valley County Park	OR	1
Thiel	WA	0
Thielsen Camp	OR	1
Thielsen Creek Trail	OR	1
Thielsen Forest Camp	OR	1
Thimble Mountain	OR	2
Thimble Mountain	WA	2
Thimble Mountain Trail	OR	1
Thimble Peak	CA	2
Thimbleberry Mountain	OR	2
Third Beach	WA	1
Third Butte	CA	2
Third Divide Trail	CA	1
Third Lagoon	WA	2
Third Lake	CA	2
Third Lake	OR	2
Third Lake	WA	2
Third Recess Lake	CA	2
Third Street Park	CA	1
Thirsty Camp Trail	OR	1
Thirsty Point	OR	2
Thirteenmile Campground	WA	1
Thirteenmile Hiking Trail	WA	1
Thirteenmile Mountain	WA	2
Thirteenmile Road	WA	1
Thirteenth Avenue County Park	CA	1
Thirtieth Infantry Bluff	WA	2
Thirty Acre Lake	WA	2
Thirty Eighth Street County Park	CA	1
Thirty-Eighth and Normandie Park	CA	1
Thirty-eight Infantry Bluff	WA	2
Thirty-eighth Street Park	CA	1
Thirty-nine Mile Campground	CA	1
Thirtymile	OR	0
Thirtymile Campground	WA	1
Thirtymile Peak	WA	2
Thirtymile Trail	WA	1
Thistle Creek County Park	OR	1
Thistle Glade Campground	CA	1
Thistle Glenn Camp	CA	1
Thom Park	OR	1
Thoman	CA	0
Thomas	WA	0
Thomas City Park	OR	1
Thomas F Regan Memorial City Beach	CA	1
Thomas Hill	CA	2
Thomas Hill	OR	2
Thomas Hladkey Memorial Park	WA	1
Thomas Lake	WA	2
Thomas Mountain	CA	0
Thomas Mountain	OR	2
Thomas Mountain	WA	2
Thomas Mountain Campground	CA	1
Thomas Place	CA	0
Thomas Place Mobile Home Park	WA	0
Thomas Point	OR	2
Thomas S Burton Park	CA	1
Thomas Trail	OR	1
Thompson	CA	0
Thompson Bluff	CA	2
Thompson Butte	OR	2
Thompson Camp	CA	1
Thompson City Park	OR	1
Thompson Cove	WA	2
Thompson Creek Forest Camp	OR	1
Thompson Field	CA	1
Thompson Hill	CA	2
Thompson Lake	CA	2
Thompson Lake	WA	2
Thompson Mountain	OR	2
Thompson Park	CA	1
Thompson Park	OR	1
Thompson Peak	CA	2
Thompson Peak	OR	2
Thompson Place	CA	0
Thompson Place	WA	0
Thompson Point	OR	2
Thompson Point	WA	2
Thompson Seeps State Wildlife Area	WA	1
Thompson's Mills State Heritage Site	OR	1
Thompson's Mills State Park	OR	1
Thompsons Camp	CA	1
Thoms Point	OR	2
Thor Peak	CA	2
Thorn Creek Butte	OR	2
Thorn Junction	CA	0
Thorn Lake	OR	2
Thorn Meadows Campground	CA	1
Thorn Mountain	OR	2
Thorn Point	CA	2
Thorn Spring Butte	OR	2
Thornberry	OR	0
Thornberry Mountain	CA	2
Thornbrook Park	OR	1
Thornburg Park	CA	1
Thornburg Peak	CA	2
Thornbury Park	CA	1
Thorndike Campground	CA	1
Thorndyke Bay	WA	2
Thorndyke Lake	WA	2
Thorndyke Top	CA	2
Thorne and Wisdom Lake	OR	2
Thornewood Open Space Preserve	CA	1
Thornton	CA	0
Thornton	WA	0
Thornton Lake	OR	2
Thornton Lake	WA	2
Thornton Lakes	WA	2
Thornton State Beach	CA	1
Thornton State Wildlife Area	WA	1
Thornwood	WA	0
Thorp	WA	0
Thorp Lake	WA	2
Thorp Mountain	WA	2
Thors Hammer	OR	2
Thorson Meadow	WA	2
Thousand Island Lake	CA	2
Thousand Lakes Wilderness	CA	1
Thousand Oaks	CA	0
Thousand Oaks Park	CA	1
Thousand Palms	CA	0
Thousand Palms Dry Camp Siding	CA	1
Thousand Pines Camp	CA	1
Thousand Springs Trail	OR	1
Thousand Trails Campground	CA	1
Thrall	WA	0
Thrapp Mountain	WA	2
Thrasher Park	CA	1
Thrashers Corner	WA	0
Three A M Mountain	WA	2
Three Arch Bay	CA	2
Three Arch Rocks	OR	2
Three Arch Rocks National Wildlife Refuge	OR	1
Three Arch Rocks Wilderness	OR	1
Three Brothers	CA	2
Three Brothers	WA	2
Three Brothers Trail	WA	1
Three Buttes	CA	2
Three Buttes	OR	2
Three Buttes	WA	2
Three C Rock Campground Boat Launch	OR	1
Three Corner Lake	WA	2
Three Creek	OR	2
Three Creek Butte	OR	2
Three Creek Campground	WA	1
Three Creek Lake	OR	2
Three Creek Lake Trail	OR	1
Three Creek Meadow Horse Camp	OR	1
Three Creek Ridge Camp	WA	1
Three Creek Trail	OR	1
Three Creeks Summit	CA	2
Three Crossing	CA	0
Three Finger Lake	CA	2
Three Fingered Jack	OR	2
Three Fingers	WA	2
Three Fingers Rock	OR	2
Three Fools Peak	WA	2
Three Forks	OR	0
Three Forks Dome	OR	2
Three Forks Rim	OR	2
Three Horse Lake	WA	2
Three Island Lake	CA	2
Three Lakes	OR	2
Three Lakes	WA	0
Three Lakes Camp	OR	1
Three Lakes Campground	CA	1
Three Lakes Trail	CA	1
Three Lakes Trail	OR	1
Three Lynx	OR	0
Three Man Butte	OR	2
Three Mile Beach	CA	1
Three Mile Campground	CA	1
Three Mile Campsite	CA	1
Three Oaks Park	CA	1
Three Peaks	CA	2
Three Peaks	WA	2
Three Peaks Campground	CA	1
Three Peaks Trail	WA	1
Three Pine Butte	OR	2
Three Pines	OR	0
Three Points	CA	0
Three Ponds Mobile Home Park	WA	0
Three Pools	OR	2
Three Prong Campground	CA	1
Three Prune Lakes	WA	2
Three Pyramids	OR	2
Three Queens	WA	2
Three Queens Lake	WA	2
Three Rivers	CA	0
Three Rivers	OR	0
Three Rivers Mobile Home Park	WA	0
Three Rocks	CA	0
Three Rocks	OR	0
Three Rocks	WA	2
Three Sisters	CA	2
Three Sisters Overnight City Park	OR	1
Three Sisters Peaks	CA	2
Three Sisters Rock	CA	2
Three Sisters Wilderness	OR	1
Three Story Rim	OR	2
Three Tree Camp (historical)	OR	1
Three Tree Point	WA	2
Three Trees	OR	2
Threehorn Mountain	OR	2
Threemile Canyon Treaty Fishing Access Site	OR	1
Threemile Hill	OR	2
Threemile Lake	OR	2
Threemile Lake Trail	OR	1
Threemile Point	WA	2
Threemile Rock	CA	2
Threemile Trail	OR	1
Thrift	WA	0
Throckmorton Trail	CA	1
Throop Park	CA	1
Throop Peak	CA	2
Thrush Pond	OR	2
Thumb Peak	CA	2
Thunder Arm	WA	2
Thunder Beast Park	OR	1
Thunder Camp	CA	1
Thunder Camp	WA	1
Thunder Cliff	CA	2
Thunder Egg Lake	OR	2
Thunder Hill	CA	2
Thunder Island	OR	2
Thunder Lake	WA	2
Thunder Lakes	WA	2
Thunder Mountain	CA	2
Thunder Mountain	OR	2
Thunder Mountain	WA	2
Thunder Mountain Lakes	WA	2
Thunder Mountain Trail	OR	1
Thunder Rock	OR	2
Thunder Spring Trail	CA	1
Thunder and Lightning Lake	CA	2
Thunderbird Lake	OR	2
Thunderbird Mobile Home Park	WA	0
Thunderbird Park	CA	1
Thunderbird Ranches	CA	0
Thunderbolt Peak	CA	2
Thune Mountain	OR	2
Thurlow Lake	WA	2
Thurman Flats Picnic Area	CA	1
Thurman Rock	CA	2
Thurston	OR	0
Thurston Lake	CA	2
Thurston Park	OR	1
Thurston Peaks	CA	2
Thyle	CA	0
Tibbals Lake	WA	2
Tibbetts Mountain	WA	2
Tiber	CA	0
Tiburon	CA	0
Tiburon Peninsula	CA	2
Tiburon Ridge Open Space Preserve	CA	1
Tiburon Uplands Nature Preserve	CA	1
Tice Park	OR	1
Tice Valley Park	CA	1
Tichenor Cove	OR	2
Tichenor Rock	OR	2
Tick Hill	OR	2
Tick-Tack-Toe Hill	CA	2
Tickner Lake	CA	2
Tidbits Mountain	OR	2
Tide	OR	0
Tide Beach County Park	CA	1
Tide Point	WA	2
Tide Wayside	OR	1
Tidelands Park	CA	1
Tideman Johnson City Park	OR	1
Tideport	OR	0
Tidewater	OR	0
Tiefort Mountains	CA	2
Tiernan	OR	0
Tierney Peak	CA	2
Tierra Bonita Park	CA	1
Tierra Del Mar	OR	0
Tierra Redonda Mountain	CA	2
Tierra Regada Park	CA	1
Tierra Regada Youth Camp	CA	1
Tierra Verde Park	CA	1
Tierra del Sol	CA	0
Tierrasanta Community Park	CA	1
Tietan Park	WA	1
Tieton	WA	0
Tieton Meadows Trail	WA	1
Tieton Peak	WA	2
Tieton Pond	WA	2
Tietonview Grange	WA	0
Tietz Hill	OR	2
Tiffany Lake	WA	2
Tiffany Lake Trail	WA	1
Tiffany Mountain	WA	2
Tiffany Park	CA	1
Tiffany Park	WA	1
Tiffany Spring Campground	WA	1
Tiflis	WA	0
Tift Rocks	WA	2
Tigard	OR	0
Tiger	WA	0
Tiger Flat Campground	CA	1
Tiger Lake	WA	2
Tiger Mountain	WA	2
Tiger Mountain Mobile Home Park	WA	0
Tiger Mountain Trail	WA	1
Tiger Slough	WA	2
Tiger Tail Park	CA	1
Tijuana Estuary Natural Preserve	CA	1
Tijuana River County Open Space Preserve	CA	1
Tijuana River National Estuarine Research Reserve	CA	1
Tijuana Slough National Wildlife Refuge	CA	1
Tilden Bluffs	OR	2
Tilden Lake	CA	2
Tilicum Park	WA	1
Till Taylor Park	OR	1
Tillamook	OR	0
Tillamook Bay	OR	2
Tillamook Bay Estuary	OR	2
Tillamook Head	OR	2
Tillamook Rock	OR	2
Tillas Island	CA	2
Tiller	OR	0
Tiller Park	CA	1
Tillicum	WA	0
Tillicum Beach	OR	0
Tillicum Campground	WA	1
Tillicum Park/Chase Ranch	OR	1
Tillicum Peak	WA	2
Tillicum Point	WA	2
Tillie Creek Campground	CA	1
Tillman Mountain	WA	2
Tilly Jane Trail	OR	1
Tiltill Mountain	CA	2
Tilton River State Park	WA	1
Tim Ponds	WA	2
Timba	CA	0
Timber	OR	0
Timber Butte	OR	2
Timber Cove	CA	2
Timber Fall Butte	OR	2
Timber Grove	OR	0
Timber Hill	WA	2
Timber Knob	CA	2
Timber Lake	CA	2
Timber Lake	OR	2
Timber Mountain	CA	2
Timber Mountain	OR	2
Timber Mountain	WA	2
Timber Peak	CA	2
Timber Peak	WA	2
Timber Point	CA	2
Timber Point	WA	2
Timber Top	CA	2
Timber Trails	CA	0
Timber-Linn Lake	OR	2
Timbered Knoll	OR	2
Timbered Mountain	CA	2
Timbered Peak	WA	2
Timberhead Mountain	WA	2
Timberhill City Park	OR	1
Timberlake Park	WA	1
Timberland	CA	0
Timberland Park	CA	1
Timberland Village Mobile Home Park	WA	0
Timberlane	WA	0
Timberlane Park	CA	1
Timberline Camp	CA	1
Timberline Campground	WA	1
Timberline Lake	CA	2
Timberline Lake	OR	2
Timberline Mobile Home Park	WA	0
Timberline Mobile Home Village	WA	0
Timberline Trail	OR	1
Timberwolf Mountain	WA	2
Timbuctoo	CA	0
Timerick Mountain	WA	2
Times Square Rock	OR	2
Timms Creek Trail	CA	1
Timmy Lake	OR	2
Timosea Peak	CA	2
Timothy Butte	OR	2
Timothy Lake	OR	2
Timothy Meadow	OR	2
Timothy Spring Campground	OR	1
Timpanogas Lake	OR	2
Timpanogas Way	OR	1
Tims Peak	CA	2
Tims Peak	OR	2
Tin Can Cabin Campground	CA	1
Tin City	CA	0
Tin House Campground	CA	1
Tin House Cove	CA	2
Tin Mine Lake	WA	2
Tin Mountain	CA	2
Tina Miller Memorial Park	OR	1
Tincup Peak	OR	2
Tindall Camp	CA	1
Tinemaha Lake	CA	2
Tinhat Pond	OR	2
Tinker Knob	CA	2
Tinker Lake	WA	2
Tinkham Peak	WA	2
Tinpan Mountain	WA	2
Tinsley Island	CA	2
Tinta Campground	CA	1
Tinta Trail	CA	1
Tiny Lake	OR	2
Tiny Lake	WA	2
Tioga Campground	CA	1
Tioga Junction Campground	CA	1
Tioga Peak	CA	2
Tionesta	CA	0
Tip Top Mountain	CA	2
Tip Top Peak	CA	2
Tipperary Camp	WA	1
Tipsoo Butte	OR	2
Tipsoo Lake	WA	2
Tipsoo Peak	OR	2
Tipsoo Trail	OR	1
Tipton	CA	0
Tiptop	WA	2
Tiptop Hill	WA	2
Tiptop Mount Lillian Trail	WA	1
Tire Junction	WA	0
Tire Mountain	OR	2
Tire Mountain Trail	OR	1
Tired Horse Butte	OR	2
Tirzah Peak	WA	2
Tiscornia Park	CA	1
Tisdale	CA	0
Tish Tang Campground	CA	1
Tish Tang Point	CA	2
Tison Trail	OR	1
Titicaed Lake	WA	2
Titlow	WA	0
Titlow Beach Park	WA	1
Titlow Hill	CA	2
Titlow Lagoon	WA	2
Tittie Butte	OR	2
Titus	CA	0
Titus Ridge Trail	CA	1
Tivoli Island	WA	2
Tivy Mountain	CA	2
Tiye Point	WA	2
Toad Lake	CA	2
Toad Lake	OR	2
Toad Lake	WA	2
Toad Mountain	CA	2
Toad Mountain	WA	2
Toad Springs Campground	CA	1
Toadtown	CA	0
Toandos Peninsula	WA	2
Toast Camp	OR	1
Tobacco Lake	CA	2
Toberman Playground	CA	1
Tobias	OR	0
Tobias Creek Trail	CA	1
Tobias Peak	CA	2
Tobias Trail	CA	1
Tobiassen Park	CA	1
Tobin	CA	0
Tocaloma	CA	0
Tocher Lake	CA	2
Todd Boy Scout Camp	CA	1
Todd Creek Camp	OR	1
Todd Grove Park	CA	1
Todd Horse Camp	OR	1
Todd Island	CA	2
Todd Lake	OR	2
Todd Lake	WA	2
Todd Memorial Park	CA	1
Todd Park	CA	1
Todd Place	CA	0
Todd Point	CA	2
Todd Valley	CA	0
Todhunters Lake (historical)	CA	2
Todos Santos Plaza	CA	1
Toe Island	OR	2
Toe Island City Park	OR	1
Toe Lake	CA	2
Toe Point	WA	2
Toejam Lake	CA	2
Toem Lake	CA	2
Togo Mountain	WA	2
Toiyabe Campground	CA	1
Tokaloo Rock	WA	2
Tokaloo Spire	WA	2
Tokatee Kloochman State Natural Site	OR	1
Tokatee Lakes	OR	2
Tokay	CA	0
Tokay Hill	CA	2
Tokay Park	CA	1
Toke Point	WA	2
Tokeland	WA	0
Toketee Falls	OR	0
Toketie Lake	WA	2
Tokio	WA	0
Tokola Wetlands Park	OR	1
Tokul	WA	0
Toland Hill	WA	2
Toland Landing	CA	0
Toleak Point	WA	2
Toledo	OR	0
Toledo	WA	0
Toledo Pond	CA	2
Tolenas Park	CA	1
Tolkan Campground	CA	1
Toll Bridge County Park	OR	1
Toll Road Campground	CA	1
Tolladay Peak	CA	2
Tollbridge Park	OR	1
Tollgate	OR	0
Tollgate Work Camp	OR	1
Tollhouse	CA	0
Tollhouse Lake	CA	2
Tolman Peak	CA	2
Tolmie Peak	WA	2
Tolmie State Park	WA	1
Tolmie Underwater State Park	WA	1
Tolo	OR	0
Tolo	WA	0
Tolo Mountain	OR	2
Tolo Mountain	WA	2
Tolovana Beach State Park	OR	1
Tolovana Park	OR	0
Tolowa Dunes State Park	CA	1
Tolowot	CA	1
Tolt Hill	WA	2
Toluca Lake	CA	2
Tom Dick Trail	OR	1
Tom Dick and Harry Lakes	WA	2
Tom Dick and Harry Mountain	OR	2
Tom Folley Mountain	OR	2
Tom King Trail Camp	CA	1
Tom Lucas Campground	CA	1
Tom Martin Peak	CA	2
Tom McDowell Park	OR	1
Tom Mount	OR	2
Tom Mountain	OR	2
Tom Payne Peak	CA	2
Tom Pearce County Park	OR	1
Tom Sawyer Lake	CA	2
Tom Spring Mountain	OR	2
Tom and Jerry Trail	OR	1
Tomahawk Island	OR	2
Tomahawk Lake	CA	2
Tomales	CA	0
Tomales Bay	CA	2
Tomales Bay Ecological Reserve	CA	1
Tomales Bay State Park	CA	1
Tomales Beach	CA	1
Tomales Bluff	CA	2
Tomales Point	CA	2
Tomales Point Trail	CA	1
Tombstone	OR	2
Tombstone Lake	OR	2
Tombstone Lake	WA	2
Tombstone Mountain	CA	2
Tombstone Peak	CA	2
Tombstone Prairie Campground	OR	1
Tomcat Hill	OR	2
Tomhead Mountain	CA	2
Tomhead Saddle Campground	CA	1
Tomlike Mountain	OR	2
Tomo-Kahni State Historic Park	CA	1
Tompkins	WA	0
Tompkins Butte	OR	2
Tompkins Hill	CA	2
Toms Hill	CA	2
Toms Lake	CA	2
Toms Lake	OR	2
Toms Place	CA	0
Toms Point	CA	2
Tomtit Lake	WA	2
Tomyhoi Lake	WA	2
Tomyhoi Peak	WA	2
Tonasket	WA	0
Tonasket Mountain	WA	2
Toners Place	CA	0
Toney Butte	OR	2
Tongue Mountain	WA	2
Tongue Neck	OR	2
Tongue Point	OR	2
Tongue Point	WA	2
Tongue Point Village	OR	0
Tongva Peak	CA	2
Toni Lake	OR	2
Tonini Field	CA	1
Tonkon Islands	WA	2
Tono	WA	0
Tonseth Lake	WA	2
Tonys Point	CA	2
Tonyville	CA	0
Too Much Bear Lake	OR	2
Tooby Memorial Park	CA	1
Tool Box Spring Campgorund	CA	1
Tool Box Spring Campground	CA	1
Toole Pond	CA	2
Tooleville	CA	0
Tooley Lake	OR	2
Toolville	CA	0
Toomes Camp	CA	1
Toomey	CA	0
Toomey Field	CA	1
Tooth Lake	CA	2
Top Lake	CA	2
Top Lake	OR	2
Top Lake	WA	2
Top of the Hill Waterhole	OR	2
Topanga	CA	0
Topanga Beach	CA	0
Topanga Oaks	CA	0
Topanga Park	CA	0
Topanga State Park	CA	1
Topatopa Bluff	CA	2
Topatopa Peak	CA	2
Topatopa Trail	CA	1
Topaz	CA	0
Topaz Mountain	WA	2
Topock Marsh	CA	2
Toppenish	WA	0
Toppenish Mountain	WA	2
Toppenish National Wildlife Refuge	WA	1
Toppin Creek Butte	OR	2
Topping Cow Camp	CA	1
Topso Butte	OR	2
Topsy Recreation Site	OR	1
Topsy Turvy Lake	CA	2
Torboy	WA	0
Tormey	CA	0
Toro	CA	1
Toro Canyon	CA	0
Toro Canyon County Park	CA	1
Toro Canyon Reservoir	CA	1
Toro Park	CA	0
Toro Peak	CA	2
Toro Regional Park	CA	1
Toroda	WA	0
Toroda Mountain	WA	2
Torrance	CA	0
Torrance County Beach	CA	1
Torrance Park	CA	1
Torrey Highlands Park	CA	1
Torrey Lake	OR	2
Torrey Pines City Beach	CA	1
Torrey Pines Park	CA	1
Torrey Pines State Beach	CA	1
Torrey Pines State Natural Reserve	CA	1
Torso Lake	OR	2
Tortoise Shell Mountain	CA	2
Tortuga	CA	0
Tot Mountain	OR	2
Totem Girl Scout Org Camp	WA	1
Totem Lake	WA	2
Totem Park	OR	1
Totem Park	WA	0
Totem Pole Point	CA	2
Totten Camp	CA	1
Totten Inlet	WA	2
TouVelle State Park	OR	1
Touchet	WA	0
Touhey	WA	0
Toulou Mountain	WA	2
Tourmaline Queen Mountain	CA	2
Tourmaline Surfing Park	CA	1
Tournament Park	CA	1
Toutle	WA	0
Toutle Mountain	WA	2
Toutle River Trail	WA	1
Towal	WA	0
Towata Park	CA	1
Tower Hill	CA	2
Tower Lake	CA	2
Tower Mountain	OR	2
Tower Mountain	WA	2
Tower Park	CA	1
Tower Peak	CA	2
Tower Point	OR	2
Tower Rock	CA	2
Tower Rock	OR	2
Tower Rock	WA	2
Tower Rock Beaver Ponds	WA	2
Tower Rock Campground	WA	1
Towhead Island	WA	2
Towhead Lake	CA	2
Towle	CA	0
Town Center Ball Field	CA	1
Town Center City Park	OR	1
Town Estates Park	CA	1
Town Mountain	CA	2
Town Talk	CA	0
Town and Country	WA	0
Town and Country Mobile Home Park	WA	0
Town and Country Mobile Manor	WA	0
Town and Country Villa Mobile Home Park	WA	0
Town and Country Village	CA	0
Town's Mobile Home Park	WA	0
Towngate Memorial Park	CA	1
Townsend Mountain	WA	2
Townsend Peak	CA	2
Townsley Lake	CA	2
Toy Point	WA	2
Toyanza Subdivision	CA	0
Toyon	CA	0
Toyon Bay	CA	2
Toyon Camp	CA	1
Toyon Park	CA	1
Toyon Ridge Trail	CA	1
Trabuco Campground	CA	1
Trabuco Canyon	CA	0
Trabuco Canyon Trail	CA	1
Trabuco Highlands	CA	0
Trabuco Mountain	CA	2
Trabuco Peak	CA	2
Tracy	CA	0
Tracy	OR	0
Tracy	WA	0
Tracy Ball Park	CA	1
Tracy Hill	WA	2
Tracy Lake	CA	2
Tracy Mountain	OR	2
Tracy Point	WA	2
Tracyton	WA	0
Tradedollar Lake	WA	2
Tradition Lake	WA	2
Tradition Plateau Natural Resource Conservation Area	WA	1
Traffic Way Park	CA	1
Trafton	WA	0
Trafton Lake	WA	2
Trafton Mountain	CA	2
Tragedy Spring Campground	CA	1
Tragview Park	CA	1
Trail	OR	0
Trail Butte	OR	2
Trail Camp	OR	1
Trail Creek Campground	CA	1
Trail Creek Trail	OR	1
Trail Gulch Lake	CA	2
Trail Lake	CA	2
Trail Lakes	CA	2
Trail Mountain	CA	2
Trail Peak	CA	2
Trail Peak	WA	2
Trail Spring Camp	CA	1
Trailbridge Campground Boat Ramp	OR	1
Trailer Hill	CA	2
Trailer Lane Mobile Park	WA	0
Trailer Park Campground	CA	1
Trailer Rancho Campground	CA	1
Trailfinders Camp	CA	1
Trailhead Group Campground	CA	1
Trails End Lake	WA	2
Trailside Park	CA	1
Trailview Park	CA	1
Train Lake	OR	2
Traingle Park	CA	1
Trainsong City Park	OR	1
Traitors Inlet	WA	2
Traitors Islet	WA	2
Tramp Harbor	WA	2
Tramway Camp	CA	1
Trancas Beach	CA	1
Tranquil City Park	OR	1
Tranquil Cove	OR	2
Tranquil Lake	OR	2
Tranquil Lake	WA	2
Tranquillity	CA	0
Tranquillon Mountain	CA	2
TransAmerica Redwood Park	CA	1
Transition Walk Nature Trail	CA	1
Trap Hole	OR	2
Trap Lake	WA	2
Trap Mountain	OR	2
Trapper Camp	CA	1
Trapper Creek Wilderness	WA	1
Trapper Lake	OR	2
Trapper Lake	WA	2
Trapper Mountain	WA	2
Trapper Point	CA	2
Trapper Springs Campground	CA	1
Trappers Butte	OR	2
Trappers Camp	OR	1
Trappers Peak	WA	2
Trappers Trail	CA	1
Traschel Meadows Park	OR	1
Trask Lake	WA	2
Trask Mountain	OR	2
Trask Pond	WA	2
Trask River County Park	OR	1
Traver	CA	0
Traverse Lake	OR	2
Travertine Point	CA	2
Travertine Rock	CA	2
Travis Hill	WA	2
Treasure Cove	OR	2
Treasure Island	CA	2
Treasure Island	WA	2
Treasure Island Park	CA	1
Treasure Mountain	CA	2
Treasure Valley Ball Park	OR	1
Treble Point	WA	2
Treder Park	CA	1
Tredway Park	CA	1
Tree Bluff	WA	2
Tree Phones Campground	WA	1
Tree of Heaven Campground	CA	1
Treemont	WA	0
Treen Lake	WA	2
Treen Peak	WA	2
Treharne	OR	0
Trembath Mountain	CA	2
Trembley Lake	OR	2
Trenholm	OR	0
Trent	CA	0
Trent	OR	0
Trenton	CA	0
Trenton City Park	OR	1
Trenton Playground	CA	1
Trenton Woods Path	OR	1
Trepha M. Baron Pavilion	OR	1
Treplett Mountain	CA	2
Tres Cerritos	CA	2
Tres Pinos	CA	0
Trescony Park	CA	1
Tresidder Peak	CA	2
Trestle Swamp	WA	2
Trestles Beach	CA	1
Trestles Wetlands Natural Preserve	CA	1
Trevarno	CA	0
Tri Board Camp	CA	1
Tri City	OR	0
Tri City Park	CA	1
Tri Peaks	CA	2
Tri-City	OR	0
Tri-Club Island	OR	2
Tri-County Fairgrounds	CA	1
Tri-Forest Peak	CA	2
Triangle City Park	OR	1
Triangle Cove	WA	2
Triangle Hill	OR	2
Triangle Lake	CA	2
Triangle Lake	OR	0
Triangle Lake County Park	OR	1
Triangle Marsh	CA	2
Triangle Park	CA	1
Triangle Park	OR	1
Triangle Park	WA	1
Triangulation Peak	OR	2
Triangulation Point	OR	2
Trico Lake	WA	2
Trico Mountain	WA	2
Tricouni Peak	WA	2
Trigem Park	CA	1
Trigo	CA	0
Trigo-Pasado Park	CA	1
Trikkala	WA	0
Trillium Lake Trailhead	OR	1
Trilobite Wilderness	CA	1
Trimmer	CA	0
Trimmer Peak	CA	2
Trimmer Recreation Area	CA	1
Trinidad	CA	0
Trinidad	WA	0
Trinidad Bay	CA	2
Trinidad Head	CA	2
Trinidad State Beach	CA	1
Trinity	WA	0
Trinity Alps	CA	0
Trinity Alps Wilderness	CA	1
Trinity Center	CA	0
Trinity County Fairgrounds	CA	1
Trinity Mountain	CA	2
Trinity Park	CA	1
Trinity River Campground	CA	1
Trinity Village	CA	0
Trio Lake Number 1	OR	2
Trio Lake Number 2	OR	2
Trio Lake Number 3	OR	2
Triple Divide Peak	CA	2
Triplet Butte	CA	2
Triplet Lakes	WA	2
Triplett Park	CA	1
Tripod Camp	OR	1
Tripod Peak	WA	2
Tripolis Park	CA	1
Tripp Point	CA	2
Trippier Point	OR	2
Tripps Knob	WA	2
Triton	WA	0
Triton Cove	WA	2
Triton Cove State Park	WA	1
Triton Head	WA	2
Triumph Lake	WA	2
Triunfo Community Park	CA	1
Triunfo Pass-Point Mugu	CA	0
Trocha	CA	0
Trojan Peak	CA	2
Trojan Point	CA	2
Trombetta Canyon Natural Area Preserve	WA	1
Trona	CA	0
Tronsen Campground	WA	1
Tronsen Creek Trail	WA	1
Tronson Island	OR	2
Troop 80 Trail	CA	1
Tropico Hill	CA	2
Trosper Lake	WA	2
Trotter Point	OR	2
Troublesome Creek Campground	WA	1
Troublesome Mountain	WA	2
Trough Creek Campground	OR	1
Trough Creek Trail (historical)	OR	1
Trout Camp	CA	1
Trout Creek	OR	0
Trout Creek Butte	CA	2
Trout Creek Butte	OR	2
Trout Creek Camp	OR	1
Trout Creek Campground Boat Ramp	OR	1
Trout Creek Cow Camp	OR	1
Trout Creek Forest Camp	WA	1
Trout Creek Hill	WA	2
Trout Creek Swamp	OR	2
Trout Creek Trail	CA	1
Trout Gulch Trail	CA	1
Trout Lake	OR	2
Trout Lake	WA	0
Trout Lake Campground	OR	1
Trout Lake Campground	WA	1
Trout Lake Creek Campground	WA	1
Trout Lake Natural Area Preserve	WA	1
Trout Meadows Butte	OR	2
Trout Meadows Trail	OR	1
Troutdale	OR	0
Troutman Mountain	CA	2
Trowbridge	CA	0
Trower Park	CA	1
Troxel Hill	WA	2
Troxel Point	CA	2
Troy	OR	0
Troy Meadow Campground	CA	1
Truax Island	OR	2
Truax Mountain	OR	2
Truckee	CA	0
Truckee Marsh	CA	2
Truckee River Regional Park	CA	1
Truckhaven	CA	0
Truckhaven Rocks Campground	CA	1
Truckhaven Trail	CA	1
Trude	WA	0
Trull	CA	0
Trumbull Campground	CA	1
Trumbull Lake	CA	2
Trumbull Lake Campground	CA	1
Trumbull Peak	CA	2
Trump Island	WA	2
Truth Home	CA	0
Tryon Corner	CA	0
Tryon Creek State Park	OR	1
Tryon Peak	CA	2
Tseriadum State Park	OR	1
Tskawahyah Island	WA	2
Tskutsko Point	WA	2
Tsoo-Yess	WA	0
Tsoo-Yess Beach	WA	1
Tsoo-Yess Peak	WA	2
Tsuga Lake	OR	2
Tsuga Lakes	WA	2
Tsurai Trail	CA	1
Tualatin	OR	0
Tualatin Commons	OR	1
Tualatin Commons Park	OR	1
Tualatin Community Park	OR	1
Tualatin Hills Nature Park	OR	1
Tualatin River National Wildlife Refuge	OR	1
Tualatin Valley Water Dist Athletic Fields	OR	1
Tub Butte	OR	2
Tub Lake	CA	2
Tub Lake	OR	2
Tub Lake	WA	2
Tub Mountain	OR	2
Tub Springs Lake	WA	2
Tub Springs State Park	OR	1
Tubal Cain Mine Trail	WA	1
Tubbe Paa Lake	CA	2
Tubbs Island	CA	2
Tuber	CA	0
Tucannon	WA	0
Tucannon Campground	WA	1
Tucannon Fish Hatchery	WA	1
Tucannon Game Reserve	WA	1
Tucannon Game Reserve (historical)	WA	1
Tucannon River Trail	WA	1
Tucca Park	CA	1
Tuck Lake	WA	2
Tuckapahwox Point	WA	2
Tuckaway Lake	WA	2
Tucker Butte	CA	2
Tucker Camp	CA	1
Tucker County Park	OR	1
Tucker Flat Camp	OR	1
Tucker Hill	OR	2
Tucker Lake	WA	2
Tucker Mountain	CA	2
Tucker Trail	CA	1
Tucker Wildlife Sanctuary	CA	1
Tuckers Camp	CA	1
Tuckers Grove County Park	CA	1
Tucki Mountain	CA	2
Tucks Pot	WA	2
Tucksel Point	WA	2
Tuckta Trail	OR	1
Tuckway Lake	WA	2
Tucquala Lake	WA	2
Tucquala Meadow Campground	WA	1
Tudor	CA	0
Tudor Lake	OR	2
Tuff Butte	OR	2
Tuff Campground	CA	1
Tuffree Hill Park	CA	1
Tufti Mountain	OR	2
Tugman City Park	OR	1
Tukes Mountain	WA	2
Tukey	WA	0
Tukwila	WA	0
Tukwila Park	WA	1
Tulainyo Lake	CA	2
Tulalip	WA	0
Tulalip Bay	WA	0
Tulalip Shores	WA	1
Tulare	CA	0
Tulare Beach	WA	0
Tulare County Fairgrounds	CA	1
Tulare Hill	CA	2
Tulare Peak	CA	2
Tulare Swamp	CA	2
Tule Bill Lake	WA	2
Tule Divide Trail	CA	1
Tule Elk State Natural Reserve	CA	1
Tule Island	CA	2
Tule Lake	CA	2
Tule Lake	OR	2
Tule Lake	WA	2
Tule Lake National Wildlife Refuge	CA	1
Tule Mountain	CA	2
Tule Peak	CA	2
Tule Pond	CA	2
Tule Pond	OR	2
Tule Pond	WA	2
Tule Springs Rims	OR	2
Tule Swamp	OR	2
Tulelake	CA	0
Tulips	WA	0
Tulker	WA	0
Tulloch Mountain	CA	2
Tully Lake	CA	2
Tully Mountain	CA	2
Tum Lake	OR	2
Tumac Mountain	WA	2
Tumala Lakes	OR	2
Tumala Mountain	OR	2
Tumalo	OR	0
Tumalo Butte	OR	2
Tumalo Lake	OR	2
Tumalo Mountain	OR	2
Tumalo State Park	OR	1
Tumble Buttes	CA	2
Tumble Inn Campground	CA	1
Tumble Lake	OR	2
Tumblebug Way	OR	1
Tumbling Rapids Recreation Area	WA	1
Tumtum	WA	0
Tumtum Lake	OR	2
Tumtum Mountain	WA	2
Tumtum Peak	WA	2
Tumwater	WA	0
Tumwater Butte	WA	2
Tumwater Campground	WA	1
Tumwater Lake	WA	2
Tumwater Mountain	WA	2
Tunemah Lake	CA	2
Tunemah Peak	CA	2
Tungsten Lake	WA	2
Tungsten Mountain	WA	2
Tunison City Park	OR	1
Tunitas Beach	CA	1
Tunk Mountain	WA	2
Tunk Valley State Wildlife Area	WA	1
Tunnabora Peak	CA	2
Tunnel Air Camp	CA	1
Tunnel Hill	CA	2
Tunnel Inn	CA	0
Tunnel Island	CA	2
Tunnel Island	WA	2
Tunnel Mills Campground	CA	1
Tunnel Mountain	OR	2
Tunnel Point	CA	2
Tunnel Point	OR	2
Tunnel Ridge Recreation Site	OR	1
Tunnel Rock Campground	CA	1
Tunnel Trail	CA	1
Tunnel Trail	WA	1
Tunnell Park	CA	1
Tunnison Mountain	CA	2
Tuolumne	CA	0
Tuolumne City	CA	0
Tuolumne Meadows Campground	CA	1
Tuolumne Memorial Park	CA	1
Tuolumne Peak	CA	2
Tuolumne River Regional Park	CA	1
Tuolumne State Game Refuge	CA	1
Tupman	CA	0
Tupman Camp	CA	1
Tupper Butte	OR	2
Tupshin Peak	WA	2
Tupso Lake	WA	2
Turf Lakes	CA	2
Turk	CA	0
Turk	WA	0
Turk Island	CA	2
Turk Lake	CA	2
Turk Point	CA	2
Turkey Camp	CA	1
Turkey Creek Trail	WA	1
Turkey Hill	OR	2
Turkey Point	CA	2
Turkey Springs Campground	CA	1
Turlo Campground	WA	1
Turlock	CA	0
Turlock Lake State Recreation Area	CA	1
Turn Island	WA	2
Turn Island State Park	WA	1
Turn Point	WA	2
Turn Table	CA	2
Turnaround Lake	CA	2
Turnbull Learning Academy	CA	2
Turnbull Mountain	OR	2
Turnbull National Wildlife Refuge	WA	1
Turnbull Peak	OR	2
Turnbull Slough	WA	2
Turner	CA	0
Turner	OR	0
Turner	WA	0
Turner Butte	OR	2
Turner Corner	WA	0
Turner Creek Camp	CA	1
Turner Creek Camp	OR	1
Turner Creek Park	OR	1
Turner Creek Trail	CA	1
Turner Island	CA	2
Turner Lake	CA	2
Turner Lake	WA	2
Turner Lake (historical)	CA	2
Turner Mountain	CA	2
Turner Mountain	OR	2
Turner Mountain Trail	CA	1
Turner Peak	CA	2
Turners Bay	WA	2
Turnstone Park	CA	1
Turntable Bay	CA	2
Turpentine Lake	OR	2
Turpentine Peak	OR	2
Turpentine Peak Trail	OR	1
Turpin Knoll	OR	2
Turpin Lake	OR	2
Turquoise Lake	CA	2
Turquoise Lake	WA	2
Turquoise Mountain	CA	2
Turret Peak	CA	2
Turtle Back	CA	2
Turtle Bay Bird Sanctuary	CA	1
Turtle Creek Community Park	CA	1
Turtle Creek Park	CA	1
Turtle Hole	WA	2
Turtle Lake	CA	2
Turtle Lake	WA	2
Turtle Mountain	CA	2
Turtle Mountains Wilderness	CA	1
Turtle Rock	CA	0
Turtle Rock	WA	2
Turtle Rock Campgrounds	CA	1
Turtle Rock County Park	CA	1
Turtle Rock Trail	CA	1
Turtle Rocks	CA	2
Turtleback Dome	CA	2
Turtleback Mountain	WA	2
Turwar Riffle	CA	2
Tuscan Buttes	CA	2
Tuscany Hills Community Park	CA	1
Tuscohatchie Lake	WA	2
Tussing Park	OR	1
Tustin	CA	0
Tustin Lake	OR	2
Tustin Park	CA	1
Tuttle	CA	0
Tuttle Buttes	CA	2
Tuttle Creek Campground	CA	1
Tuttle Lake	CA	2
Tuttle Park	CA	1
Tuttle Point	OR	2
Tuttletown	CA	0
Tutuilla	OR	0
Tuxedo Park	CA	1
Twain	CA	0
Twain Harte	CA	0
Twain Harte Horseman Trail	CA	1
Twain Harte Lake (Private)	CA	2
Twain Harte Valley	CA	0
Twain Harte-Tuolumne City	CA	0
Twain School Park	CA	1
Twanoh State Park	WA	1
Tweedie	WA	0
Tweedy Lake	CA	2
Twelfth Avenue County Park	CA	1
Twelfth District Fairgrounds	CA	1
Twelfth Street Park	CA	1
Twelvemile Creek	OR	2
Twelvemile Lake	WA	2
Twelvemile Peak	OR	2
Twelvemile Table	OR	2
Twentieth Street Park	CA	1
Twenty-First Avenue Parkway	CA	1
Twenty-Five Mile Creek State Park	WA	1
Twenty-Thirty Park	CA	1
Twentyeight Mile Creek Trail	WA	1
Twentyeight Mile Lake	WA	2
Twentyfirst Avenue County Park	CA	1
Twentyfive Hill	CA	2
Twentymile Camp	WA	1
Twentymile Creek	OR	2
Twentymile Slough	OR	2
Twentymile Trail	WA	1
Twentynine Palms	CA	0
Twentynine Palms Mountain	CA	2
Twentynine Palms-Yucca Valley	CA	0
Twentynine Pines Campground	WA	1
Twentyone Mile Campground	WA	1
Twentyseven Lake	WA	2
Twickenham	OR	0
Twilight Lake	WA	2
Twin	WA	0
Twin Bridges	CA	0
Twin Bridges Campground	CA	1
Twin Bridges County Park	OR	1
Twin Buck Lakes	CA	2
Twin Buttes	CA	0
Twin Buttes	OR	2
Twin Buttes	WA	2
Twin Camp	WA	1
Twin Camp Recreation Area	WA	1
Twin Cedar Mobile Park	WA	0
Twin Cedars Mobile Home Park	WA	0
Twin Cedars Park	OR	1
Twin Cities	CA	0
Twin Cottonwoods Trail	CA	1
Twin Crags	CA	2
Twin Creek Mobile Home Park	WA	0
Twin Creeks	CA	0
Twin Creeks Sports Complex	CA	1
Twin Falls Campground	WA	1
Twin Falls Lake	WA	2
Twin Falls State Park	WA	1
Twin Firs Mobile Home Park	WA	0
Twin Flags Mobile Home Community	WA	0
Twin Forks Camp	CA	1
Twin Forks Campsite	CA	1
Twin Harbor	WA	2
Twin Harbors	CA	2
Twin Harbors Beach State Park	WA	1
Twin Hills	OR	2
Twin Knobs	CA	2
Twin Knobs	OR	2
Twin Knolls	CA	2
Twin Knolls	OR	2
Twin Lake	OR	2
Twin Lake	WA	2
Twin Lakes	CA	0
Twin Lakes	OR	2
Twin Lakes	WA	2
Twin Lakes Beach	CA	1
Twin Lakes Campground	CA	1
Twin Lakes Mountain	OR	2
Twin Lakes Park	CA	1
Twin Lakes Reservoir	WA	2
Twin Lakes State Beach	CA	1
Twin Lakes Trail	OR	1
Twin Meadows	OR	2
Twin Meadows Lake	CA	2
Twin Meadows Trail	OR	1
Twin Mountain	OR	2
Twin Oaks	CA	0
Twin Oaks Park	CA	1
Twin Peak	CA	2
Twin Peaks	CA	2
Twin Peaks	OR	2
Twin Peaks	WA	2
Twin Peaks Camp	WA	1
Twin Peaks Estates	CA	0
Twin Peaks Manor Mobile Home Park	WA	0
Twin Peaks Trail	OR	1
Twin Pines	CA	0
Twin Pines Campground	CA	1
Twin Pines Park	CA	1
Twin Points	CA	2
Twin Points	OR	2
Twin Ponds	OR	2
Twin Ponds Camp	OR	1
Twin Ponds Trail	OR	1
Twin Prairie Buttes	OR	2
Twin Redwoods Trail Camp	CA	1
Twin Rivers Campground	OR	1
Twin Rivers Park	WA	1
Twin Road Waterhole	OR	2
Twin Rocks	CA	0
Twin Rocks	OR	0
Twin Rocks	WA	2
Twin Rocks County Park	OR	1
Twin Rocks State Park	OR	1
Twin Rocks Trail	CA	1
Twin Sister	CA	2
Twin Sisters	CA	2
Twin Sisters	OR	2
Twin Sisters	WA	2
Twin Sisters Lakes	WA	2
Twin Sisters Mountain	CA	2
Twin Sisters Mountain	WA	2
Twin Sisters Trail	OR	1
Twin Sisters Trail	WA	1
Twin Sloughs	CA	2
Twin Spits	WA	0
Twin Springs Campground	OR	1
Twin Springs Forest Camp	OR	1
Twin Springs Trail	OR	1
Twin Trails Park	CA	1
Twin Valley Camp	CA	1
Twinbuck Camp	OR	1
Twins Crane Prairie Trail	OR	1
Twisp	WA	0
Twisp Lake	WA	2
Twisp Mountain	WA	2
Twisselmann Lake	CA	2
Twitchell Island	CA	2
Two Bear Camp	WA	1
Two Butte	OR	2
Two Buttes	CA	2
Two Color Horse Camp	OR	1
Two Color Lake	OR	2
Two Eagle Peak	CA	2
Two Forks State Wildlife Area	WA	1
Two Girls	OR	2
Two Harbors	CA	0
Two Lakes	WA	2
Two Little Lakes	WA	2
Two Man Rock	WA	2
Two Mile Campsite	WA	1
Two Peaks	CA	2
Two Plum City Park	OR	1
Two Point Mountain	WA	2
Two Quarry Trail	CA	1
Two Rivers	CA	0
Two Rivers	WA	0
Two Rivers Islands	WA	2
Two Rivers Park	WA	1
Two Rock	CA	0
Two Rock Point	CA	2
Two Sentinels	CA	2
Two Strike Park	CA	1
Two Teats	CA	2
Twomile Camp	WA	1
Twomile Point	CA	2
Twons	OR	2
Ty Lake	WA	2
Tye Canyon Campground	WA	1
Tye Lake	WA	2
Tyee	OR	0
Tyee Beach	WA	0
Tyee Butte	OR	2
Tyee Camp	OR	1
Tyee Campground Boat Ramp	OR	1
Tyee City	CA	0
Tyee Hill	WA	2
Tyee Mountain	OR	2
Tyee Mountain	WA	2
Tyee Peak	WA	2
Tyee Pool Camp	WA	1
Tyee Valley Mobile Manor	WA	0
Tygh Creek Trail	OR	1
Tygh Valley	OR	0
Tyler	WA	0
Tyler Bight	CA	2
Tyler Island	CA	2
Tyler Lake	CA	2
Tyler Peak	CA	2
Tyler Peak	WA	2
Tylers Corner	CA	0
Tylers Peak	CA	2
Tyndall Landing	CA	0
Tyndall Mound	CA	2
Typhoon Mesa	CA	2
Tyrone	CA	0
Tyrre Park	CA	1
Tyson Island	OR	2
Tyson Park	OR	1
Tyson Street Park	CA	1
Táx̣špa Butte	OR	2
U J Hamby Park	OR	1
U Lake	WA	2
U S Mountain	WA	2
U'macha'tam'ma Environmental Campsites	CA	1
USS San Francisco Memorial	CA	1
Ubehebe Peak	CA	2
Udell Gorge Natural Preserve	CA	1
Ueland Place	CA	0
Uffert Park	CA	1
Uhl Hill	CA	2
Uhl Peak	CA	2
Ukiah	CA	0
Ukiah	OR	0
Ukiah Rancheria	CA	0
Ukiah-Dale Forest State Park	OR	1
Ukonom Mountain	CA	2
Ulcer Point	CA	2
Ulmar	CA	0
Ulmer Mountain	OR	2
Ulrich Field	CA	1
Ultra	CA	0
Umapine	OR	0
Umatilla	OR	0
Umatilla Butte	OR	2
Umatilla Indian Reservation	OR	1
Umatilla Marina Park	OR	1
Umatilla National Wildlife Refuge	OR	1
Umatilla National Wildlife Refuge	WA	1
Umatilla Rock	WA	2
Umatilla Sports Complex	OR	1
Umbrella Bay	WA	2
Umbrella Butte	CA	2
Umbrella Falls Trail	OR	1
Umbrella Hill	CA	2
Umbrella Point	WA	2
Umbrite Lake	OR	2
Umpa Lake	CA	2
Umpqua	OR	0
Umpqua Lighthouse State Park	OR	1
Umpqua Myrtle State Park	OR	1
Umpqua Park	OR	1
Umpqua River	OR	2
Umpqua River Estuary	OR	2
Umpqua Rogue Trail	OR	1
Umpqua State Scenic Corridor	OR	1
Umtanum	WA	0
Una	CA	0
Unal Trail	CA	1
Uncas	WA	0
Uncle Sam Mountain	CA	2
Uncle Sam Mountain	WA	2
Uncle Tommy	CA	2
Uncles Lake	CA	2
Underhill Park	WA	1
Undertakers Camp	CA	1
Underwood	WA	0
Underwood Heights	WA	0
Underwood Mountain	CA	2
Underwood Mountain	WA	2
Underwood Park	CA	0
Underwood Park	WA	1
Underwood Treaty Fishing Access Site	WA	1
Undi Lake	WA	2
Unicorn Peak	CA	2
Unicorn Peak	WA	2
Union	CA	0
Union	OR	0
Union	WA	0
Union Bay	WA	2
Union Bay Natural Area	WA	1
Union Center	WA	0
Union City	CA	0
Union City Park	OR	1
Union Creek	OR	0
Union Creek Trail	OR	1
Union Creek Trail	WA	1
Union Field (historical)	CA	1
Union Flat Campground	CA	1
Union Gap	OR	0
Union Gap	WA	0
Union Hill	CA	0
Union Hill	WA	2
Union Hill-Novelty Hill	WA	0
Union Island	CA	2
Union Lake	CA	2
Union Lakes	CA	2
Union Landing	CA	0
Union Mill	WA	0
Union Mills	OR	0
Union Park	CA	1
Union Peak	OR	2
Union Peak	WA	2
Union Peak Trail	OR	1
Union Place Circle	CA	1
Union Plaza	CA	1
Union Point	CA	2
Union River State Wildlife Area	WA	1
Union Road Park	CA	1
Union Rogue Church Camp	OR	1
Union School Park	CA	1
Union Square	CA	1
Union Square Park	CA	1
Union-Tribune Square	CA	1
Uniontown	OR	0
Uniontown	WA	0
Unionvale	OR	0
Unit Lake	OR	2
United States Forest Service Elk Lake Campground Boat Ramp	OR	1
United States Forest Service Hebo Ranger District	OR	1
Unity	OR	0
Unity Forest State Park	OR	1
Unity Lake State Recreation Site	OR	1
Unity Park	CA	1
University	WA	0
University Camp	CA	1
University City Park	OR	1
University Community Park	CA	1
University Gardens Park	CA	1
University Heights	CA	0
University Heights Park	CA	1
University Park	CA	1
University Peak	CA	2
University Place	WA	0
University Point	WA	2
University Village Park	CA	1
University city Park	OR	1
University of California Cow Camp	CA	1
University of California Ecological Study Area	CA	1
University of California Forestry Camp	CA	1
University of California San Diego Park	CA	1
University of Washington Bothell Campus North Parking Garage	WA	1
University of Washington Bothell Campus South Parking Garage	WA	1
University of Washington Intramural Sports Field Number 1	WA	1
University of Washington Medicinal Herb Garden	WA	1
University of Washington Quad	WA	1
University of Washington Soccer Field	WA	1
University of Washington Tennis Courts	WA	1
University of Washington Womens Soccer Field	WA	1
Uno Peak	WA	2
Upjohn Park	CA	1
Upland	CA	0
Upland Game Hunting Area	CA	1
Upland Memorial Park	CA	1
Upland Restoration State Wildlife Area	WA	1
Upland State Game Bird Habitat	WA	1
Upp	CA	0
Upper Albert Lake	CA	2
Upper Ballard Campground	CA	1
Upper Bayview Campground	CA	1
Upper Beach	CA	1
Upper Bear Trail Camp	CA	1
Upper Berley Lake	OR	2
Upper Blue Canyon Campground	CA	1
Upper Blue Lake Campground	CA	1
Upper Boulder Lake	CA	2
Upper Bowman Campsite	WA	1
Upper Boy Scout Lake	CA	2
Upper Branigan Lake	CA	2
Upper Brush Creek Neighborhood Park	CA	1
Upper Campbell Lake	OR	2
Upper Campground	CA	1
Upper Camuesa Campground	CA	1
Upper Carlton Campground	CA	1
Upper Cathedral Lake	WA	2
Upper Chetco Trail	OR	1
Upper Chiquito Campground	CA	1
Upper City Park	OR	1
Upper Clearwater Campground	WA	1
Upper Cliff Lake	CA	2
Upper Columbia RV Park and Campground	WA	1
Upper Coon Mountain	CA	2
Upper Cottonwood Creek Wildlife Area	CA	1
Upper Cougar Camp	OR	1
Upper Coyote Ridge Trail	CA	1
Upper Deadman Group Campground	CA	1
Upper Devils Peak	CA	2
Upper Dinkey Creek Campground	CA	1
Upper Doane Valley Trail	CA	1
Upper Dry Gulch Natural Area Preserve	WA	1
Upper Eagle Lake	WA	2
Upper Eagle Point Campground	CA	1
Upper Echo Lake	CA	2
Upper Eddeeleo Lake	OR	2
Upper Elk Lake	WA	2
Upper Empire Lake	OR	2
Upper Enchantment Lakes	WA	2
Upper End Campground	OR	1
Upper English Lake	CA	2
Upper Erma Bell Lake	OR	2
Upper Fairfax	WA	0
Upper Falls Lake	WA	2
Upper Fishermans Trail	CA	1
Upper Fletcher Lake	CA	2
Upper Florence Lake	WA	2
Upper Forni	CA	0
Upper Fox Lake	WA	2
Upper Garfield Mountain Lake	WA	2
Upper Gaylor Lake	CA	2
Upper Glade Camp	CA	1
Upper Golden Trout Lake	CA	2
Upper Goose Egg Lake	OR	2
Upper Goose Lake	WA	2
Upper Grace Lake	WA	2
Upper Granite Lake	WA	2
Upper Grapevine Campground	CA	1
Upper Gray Rock Lake	CA	2
Upper Gumboot Lake	CA	2
Upper Hazard Canyon Trail	CA	1
Upper Higgins Campground	CA	1
Upper Highland	OR	0
Upper Hoh River Trail	WA	1
Upper Honeymoon Lake	CA	2
Upper Horsethief Lake	CA	2
Upper Howard Camp	OR	1
Upper Indian Lake	CA	2
Upper Island Lake	OR	2
Upper Jamison Campground	CA	1
Upper Jefferson Lake	WA	2
Upper Johnson Lake	WA	2
Upper Jordan Lake	WA	2
Upper Kings Campground	CA	1
Upper Kinney Lake	CA	2
Upper Klamath Lake	OR	2
Upper Klamath National Wildlife Refuge	OR	1
Upper Lake	CA	0
Upper Lake	OR	2
Upper Lake Blethen	WA	2
Upper Lake-Nice	CA	0
Upper Lamarck Lake	CA	2
Upper Lead King Lake	WA	2
Upper Lena Lake	WA	2
Upper Little Truckee Campground	CA	1
Upper Loch Katrine	WA	2
Upper Lola Montez Lake	CA	2
Upper Long Lake	CA	2
Upper Lopez Campground	CA	1
Upper Lynch Cove	WA	2
Upper Marilyn Lake	OR	2
Upper Matilija Campground	CA	1
Upper McCabe Lake	CA	2
Upper McGee Creek Campground	CA	1
Upper Melakwa Lake	WA	2
Upper Merced Pass Lake	CA	2
Upper Mill	WA	0
Upper Mills Creek Lake	CA	2
Upper Mono Trail	CA	1
Upper Morgan Lake	CA	2
Upper Mud Lake	CA	2
Upper Mumbo Lake	CA	2
Upper Newport Bay	CA	2
Upper Newport Bay Ecological Reserve	CA	1
Upper Noe Recreation Center	CA	1
Upper Noonday Camp	CA	1
Upper Oso Campground	CA	1
Upper Ottoway Lake	CA	2
Upper Pacifico Campground	CA	1
Upper Palisades Lake	WA	2
Upper Pardoes Camp	CA	1
Upper Pawn Lake	WA	2
Upper Peninsula Lake	CA	2
Upper Petite Lake	CA	2
Upper Pine Lake	CA	2
Upper Pines Campground	CA	1
Upper Preston	WA	0
Upper Pyles Camp	CA	1
Upper Quinn Lake	OR	2
Upper Rancho Nuevo Campground	CA	1
Upper Reservoir	OR	2
Upper Reyes Campground	CA	1
Upper Richbar Picnic Area	CA	1
Upper Rigdon Lake	OR	2
Upper Ritchey Canyon Trail	CA	1
Upper River Campground	CA	1
Upper Rock Lake	OR	2
Upper Rogue Regional County Park	OR	1
Upper Rose Lake	CA	2
Upper Rush Creek Campground	CA	1
Upper Ruth Lake	CA	2
Upper Saddle Lake	CA	2
Upper Sage Flat Campground	CA	1
Upper Salmon Junction	WA	0
Upper Salmon Lake	OR	2
Upper Salmon Lake Trail	CA	1
Upper Salt Creek Campground	CA	1
Upper San Juan Campground	CA	1
Upper Santa Ynez Camp Ground	CA	1
Upper Sardine Lake	CA	2
Upper Sespe River Trail	CA	1
Upper Seven Lake	CA	2
Upper Shake Campground	CA	1
Upper Skagit Garden Club Park	WA	1
Upper Sky High Lake	CA	2
Upper Smith River Trail	CA	1
Upper Snake River Trail	OR	1
Upper Snowshoe Lake	OR	2
Upper Snowy Lake	WA	2
Upper Soda	OR	0
Upper Springhill Campground	CA	1
Upper Stephens Meadows	CA	2
Upper Steves Trail	CA	1
Upper Sunrise Recreation Area	CA	1
Upper Switzer Campground	CA	1
Upper Table Rock	OR	2
Upper Tinta Campground	CA	1
Upper Town	CA	0
Upper Trail	CA	1
Upper Twin Lake	CA	2
Upper Velma Lake	CA	2
Upper Vermillion Campground	CA	1
Upper White Lake (historical)	CA	2
Upper Wildcat Lake	WA	2
Upper Wind River Winter Sports Area	WA	1
Upper Winter Creek Trail	CA	1
Upper Wright Lake	CA	2
Upright Head	WA	2
Upton	CA	0
Upton Mountain	OR	2
Urabe Park	CA	1
Urban	WA	0
Ure Mountain	CA	2
Urgon	CA	0
Ursa Lake	CA	2
Usal Campground	CA	1
Usal Rock	CA	2
Useless Bay	WA	2
Useless Lake	CA	2
Usher Hill	CA	2
Usk	WA	0
Utah Rock	WA	2
Utica Park	CA	1
Utley Butte	OR	2
Utley Creek Trail	OR	1
Utsalady	WA	0
Utsalady Bay	WA	2
Utsalady Point	WA	2
Utt Park	CA	1
Utter Rock	OR	2
Utts Butte	OR	2
Uva	CA	0
Uvas Canyon County Park	CA	1
V Lake	OR	2
V T Jackson County Wayside	OR	1
V W McCormack Area	OR	1
Vacation Beach	CA	0
Vacation Isle	CA	2
Vacaville	CA	0
Vader	WA	0
Vado Campground	CA	1
Vail	WA	0
Vail Park	CA	1
Val Scheer Rodeo Grounds	CA	1
Val Verde	CA	0
Val Verde Park	CA	1
Val Vista Park	CA	1
Valby	OR	0
Valdez	CA	0
Vale	CA	0
Vale	OR	0
Vale Butte	OR	2
Vale Park	OR	1
Valen Lake	OR	2
Valencia	CA	0
Valencia Glen Park	CA	1
Valencia Lagoon	CA	2
Valencia Meadows Park	CA	1
Valencia Park	CA	1
Valencia Peak	CA	2
Valencia Peak Trail	CA	1
Valencia Triangle	CA	1
Valentine Lake	CA	2
Valentine Reserve Ecological Study Area	CA	1
Valerie	CA	0
Valhalla Mountain	WA	2
Valinda	CA	0
Valino Island	OR	2
Valjean	CA	0
Valjean Dunes	CA	2
Valla	CA	0
Valle Lindo Park	CA	1
Valle Verde Park	CA	1
Valle Vista	CA	0
Valle Vista Campground	CA	1
Valle Vista Park	CA	1
Valle de los Caballos	CA	0
Vallecito	CA	0
Vallecito Stage Station County Park	CA	1
Vallecito State Historic Landmark	CA	1
Vallejo	CA	0
Vallejo Beach	CA	1
Vallejo Heights	CA	2
Vallejo Home State Historical Monument	CA	1
Vallejo Mill Historical Park	CA	1
Vallejo Mill Park	CA	1
Vallejo Old City Historic District	CA	1
Valleton	CA	0
Valley	WA	0
Valley Acres	CA	0
Valley Anchorage	CA	2
Valley Center	CA	0
Valley Circle Park	CA	1
Valley Crossing	CA	0
Valley Falls	OR	0
Valley Ford	CA	0
Valley Forge Trail	CA	1
Valley Grove	WA	0
Valley High Mobile Park	WA	0
Valley High Park	CA	1
Valley Home	CA	0
Valley Junction	OR	0
Valley Lake Ranchos	CA	0
Valley Memorial Park	WA	1
Valley Mission Park	WA	1
Valley Mobile Manor	WA	0
Valley Mountain	CA	2
Valley Oak Campground	CA	1
Valley Oak Park	CA	1
Valley Oak Recreation Area	CA	1
Valley Oaks Mobile Home Park	CA	0
Valley Park	CA	1
Valley Park	OR	1
Valley Plaza Park	CA	1
Valley Ranch	CA	0
Valley Ridge Park	WA	1
Valley School Park	CA	1
Valley Springs	CA	0
Valley Springs Peak	CA	2
Valley Springs State Historic Landmark	CA	1
Valley Trails Park	CA	1
Valley View City Park	OR	1
Valley View Mobile Home Park	WA	0
Valley View Mobile Manor	WA	0
Valley View Mountain	CA	2
Valley View Park	CA	1
Valley View Point	CA	2
Valley View Sports Park	CA	1
Valley View Tracts	WA	0
Valley View Trail	CA	1
Valley Vista	CA	0
Valley Wells	CA	0
Valley Wells Safety Rest Area	CA	1
Valley Wells Station	CA	0
Valley West Park	OR	1
Valley Wide Regional Park	CA	1
Valley of the Rogue State Park	OR	1
Valleydale Park	CA	1
Valleyford	WA	0
Valleyford County Park	WA	1
Valleyview City Park	OR	1
Valleyview Truck Trail	CA	1
Valona	CA	0
Valor Lake	CA	2
Valpey Butte	OR	2
Valverde Park	CA	1
Valyermo	CA	0
Valyermo Park	CA	1
Van	OR	0
Van Allen	CA	0
Van Brunt Mountain	WA	2
Van Buren Place Historic District	CA	1
Van Buskirk Municipal Park	CA	1
Van Buskirk Park	CA	1
Van Dam Peak	CA	2
Van Damme Beach	CA	2
Van Damme Pygmy Forest Natural Preserve	CA	1
Van Damme State Park	CA	1
Van Der Linden Field	CA	1
Van Doren Park	CA	1
Van Duzen County Park	CA	1
Van Fleet Mobile Home Park	WA	0
Van Horn	WA	0
Van Horn Butte	OR	2
Van Horn Peak	CA	2
Van Kuren Hill	WA	2
Van Lake	WA	2
Van Ness Playground	CA	1
Van Norden Campground	CA	1
Van Nuys Recreation Area	CA	1
Van Nuys-Sherman Oaks War Memorial Park	CA	1
Van Patten Butte	OR	2
Van Patten Lake	OR	2
Van Peak	WA	2
Van Sickle Island	CA	2
Van Sickle Lake	CA	2
Van Sicklin Butte	CA	2
Van Skinner Island	WA	2
Van Vleck	CA	0
Van Winkle Mountain	CA	2
Van Wyck	WA	0
Van Wyck Camp	CA	1
Van Zandt	WA	0
Van Zanten Park	CA	1
Vanalden Park	CA	1
Vance	CA	0
Vance Creek Lake	WA	2
Vance Park	OR	1
Vance-Ferry Road State Wildlife Area	WA	1
Vances Lake	WA	2
Vancouver	WA	0
Vancouver Junction	WA	0
Vancouver Lake	WA	2
Vancouver Lake Park	WA	1
Vancouver Lake State Wildlife Area	WA	1
Vandenberg Space Force Base	CA	0
Vandenberg Village	CA	0
Vanderbilt	CA	0
Vanderburgh Lake	CA	2
Vandercook Park	WA	1
Vandergrift Lake	CA	2
Vanderpool Crossing	WA	0
Vandervere Mountain	CA	2
Vandever Mountain	CA	2
Vanguard	CA	0
Vann	CA	0
Vans Camp	CA	1
Vanson Lake	WA	2
Vanson Peak	WA	2
Vantage	WA	0
Vantage Glen Mobile Home Park	WA	0
Vantage Point Park	CA	1
Vaquero Camp	CA	1
Vaquero Campsite	CA	1
Varden Lake	WA	2
Varian Park	CA	1
Varmint Camp	OR	1
Varna	WA	0
Varney Creek Trail	OR	1
Vasa Park	WA	0
Vashon	WA	0
Vashon Heights	WA	0
Vashon Island	WA	2
Vasona Junction	CA	0
Vasona Lake County Park	CA	1
Vasquez Knob	CA	2
Vasquez Peak	CA	2
Vasquez Rock	CA	2
Vasquez Rocks	CA	2
Vasquez Rocks Park	CA	1
Vasquez Tree Historical Marker	CA	1
Vaugans Mobile Home Park	WA	0
Vaughn	OR	0
Vaughn	WA	0
Vaughn Bay	WA	2
Vaughn County Park	OR	1
Vaughn Point	OR	2
Veatch	OR	0
Veazie	WA	0
Veda Butte	OR	2
Veda Lake	OR	2
Vedder Mountain	WA	2
Vee Lake	CA	2
Vee Lake	OR	2
Veeh Ranch Park	CA	1
Velvet	WA	0
Ven-Tu Park	CA	1
Venado	CA	0
Venados Group Camp	CA	1
Venator	OR	0
Venator Butte	OR	2
Vendla Park	OR	1
Vendovi Island	WA	2
Venersborg	WA	0
Veneta	OR	0
Venice	WA	0
Venice Beach	CA	1
Venice Canal Historic District	CA	1
Venice City Beach	CA	1
Venice Island	CA	2
Venice Recreation Center	CA	1
Venida	CA	0
Vennacher Needle	CA	2
Venner	WA	0
Ventana Camp	CA	1
Ventana Cone	CA	2
Ventana Double Cone	CA	2
Ventana Trail	CA	1
Ventana Wilderness	CA	1
Ventu Park	CA	1
Ventucopa	CA	0
Ventura	CA	0
Ventura City Beach	CA	1
Ventura City Park	OR	1
Ventura County Fairgrounds	CA	1
Ventura Cove	CA	2
Ventura Point	CA	2
Venus	CA	0
Venus	OR	2
Venus Lake	WA	2
Vera Lake	OR	2
Verano	CA	0
Verano Park	CA	1
Verboort	OR	0
Verdant	CA	0
Verde	CA	0
Verde Lake	OR	2
Verde Park	CA	1
Verdemont	CA	0
Verdemont Park	CA	1
Verdese Carter Park	CA	1
Verdi	CA	0
Verdi Peak	CA	2
Verdugo Park	CA	1
Verdugo Recreation Center	CA	1
Verdugo Truck Trail	CA	1
Verdun Way	OR	1
Verissimo Hills Preserve	CA	1
Verlot	WA	0
Verlot Campground	WA	1
Vermilion Campground	CA	1
Vermilion Cliffs	CA	2
Vermilion Forest Camp	OR	1
Vermilion Lake	CA	2
Vermillion Bar Campground	OR	1
Vermont Square	CA	1
Verna Dunshee Trail	CA	1
Vernalis	CA	0
Vernon	CA	0
Vernon A Nichols County Park	CA	1
Vernon Hemingway Memorial Park	CA	1
Vernon Park	WA	1
Vernon Ross Veterans Memorial	OR	1
Vernon Tank Playground	OR	1
Vernonia	OR	0
Vernonia Lake City Park	OR	1
Verona	CA	0
Verplank Campground	CA	1
Vesa Bluffs	CA	2
Vesa Creek Trail	CA	1
Vesper Peak	WA	2
Vesta	WA	0
Vesta Truck Trail	WA	1
Vestal	CA	0
Vestal Butte	OR	2
Vestals Swamp	CA	2
Vestil	CA	0
Veteran Heights	CA	0
Veteran's Memorial Park	WA	1
Veterans Cove	CA	2
Veterans Memorial City Park	OR	1
Veterans Memorial Park	CA	1
Veterans Memorial Park	OR	1
Veterans Mini Park	OR	1
Veterans Park	CA	1
Veterans Peak	CA	2
Vetrean Park Playground	CA	1
Vetter Mountain	CA	2
Vetter Park	CA	1
Via Marina Park	CA	1
Via Paraiso Park	CA	1
Via Verde Park	CA	1
Viaduct Park	CA	1
Vic Haun Trail	CA	1
Vicente Park	CA	1
Vichy Springs	CA	0
Vickers Hot Springs	CA	0
Vickers Lake	OR	2
Vickery County Park	OR	1
Vickroy Park	CA	1
Victim Island	WA	2
Victim Island State Park	WA	1
Victor	CA	0
Victor	WA	0
Victor Jones Park	CA	1
Victor Park	CA	1
Victor View	OR	2
Victoria Beach	CA	1
Victoria Groves Park	CA	1
Victoria Hill	CA	2
Victoria Island	CA	2
Victoria Lakes Park	CA	1
Victoria Park	CA	1
Victoria Peak	CA	2
Victoria Vista Park	CA	1
Victoria Woods Natural Area	OR	1
Victoriano Park	CA	1
Victorville	CA	0
Victorville-Hesperia	CA	0
Victory Park	CA	1
Victory Square Park	OR	1
Victory-Vineland Recreation Center	CA	1
Vida	OR	0
Vidae Cliff	OR	2
Vidal	CA	0
Vidal Junction	CA	0
Vidette Lakes	CA	2
Vie Mountain	WA	2
Viejas Honor Camp	CA	1
Viejas Mountain	CA	2
Viejo Tie Trail	CA	1
Viento State Park	OR	1
Vierras Knoll	CA	2
Vietnam Veterans of Oregon Memorial	OR	1
Vietnam War Memorial Park	CA	1
View	WA	0
View Lake	OR	2
View Lake	WA	2
View Mont Mobile Park	WA	0
View Point	OR	2
View Ridge Park	WA	1
View Vista Mobile Home Park	WA	0
Viewland	CA	0
Viewpoint	OR	2
Views West Park	CA	1
Viking Field	CA	1
Viking Mobile Home Court	WA	0
Viking Mobile Home Park	WA	0
Viking West Mobile Home Park	WA	0
Vikingsholm Trail	CA	1
Villa Campground	CA	1
Villa Dorado Park	CA	1
Villa Grande	CA	0
Villa La Jolla Park	CA	1
Villa Park	CA	0
Villa Ridge	OR	0
Villa del Arroyo Mobile Home Estates	CA	0
Village Bay	CA	2
Village East Park	CA	1
Village Green City Park	OR	1
Village Green Mobile Home Park	WA	0
Village Green Park	CA	1
Village Green Park	OR	1
Village Park	CA	1
Village Point	CA	2
Village Point	WA	2
Village Square Park	CA	1
Villager Peak	CA	2
Villard Junction	WA	0
Villard Pond (historical)	WA	2
Villegas Park	CA	1
Villinger	CA	0
Vin	CA	0
Vina	CA	0
Vincent	CA	0
Vincent Landing	CA	0
Vincent Lugo Park	CA	1
Vincent Park	CA	1
Vincent Park	OR	1
Vinci Park	CA	1
Vine Hill	CA	0
Vineburg	CA	0
Vinegar Hill	OR	2
Vinegar Hill-Indian Rock Scenic Area	OR	1
Vinegar Lake	WA	2
Vinegar Peak	CA	2
Vineland	WA	0
Vinemaple	OR	0
Vines Hill	OR	2
Vinewood Park	CA	1
Vineyard	CA	0
Vineyard Lake	CA	2
Vineyard Mountain	OR	2
Vineyard Park	CA	1
Vineyard Playground	CA	1
Vineyard Recreation Center	CA	1
Vinland	CA	0
Vinland	WA	0
Vinland Park	CA	1
Vinson Pond	OR	2
Vinsonhaler Park	CA	1
Vintage Hills Park	CA	1
Vintage Park	CA	1
Vinton	CA	0
Vinton Lake	CA	2
Vinum Park	CA	1
Vinvale	CA	0
Vinzenz Lausmann Memorial State Natural Area	OR	1
Viola	CA	0
Viola	OR	0
Violet Hill	OR	2
Violet Point	WA	2
Violet Prairie State Wildlife Area	WA	1
Viretta Park	WA	1
Virgil Grissom Park	CA	1
Virgilia	CA	0
Virgin Creek Buttes	CA	2
Virgin Lake	WA	2
Virginia	WA	0
Virginia Avenue County Park	CA	1
Virginia Avenue Park	CA	1
Virginia Colony	CA	0
Virginia Colony Park	CA	1
Virginia Lake	CA	2
Virginia Lake	OR	2
Virginia Lake	WA	2
Virginia Park	CA	1
Virginia Peak	CA	2
Virginia Peak	WA	2
Virginia Point	CA	2
Virginia Trail	CA	1
Virginiatown	CA	0
Virner Camp	CA	1
Visalia	CA	0
Visalia Oaks Park	CA	1
Vision Acres	WA	0
Visitacion Knob	CA	2
Visitacion Point	CA	2
Visitacion Valley Playground	CA	1
Vista	CA	0
Vista	WA	0
Vista Bahia Park	CA	1
Vista Brook Park	OR	1
Vista Camp	CA	1
Vista De Anza Historical Marker	CA	1
Vista Grande	CA	2
Vista Grande Park	CA	1
Vista Hermosa Park	CA	1
Vista La Mesa Park	CA	1
Vista Meadows Park	CA	1
Vista Meydenbauer Alcove	WA	2
Vista Overflow Campground	CA	1
Vista Park	CA	1
Vista Peak	CA	2
Vista Picnic Ground	CA	1
Vista Point	CA	2
Vista Point	WA	2
Vista Ridge Trail	OR	1
Vista Robles	CA	0
Vista Santa Rosa	CA	0
Vista Trail	CA	1
Vista Verde	CA	0
Vista Verde Park	CA	1
Vista View Park	CA	1
Vista del Lago Park	CA	1
Viti Rocks	WA	2
Vitus Butte	OR	2
Vivian Creek Trail	CA	1
Vivian Lake	OR	2
Vivian lake	CA	2
Vogel Flats Campground	CA	1
Vogel Lake	OR	2
Vogel Park	OR	1
Vogel Pond	OR	2
Vogelsang High Sierra Camp	CA	1
Vogelsang Lake	CA	2
Vogelsang Peak	CA	2
Vogler Lake	WA	2
Volcan Mountains Wilderness Preserve	CA	1
Volcanic Butte	CA	2
Volcanic Cone	CA	2
Volcanic Knob	CA	2
Volcano	CA	0
Volcano Butte	CA	2
Volcano Hill	CA	2
Volcano Lake	CA	2
Volcano Peak	CA	2
Volcano Trail	OR	1
Volcanoville	CA	0
Vollmer Peak	CA	2
Vollmers	CA	0
Volonte Park	CA	1
Volponi Acres	CA	0
Volta	CA	0
Volta State Wildlife Area	CA	1
Voltage	OR	0
Voltage	WA	0
Volunteer Park	OR	1
Volunteer Park	WA	1
Volunteer Peak	CA	2
Von Geldern Cove	WA	2
Vondergreen Hill	OR	2
Vorden	CA	0
Voss	CA	0
Voss Hill	OR	2
Voss Resort	WA	0
Vosti Park	CA	1
Votaw Camp	CA	1
Voyager Rock Campground	CA	1
Vue Mobile Home Park	WA	0
Vulcan Island	CA	2
Vulcan Lake	OR	2
Vulcan Mountain	WA	2
Vulcan Peak	OR	2
Vulcans Castle	CA	2
Vulture Crags	CA	2
Vulture Rock	CA	2
W B Nelson State Recreation Site	OR	1
W D Wood Park	CA	1
W E Johnson Park	WA	1
W H Shaver Park	CA	1
W K Hill	CA	2
W Lake	CA	2
W-E Camp Shelter	WA	1
W. F. Wooten State Wildlife Area	WA	1
Waadah Island	WA	2
Waadah Point	WA	2
Waatch	WA	0
Waatch Peak	WA	2
Waatch Point	WA	2
Wabash	WA	0
Wabash Park	CA	1
Wabash Playground	CA	1
Wabash Recreation Center	CA	1
Wabena Trail	CA	1
Waca Lake	CA	2
Wackman Park	CA	1
Wacota	WA	0
Waddell Creek Beach	CA	1
Waddell Lake	WA	2
Waddington	CA	0
Wade Butte	OR	2
Wade Island	WA	2
Wade Place	CA	0
Wade Pond	OR	2
Wades Lake	CA	2
Wades Point	OR	2
Wadleigh Arm	CA	2
Wadleigh City Park	OR	1
Wadstrom	CA	0
Wages Creek Beach	CA	1
Wagner	CA	0
Wagner	WA	0
Wagner Butte	OR	2
Wagner Gulch Trail	OR	1
Wagner Lake	WA	2
Wagner Mountain	OR	2
Wagner Park	CA	1
Wagnersburg	WA	0
Wagon Camp	CA	1
Wagon Camp	OR	1
Wagon Camp	WA	1
Wagon Flat Campground	CA	1
Wagon Wheel	OR	2
Wagon Wheel Lake	CA	2
Wagon Wheel Mobile Home Park	WA	0
Wagon Wheel Mountain	CA	2
Wagoner	CA	0
Wagonroad Trail	WA	1
Wagontire	OR	0
Wagontire Mountain	OR	2
Wagonwheel Hole	OR	2
Wagonwheel Lake	WA	2
Wagonwheel Park	OR	1
Wah Hoo Lake	CA	2
Wahanna Lake	OR	2
Wahatis Peak	WA	2
Wahkiacus	WA	0
Wahl	WA	0
Wahl Lake	WA	2
Wahluke	WA	0
Wahluke Slope Habitat Management Area	WA	1
Wahoo Lake	CA	2
Wahpenayo Peak	WA	2
Wahtoke	CA	0
Wahtoke Lake	CA	2
Wahtoke Park	CA	1
Wahtum Lake	OR	2
Waikiki Springs State Wildlife Area	WA	1
Wailaki Campground	CA	1
Wait City Park	OR	1
Waits	WA	0
Waitsburg	WA	0
Wake Robin Park	OR	1
Wakefield	WA	0
Wakeman Beach	OR	1
Wakeman Park	CA	1
Wakonda Beach	OR	0
Walan Point	WA	2
Walden	OR	0
Waldo	CA	0
Waldo Hill	OR	2
Waldo Hills	OR	2
Waldo Junction	CA	0
Waldo Lake	OR	2
Waldo Lake Trail	OR	1
Waldo Lake Wilderness	OR	1
Waldo Mountain	OR	2
Waldo Park	OR	1
Waldon	CA	0
Waldon Island	WA	2
Waldorf	CA	0
Waldport	OR	0
Waldron	WA	0
Waldron Island	WA	2
Waldrue Heights	CA	0
Walerga	CA	0
Walerga Park	CA	1
Wales Lake	CA	2
Walker	CA	0
Walker	OR	0
Walker	WA	0
Walker Butte	CA	2
Walker Butte	OR	2
Walker Island	OR	2
Walker Lake	CA	2
Walker Lake	OR	2
Walker Lake	WA	2
Walker Landing	CA	0
Walker Mountain	CA	2
Walker Mountain	OR	2
Walker Park	OR	1
Walker Pass Campground	CA	1
Walker Peak	CA	2
Walker Peak	OR	2
Walker Point	CA	2
Walker Point	OR	2
Walker Rim	OR	2
Walker Sheep Camp	OR	1
Walker-Wangenheim School Park	CA	1
Walkers Landing	WA	0
Walking Bear Camp	CA	1
Wall Creek Trail (historical)	OR	1
Wall Lake	OR	2
Wall Lake	WA	2
Wall Point	CA	2
Walla Walla	WA	0
Walla Walla East	WA	0
Wallace	CA	0
Wallace Center	CA	0
Wallace City Park	OR	1
Wallace Falls State Park	WA	1
Wallace Hill	OR	2
Wallace Island	OR	2
Wallace Lake	CA	2
Wallace Lake	WA	2
Wallace M Ruff Junior Memorial Park	OR	1
Wallace Marine City Park	OR	1
Wallace Peak	CA	2
Wallace Peak	WA	2
Wallace River Mobile Home Park	WA	0
Wallace Slough	WA	2
Wallace Trail	CA	1
Wallenberg Park	CA	1
Waller	WA	0
Waller Park	CA	1
Walling Lake	CA	2
Wallner	WA	0
Wallowa	OR	0
Wallowa Lake Highway Forest State Park	OR	1
Wallowa Lake State Park	OR	1
Wallowa Ponds	OR	2
Walls Lake	OR	2
Walltown	CA	0
Wallula	WA	0
Wallula Junction	WA	0
Wallula State Park	WA	1
Wally Hill	CA	2
Walmerado Park	CA	1
Walmort	CA	0
Walnut	CA	0
Walnut City Park	OR	1
Walnut Creek	CA	0
Walnut Creek Nature Park	CA	1
Walnut Creek Park	CA	1
Walnut Grove	CA	0
Walnut Grove	WA	0
Walnut Grove Chinese-American Historic District	CA	1
Walnut Grove City Park	OR	1
Walnut Grove Commercial-Residential Historic District	CA	1
Walnut Grove Japanese-American Historic District	CA	1
Walnut Grove Mobile Home Park	WA	0
Walnut Grove Park	CA	1
Walnut Heights	CA	0
Walnut Hill	OR	2
Walnut Hills Park	CA	1
Walnut Park	CA	0
Walnut Ranch Park	CA	1
Walnut Street Park	OR	1
Walnut Tree City Park	OR	1
Walong	CA	0
Walrus Rocks	OR	2
Walsh Hill	CA	2
Walsh Lake	WA	2
Walsh Landing	CA	0
Walsh Station	CA	0
Walter B Moranda Park	CA	1
Walter Haas Playground	CA	1
Walter Lake	WA	2
Walter R. Briggs Old Growth Forest Area	WA	1
Walter Springs	CA	0
Walteria Park	CA	1
Walters	WA	0
Walters Camp	CA	1
Walters Island	CA	2
Walters Mountain	OR	2
Walterville	OR	0
Walthal	CA	0
Walton	OR	0
Walton Lake	CA	2
Walton Lake Campground	OR	1
Walton Park	CA	1
Waluga Park East	OR	1
Waluga Park West	OR	1
Walupt Lake	WA	2
Walupt Lake Campground	WA	1
Walupt Lake Horse Camp	WA	1
Walville	WA	0
Walville Peak	WA	2
Wamelo Rock	CA	2
Wamic	OR	0
Wampler Marsh	OR	2
Wampum Lake	CA	2
Wampus Butte	OR	2
Wampus Campground	OR	1
Wanapum Recreation Area	WA	1
Wanapum Village	WA	0
Wanat Peak	CA	2
Wanda L. Peck Memorial Park	OR	1
Wanda Lake	CA	2
Wanderers Peak	OR	2
Wanderers Peak Trail	OR	1
Wandlings Lower Camp	WA	1
Wanhala	CA	0
Wannacut Lake	WA	2
Wanoga Butte	OR	2
Wapaloosie Mountain	WA	2
Wapanitia	OR	0
Wapato	WA	0
Wapato Lake	WA	2
Wapato Lake National Wildlife Refuge	OR	1
Wapato Park	WA	1
Wapato Point	WA	2
Wapinitia	OR	0
Wapiti Camp	OR	1
Waptus Lake	WA	2
Waptus Pass Trail	WA	1
Wapunbem Hill	CA	2
Waqíima Butte	OR	2
War Creek Campground	WA	1
Warburton Park	CA	1
Ward	WA	0
Ward Butte	CA	2
Ward Butte	OR	2
Ward Creek Project	CA	1
Ward Island	CA	2
Ward Lake	CA	2
Ward Lake	OR	2
Ward Lake	WA	2
Ward Lake Campground	CA	1
Ward Lakes	CA	2
Ward Mountain	CA	2
Ward Mountain Lake	CA	2
Ward Peak	CA	2
Warden	WA	0
Warden Hutterian Brethren	WA	0
Warden Lake	CA	2
Wardens Field	CA	1
Wardlow Park	CA	1
Wardman Park	CA	1
Wards Butte	OR	2
Wards Meadow	OR	2
Ware Hill	WA	2
Warehouse Beach Recreation Center	OR	1
Warford Park	OR	1
Warm Beach	WA	0
Warm Beach Estates Mobile Home Park	WA	0
Warm Hill	OR	2
Warm Lake	CA	2
Warm Lake	OR	2
Warm Lake	WA	2
Warm Spring Butte	OR	2
Warm Springs	CA	0
Warm Springs	OR	0
Warm Springs Butte	OR	2
Warm Springs Camp	CA	1
Warm Springs Divide Truck Trail	CA	1
Warm Springs Fish Canyon Truck Trail	CA	1
Warm Springs Indian Reservation	OR	0
Warm Springs Meadow	OR	2
Warm Springs Meadow Trail	OR	1
Warm Springs Meadows	OR	2
Warm Springs Mountain	CA	2
Warm Springs National Fish Hatchery	OR	1
Warm Springs Necktie Trail	CA	1
Warm Springs Park	CA	1
Warm Springs State Recreation Site (historical)	OR	1
Warm Springs Trail	CA	1
Warm Water Cove Park	CA	1
Warmcastle Mobile Home Park	CA	0
Warmerdam Field	CA	1
Warmhouse Beach	WA	1
Warne Field	CA	1
Warne Park	CA	1
Warner	WA	0
Warner Creek Campground	CA	1
Warner Lake	CA	2
Warner Lake	OR	2
Warner Lakes	OR	2
Warner Mountain	OR	2
Warner Peak	OR	2
Warner Ranch Park	CA	1
Warner Springs	CA	0
Warner Valley Campground	CA	1
Warner Valley Rim	CA	2
Warnerville	CA	0
Warnick	WA	0
Warren	OR	0
Warren	WA	0
Warren Avenue Playfield	WA	1
Warren Fork Campground	CA	1
Warren Lake	CA	2
Warren Lake	OR	2
Warren Lake	WA	2
Warren Lake Trail	CA	1
Warren Mall	CA	1
Warren Peak	CA	2
Warren Point	WA	2
Warren Seely Reservoir	WA	2
Warren Slough	OR	2
Warrendale	OR	0
Warrenton	OR	0
Warrenville	WA	0
Warring Park	CA	1
Warrior Lake	CA	2
Warrior Peak	WA	2
Warrior Point	OR	2
Wart Peak	OR	2
Warwick	WA	0
Wasankaris Mobile Home Park	WA	0
Wasco	CA	0
Wasco	OR	0
Wasco Butte	OR	2
Wasco City Park	OR	1
Wasco Depot Park	OR	1
Wasco Lake	CA	2
Wasco Lake	OR	2
Waseck	CA	0
Wash Creek Butte	OR	2
Wash Rock	OR	2
Wash Trail	CA	1
Washapie Mountain	CA	2
Washbasin Lake	CA	2
Washboard Trail	OR	1
Washburn Bue Park	CA	1
Washburn Butte	OR	2
Washburn Hill	WA	2
Washburn Island	WA	2
Washburn Island State Wildlife Area	WA	1
Washburn Lake	CA	2
Washburn Lake	WA	2
Washburne City Park	OR	1
Washburne Park	OR	1
Washburne State Park	OR	1
Washerwomans Bay (historical)	CA	2
Washeshu Peak	CA	2
Washington	CA	0
Washington Butte	WA	2
Washington City Park	OR	1
Washington Harbor	WA	0
Washington Hill	CA	2
Washington Islands Wilderness	WA	1
Washington Manor Park	CA	1
Washington Monument	CA	1
Washington Mountain	CA	2
Washington Park	CA	1
Washington Park	WA	0
Washington Park Arboretum	WA	1
Washington Park International Rose Test Gardens	OR	1
Washington Peak	CA	2
Washington Playground	CA	1
Washington Ponds	OR	2
Washington Rock	WA	2
Washington Square	CA	1
Washington Square (historical)	CA	1
Washington Street Skatepark	CA	1
Washington Wash	CA	2
Washington/Jefferson City Park	OR	1
Washoe	CA	0
Washoe Meadows State Park	CA	1
Washougal	WA	0
Washougal Lake	WA	2
Washougal Oaks Natural Area Preserve	WA	1
Washougal Oaks Natural Resource Conservation Area	WA	1
Washougal Ponds	WA	2
Washougal Trail	WA	1
Washpan Lake Waterhole	OR	2
Washtucna	WA	0
Washtucna Lake	WA	2
Wasp Islands	WA	2
Wassama Round House State Historic Park	CA	1
Wassen Pond	OR	2
Wasson Lake	OR	2
Wastahi Campground	CA	1
Wastina Butte	OR	2
Wastina Pond	OR	2
Watakma Butte	CA	2
Watch Lake	WA	2
Watch Mountain	WA	2
Watchdog Butte	OR	2
Watches Butte	OR	2
Water Board Park	OR	1
Water Canyon Campground	CA	1
Water Canyon Natural Preserve	CA	1
Water Dog Lake Park	CA	1
Water Dog Lakes	CA	2
Water Hole Butte	OR	2
Water Holes Trail	OR	1
Water Park	OR	1
Water Tower Mountain	OR	2
Water Tower Park	OR	1
Water Wheel Camp	CA	1
Waterboard Park	OR	1
Waterdog Lake	CA	2
Waterdog Lake	OR	2
Waterfall Trail	CA	1
Waterford	CA	0
Waterford	WA	0
Waterfront City Park	OR	1
Waterfront Park	OR	1
Waterfront Park	WA	1
Waterhole	WA	2
Waterhouse Lake	CA	2
Waterhouse Park and Rose Garden	OR	1
Waterhouse Peak	CA	2
Waterhouse Powerline Park	OR	1
Waterhouse Slough	OR	2
Waterhouse South Powerline Park	OR	1
Waterloo	CA	0
Waterloo	OR	0
Waterloo	WA	0
Waterloo County Park	OR	1
Waterloo Marsh	WA	2
Waterman	OR	0
Waterman	WA	0
Waterman Mountain	CA	2
Waterman Park	CA	1
Waterman Point	WA	0
Watermans Corner	CA	0
Watermelon Hill	WA	2
Watermelon Trail	OR	1
Waters Camp	CA	1
Waters Creek Campground (historical)	OR	1
Waters Peak	CA	2
Watershed Park	WA	1
Waterspout Trail	CA	1
Watertrough Camp	CA	1
Waterville	WA	0
Waterwheel Campground Boat Launch	OR	1
Waterworks	WA	0
Waterworld California	CA	1
Waterworld USA	CA	1
Watkins Butte	OR	2
Watmough Bay	WA	2
Watmough Head	WA	2
Watson	CA	0
Watson Butte	OR	2
Watson Lake	CA	2
Watson Lakes	WA	2
Watson Mountain	OR	2
Watson Park	CA	1
Watson Range	CA	2
Watson School Historic Park	CA	1
Watsonville	CA	0
Watsonville Junction	CA	0
Watsonville Plaza	CA	1
Watsonville State Wildlife Area	CA	1
Watt Park	CA	1
Wattenburger Park	CA	1
Wattles Garden Park	CA	1
Watton Labor Camp	CA	1
Watts	OR	0
Watts Lake	CA	2
Watts Senior Center	CA	1
Watts Towers of Simon Rodia State Historic Park	CA	1
Waucoba Mountain	CA	2
Waucoma Park	OR	1
Wauconda	WA	0
Wauconda Summit	WA	2
Waud Bluff	OR	2
Waugh Park	CA	1
Waughop Lake	WA	2
Waukena	CA	0
Waukon	WA	0
Wauna	OR	0
Wauna	WA	0
Wauna Lake	WA	2
Wauna Point	OR	2
Wauneka Point	OR	2
Wautauga Beach	WA	0
Waverly	WA	0
Waverly Heights	OR	0
Waverly Lake	OR	2
Waverly Park	CA	1
Waverly Park	WA	1
Wawa Point	WA	2
Wawawai Bay	WA	2
Wawohna Campground	CA	1
Wawona	CA	0
Wawona Campground	CA	1
Wawona Dome	CA	2
Wawona Point	CA	2
Waxmyrtle Trail	OR	1
Way Hill	CA	2
Way Lake	CA	2
Way of the Mono Trail	CA	1
Wayne	WA	0
Wayne Butte	OR	2
Wayne Makin Field	CA	1
Wayne Morse Ranch City Park	OR	1
Wayside Park	CA	1
Wayside Springs Forest Camp	OR	1
We and You Mobile Home Park	WA	0
We-Nelsch Cultural Preserve	CA	1
Weallup Lake	WA	0
Weasel Butte	OR	2
Weatherbee Lake	CA	2
Weatherby	OR	0
Weatherby Mountain	OR	2
Weatherford Historical Monument	OR	1
Weatherly State Wildlife Area	WA	1
Weatherwax	WA	0
Weaver	OR	0
Weaver Bally	CA	2
Weaver Lake	CA	2
Weaver Lake	OR	2
Weaver Mountain	CA	2
Weaver Mountain	OR	2
Weaver Point	WA	2
Weaver Point Campground	WA	1
Weaver lake Campground	CA	1
Weavering Spit	WA	2
Weaverville	CA	0
Weaverville Historic District	CA	1
Weaverville Joss House State Historic Park	CA	1
Webb Butte	CA	2
Webb County Park	OR	1
Webb Lake	OR	2
Webb Mountain	WA	2
Webb Park	CA	1
Webb Point	CA	2
Webber Lake	CA	2
Webber Lake Campground	CA	1
Webber Peak	CA	2
Weber	WA	0
Weber Camp	CA	1
Weber Lake	CA	2
Weber Park	CA	1
Weber Point	CA	2
Weber Point	WA	2
Weber Square	CA	1
Weber Street Park	CA	1
Weberg Butte	OR	2
Weberstown Park	CA	1
Webley Lake	WA	2
Webster	CA	0
Webster Lake	WA	2
Webster Park	WA	1
Webster Point	CA	2
Webster Point	WA	2
Webster Street Historic District	CA	1
Wecoma Beach	OR	0
Wecoma Lake	WA	2
Wedderburn	OR	0
Wedding Cake	CA	2
Wedding Rock	CA	2
Wedding Rocks	WA	1
Weddington Park	CA	1
Wederspahn Lake	WA	2
Wedge Lake	CA	2
Wedge Mountain	WA	2
Wee Bear Lake	CA	2
Weed	CA	0
Weed Island	OR	2
Weed Lake	OR	2
Weed Lake Butte	OR	2
Weeden Lake	WA	2
Weedin City Park	OR	1
Weedpatch	CA	0
Weeds Point	CA	0
Weekend Island	CA	2
Weekes Community Park	CA	1
Weeping Rock Campground	OR	1
Wegner Lake	CA	2
Weigle Hill	WA	2
Weikel	WA	0
Weikswood	WA	0
Weil Lake	CA	2
Weiler Ranch Road Trail	CA	1
Weill Park	CA	1
Weimar	CA	0
Weinburg Park	CA	1
Weir Lake	CA	2
Weir Trail	CA	1
Weisel	CA	0
Weiser Point	OR	2
Weiss Hill	CA	2
Weisshaar Park	CA	1
Weitchpec	CA	0
Welby	CA	0
Welch Butte	OR	2
Welch Creek Trail	OR	1
Welch Island	OR	2
Welch Park	CA	1
Welch Peaks	WA	2
Welches	OR	0
Welches Pond	OR	2
Welcome	WA	0
Welcome Inn Trailer Court	WA	0
Welcome Lake	WA	2
Welcome Lakes	OR	2
Welcome Lakes Ridge Trail	OR	1
Welcome Lakes Trail	OR	1
Weldon	CA	0
Weldon Peak	CA	2
Weldons	CA	0
Weldons Camp	CA	1
Weldwood Park	OR	1
Welker Peak	WA	2
Well Pond	CA	2
Welland	WA	0
Weller Butte	WA	2
Wellesley Park	CA	1
Wellesley Peak	WA	2
Wellie Peak	WA	2
Wellin Lake	WA	2
Wellington Butte	OR	2
Wellington City Park	OR	1
Wellington Peak	WA	2
Wellman Courtyard	CA	1
Wellmans Cienaga	CA	2
Wellpinit	WA	0
Wellpinit Mountain	WA	2
Wells Cabin Campground	CA	1
Wells Cove	OR	2
Wells Creek Campground	CA	1
Wells Creek Peak	CA	2
Wells Fargo Pavilion	CA	1
Wells Island	OR	2
Wells Mountain	CA	2
Wells Park	CA	1
Wells Peak	CA	2
Wells Place	CA	0
Wellsona	CA	0
Welsh Creek Cove	WA	2
Wemme	OR	0
Wenaha Peak	WA	2
Wenaha-Tucannon Wilderness	WA	1
Wenas	WA	0
Wenas Camp	WA	1
Wenas Mammoth Mountain	WA	2
Wenas State Wildlife Area	WA	1
Wenatchee	WA	0
Wenatchee Confluence State Park	WA	1
Wenatchee Creek Trail	WA	1
Wenatchee Heights	WA	0
Wenatchee Mountain	WA	2
Wenatchee River County Park	WA	1
Wenatchee River County Park Campground	WA	1
Wenberg State Park	WA	1
Wench Creek Campground	CA	1
Wendel	CA	0
Wendell Playground	CA	1
Wendling	OR	0
Wendt Butte	OR	2
Wendy Kroger City Park	OR	1
Wendy Park	CA	1
Wengler	CA	0
Wennerberg Park	OR	1
Wente Park	CA	1
Wentworth Lake	WA	2
Wentworth Springs Campground	CA	1
Wenzel School Park	CA	1
Weott	CA	0
Weowna Beach Park	WA	1
Werner	CA	0
Werner Camp	CA	1
Werry Park	CA	1
Wes Bennett City Park	OR	1
Wesley Junction	WA	0
Wesley Lynn City Park	OR	1
Wesson Ranch Park	CA	1
West Alder Mobile Home Park	WA	0
West Anacapa Island	CA	2
West Anchor Mobile Home Park	WA	0
West Arcadia	CA	0
West Arm	OR	2
West Athens	CA	0
West Bank City Park	OR	1
West Bay	OR	2
West Bay	WA	2
West Beach	CA	1
West Beach	WA	0
West Beach Resort Campground and Recreational Vehicle Park	WA	1
West Bishop	CA	0
West Blackhorse Lake	WA	2
West Blakely	WA	0
West Boulder Lake	CA	2
West Boundary Truck Trail	CA	1
West Branch Camp	CA	1
West Branch Campground	CA	1
West Bridge Park	OR	1
West Butte	CA	0
West Butte	OR	2
West Butte	WA	2
West Butte Creek Trail	WA	1
West Camp	CA	1
West Canyon Rim City Park	OR	1
West Carson	CA	0
West Chain Lake	OR	2
West China Point	CA	2
West Circle	CA	1
West City Creek Truck Trail	CA	1
West Clarkston	WA	0
West Clarkston-Highland	WA	0
West Conical Rock	OR	2
West Cove	CA	2
West Covina	CA	0
West Coyote Hills Tree Park	CA	1
West Craggy	WA	2
West Crockett Camp	CA	1
West Cucamonga Truck Trail	CA	1
West Eagle Horse Camp	OR	1
West Eagle Trail	OR	1
West End	CA	2
West End Beach Park	CA	1
West End Playfield	WA	1
West Fairfield	WA	0
West Field Lake	OR	2
West Fisher Lake	OR	2
West Fork	WA	0
West Fork Camp Picnic Area	CA	1
West Fork Campground	WA	1
West Fork Conservation Camp	CA	1
West Fork Lion Camp	CA	1
West Fork Methow Trail	WA	1
West Fork Trail	CA	1
West Foster Creek State Wildlife Area	WA	1
West Gate Park	CA	1
West Gopher Pond	OR	2
West Haight Mountain	CA	2
West Hanks Lake	OR	2
West Hartley	CA	0
West Haven-Sylvan	OR	0
West Highlands	WA	0
West Hill	OR	2
West Hill Mobile Manor	WA	0
West Hills	OR	2
West Hills Park	CA	1
West Hills Recreation Center	CA	1
West Hillsdale Park	CA	1
West Hollywood Park	CA	1
West Horsethief Trail	CA	1
West Hurlburt Camp	OR	1
West Imperial	CA	0
West Island	CA	2
West Jackson Park	CA	1
West Kaiser Campground	CA	1
West Keg Springs Waterhole	OR	2
West Kelso	WA	0
West Kennedy Lake	CA	2
West Kern	CA	0
West La Verne Park	OR	1
West Lake	CA	2
West Lake	OR	2
West Lake Padden Park	WA	1
West Lake Sammamish	WA	0
West Lake Stevens	WA	0
West Lakes	CA	2
West Linn	OR	0
West Longview	WA	0
West Main Park	CA	1
West Manor Park	CA	1
West Manteca	CA	0
West March	CA	0
West Marin Island	CA	2
West Medical Lake	WA	2
West Menlo Park	CA	0
West Mesa	CA	2
West Miner Street-Third Street Historic District	CA	1
West Mobile Park	WA	0
West Modesto	CA	0
West Mountain	OR	2
West Myrtle Butte	OR	2
West Newport Park	CA	1
West Ord Mountain	CA	2
West Oval Lake	WA	2
West Park	CA	0
West Park	WA	0
West Park Lakes	CA	2
West Park Playground	CA	1
West Pasco	WA	0
West Pass Creek Way	OR	1
West Peak	CA	2
West Peak	WA	2
West Pinhead Butte	OR	2
West Pioneer	WA	0
West Point	CA	0
West Point	OR	2
West Point	WA	2
West Point Hill	OR	2
West Point State Historic Landmark	CA	1
West Point Trail	CA	1
West Port Madison	WA	0
West Portal Playground	CA	1
West Portland	OR	0
West Portland Park	OR	0
West Portland Park Natural Area	OR	1
West Powellhurst City Park	OR	1
West Prospect Peak	CA	2
West Puente Valley	CA	0
West Rancho Dominguez	CA	0
West Renzuilli Park	CA	1
West Richland	WA	0
West Ridge Camp	OR	1
West Ridge Trail	CA	1
West Ridge Trail Camp	CA	1
West Riverside Memorial Park	CA	1
West Rock	WA	2
West Rocky Prairie State Wildlife Area	WA	1
West Sacramento	CA	0
West Saint Helens	OR	0
West Salem City Park	OR	1
West Sand Creek Trail	WA	1
West Saticoy	CA	0
West Scio	OR	0
West Seattle Recreation Center	WA	1
West Shore	WA	0
West Shore Bike Trail	CA	1
West Side	OR	0
West Side Borax Camp	CA	1
West Side Highway	WA	0
West Side Park	CA	1
West Side Park	WA	1
West Ski Island	CA	2
West Slope Park	OR	1
West Sound	WA	0
West Stayton	OR	0
West Sunset Playground	CA	1
West Sylvan Park	OR	1
West Texas Street Park	CA	1
West Tiger Mountain	WA	2
West Tiger Mountain Natural Resource Conservation Area	WA	1
West Tritt Lake	WA	2
West Twin Butte	WA	2
West Union	OR	0
West Union Estates Park	OR	1
West University City Park	OR	1
West Valley	WA	0
West Valley Park	CA	1
West Venida	CA	0
West Village	CA	0
West Waddell Creek State Wilderness	CA	1
West Warden	WA	0
West Weed Lake Butte Waterhole	OR	2
West Wenatchee	WA	0
West Wenatchee Trail	WA	1
West Whittier-Los Nietos	CA	0
West Wilshire Playground	CA	1
West Wilshire Recreation Center	CA	1
West Woodburn	OR	0
West Zigzag Lookout	OR	2
West Zigzag Mountain Trail	OR	1
Westbluff Park	CA	1
Westborough	CA	0
Westborough Park	CA	1
Westbrae	CA	0
Westburg Mobile Park	WA	0
Westchester Playground	CA	1
Westcliff Park	CA	1
Westcott Bay	WA	2
Westcrest Park	WA	1
Westend	CA	0
Wester Butte	OR	2
Wester Park	CA	1
Western Camp	CA	1
Western Camp	OR	1
Western Fork San Dimas Truck Trail	CA	1
Western Gateway Regional Park	CA	1
Western Hills Park	CA	1
Western Junction	WA	0
Western Rim National Recreation Trail	OR	1
Western Village Mobile Estates	WA	0
Western Water Country Camp	CA	1
Westfall	OR	0
Westfall Butte	OR	2
Westfield	CA	0
Westfield Park	CA	1
Westfield Pit	OR	2
Westfir	OR	0
Westgate Park	CA	1
Westgrove Park	CA	1
Westhaven	CA	0
Westhaven	WA	0
Westhaven Cove	WA	2
Westhaven Park	CA	1
Westhaven State Park	WA	1
Westhaven-Moonstone	CA	0
Westholm Park	OR	1
Westlake Butte	CA	2
Westlake City Park	OR	1
Westlake County Park	OR	1
Westlake Island	OR	2
Westlake Park	CA	1
Westlake Village	CA	0
Westley	CA	0
Westlund Place	CA	0
Westminster	CA	0
Westminster Park	CA	1
Westmont	CA	0
Westmont Park	CA	1
Westmoor Park	CA	1
Westmoreland City Park	OR	1
Westmorland	CA	0
Westmorland City Park	CA	1
Weston	OR	0
Weston Beach	CA	1
Weston Lake	OR	2
Weston Mountain	OR	2
Weston Park	CA	1
Weston Pond	OR	2
Westpark	CA	1
Westport	CA	0
Westport	OR	0
Westport	WA	0
Westport Beach	OR	1
Westport Boat Ramp	OR	1
Westport Light State Park	WA	1
Westport-Union Landing State Beach	CA	1
Westridge	CA	0
Westridge City Park	OR	1
Westridge Estates Mobile Home Park	WA	0
Westridge Park	CA	1
Wests Butte	OR	2
Westside	CA	0
Westside Campground	CA	1
Westside Los Angeles	CA	2
Westside Mountain Park	CA	1
Westside Park	CA	1
Westside Park	WA	1
Westside Regional Park	CA	1
Westvale Park	CA	1
Westvale Park	OR	1
Westview Estates Mobile Home Park	WA	0
Westview Park	CA	1
Westville	CA	0
Westward Mobile Park	WA	0
Westwood	CA	0
Westwood	WA	0
Westwood Acres Park	CA	1
Westwood Hills Park	CA	1
Westwood Junction	CA	0
Westwood Park	CA	1
Westwood Park	WA	1
Westwood Village	OR	0
Wet Meadow Hill	CA	2
Wet Weather Lake	CA	2
Wet Weather Pond	CA	2
Weyland Camp	CA	1
Whale Cove	OR	2
Whale Head	OR	2
Whale Island	CA	2
Whale Lake	WA	2
Whale Mountain	CA	2
Whale Peak	CA	2
Whale Rock	CA	2
Whale Rocks	WA	2
Whale View Point	CA	2
Whale Watching Center	OR	1
Whaleback	OR	2
Whaleback Mountain	CA	2
Whaleback Park	CA	1
Whaleboat Rock	CA	2
Whalehead	OR	2
Whalehead Island	OR	2
Whalen Island	OR	2
Whalen Island County Park	OR	1
Whaler Island	CA	2
Whalers Cove	CA	2
Whalers Cove	WA	2
Whalers Island	CA	2
Whalers Knoll	CA	2
Whalers Knoll Trail	CA	1
Whaley Park	CA	1
Wharf Rock	CA	2
Whatcom Falls Park	WA	1
Whatcom Peak	WA	2
Wheat Camp	CA	1
Wheat Peak	CA	2
Wheatland	CA	0
Wheatland	OR	0
Wheaton Lake	WA	2
Wheaton Springs	CA	0
Wheatons	CA	0
Wheats Cow Camp	CA	1
Wheel Estates Mobile Home Park	WA	0
Wheel Mountain	CA	2
Wheeler	CA	0
Wheeler	OR	0
Wheeler	WA	0
Wheeler Camp	CA	1
Wheeler Corner	WA	0
Wheeler Court House Park	OR	1
Wheeler Creek Natural Research Area	OR	1
Wheeler Gorge Campground	CA	1
Wheeler Heights	OR	0
Wheeler Hill	WA	2
Wheeler Hills	WA	2
Wheeler Island	CA	2
Wheeler Lake	CA	2
Wheeler Lake	WA	2
Wheeler Mountain	WA	2
Wheeler Park	CA	1
Wheeler Peak	CA	2
Wheeler Point	CA	2
Wheeler Point	OR	2
Wheeler Ridge	CA	0
Wheeler Sheep Campground	CA	1
Wheeler Springs	CA	0
Wheeler Upper Park	OR	1
Wheelers Sheep Camp	CA	1
Wheelhouse Pond	WA	2
Whelan	WA	0
Wherry Housing	CA	0
Whetstone	WA	0
Whetstone Butte	OR	2
Whetstone Mountain	OR	2
Whetstone Point	OR	2
Whetstone Pond	OR	2
Whetstone Trail	OR	1
Whidbey Island	WA	2
Whig Lake	OR	2
Whipple Bay	CA	2
Whipple Creek Park	WA	1
Whipple Mountains Wilderness	CA	1
Whipple Point	CA	2
Whiskers Campground	CA	1
Whiskers Peak	OR	2
Whiskey Bend	WA	0
Whiskey Creek Campground	OR	1
Whiskey Dick Mountain	WA	2
Whiskey Dick State Wildlife Area	WA	1
Whiskey Falls Campground	CA	1
Whiskey Hill	CA	2
Whiskey Lake	OR	2
Whiskey Mountain	OR	2
Whiskey Rock	OR	2
Whiskey Run Beach	OR	1
Whiskey Springs	CA	0
Whiskeytown	CA	0
Whiskeytown National Recreation Area	CA	1
Whisky Bill Peak	CA	2
Whisky Butte	CA	2
Whisky Butte	OR	2
Whisky Camp	CA	1
Whisky Camp	OR	1
Whisky Creek Camp	CA	1
Whisky Falls	CA	0
Whisky Hill	CA	2
Whisky Hill	OR	2
Whisky Lake	CA	2
Whisky Mountain	WA	2
Whisky Peak	OR	2
Whisky Run Beach	OR	1
Whisky Spring Trail	OR	1
Whisman School Park	CA	1
Whispering Firs Mobile Park	WA	0
Whispering Pine Horse Camp	OR	1
Whispering Pines	CA	0
Whispering Woods	OR	1
Whistle Lake	WA	2
Whistle Point	OR	2
Whistler Bend County Park	OR	1
Whistler Lake	WA	2
Whistler Mountain	WA	2
Whistler Point	OR	2
Whistler Point Area Campground	CA	1
Whitaker	OR	0
Whitaker Lake	OR	2
Whitaker Peak	CA	2
Whitaker Ponds Natural Area	OR	1
Whitcomb	WA	0
Whitcomb Cabin	WA	1
Whitcomb Creek County Park	OR	1
Whitcomb Flats Natural Area Preserve	WA	1
Whitcomb Island	OR	2
Whitcomb Island	WA	2
White	WA	0
White Azalea Campground	CA	1
White Beach	WA	1
White Beach Bay	WA	2
White Bear Lake	CA	2
White Bluff	WA	2
White Bluffs	WA	0
White Branch Youth Camp	OR	1
White Bull Mountain	OR	2
White Butte	OR	2
White Cap	CA	2
White Center	WA	0
White Chief Lake	CA	2
White Chief Mountain	CA	2
White Chief Peak	CA	2
White Chuck Campground	WA	1
White Chuck Cinder Cone	WA	2
White Chuck Lakes	WA	2
White Chuck Mountain	WA	2
White City	OR	0
White Cliff	WA	2
White Cliffs	WA	2
White Cloud Campground	CA	1
White Cloud Mountain	CA	2
White Cove	CA	2
White Deer Camp	WA	1
White Deer Lake	CA	2
White Dome	CA	2
White Fang	CA	2
White Field Park	CA	1
White Fir Forest Camp	OR	1
White Fox Park	OR	1
White Gate Trail	CA	1
White Goat Mountain	WA	2
White Hall	CA	0
White Heather	CA	0
White Hill	CA	2
White Horse	CA	0
White Horse	WA	0
White Horse Campground	CA	1
White Horse Mountain	CA	2
White Island State Wildlife Area	WA	1
White Lake	CA	2
White Lake	OR	2
White Lake	WA	2
White Lakes	WA	2
White Ledge Campground	CA	1
White Ledge Peak	CA	2
White Memorial Plaza	CA	1
White Mountain	CA	2
White Mountain	OR	2
White Mountain	WA	2
White Mountain Peak	CA	2
White Mountain Trail	CA	1
White Mountain Trail (historical)	CA	1
White Mountain Trail (historical)	WA	1
White Mountains Wilderness	CA	1
White Mud Lake	WA	2
White Oak Estates	CA	0
White Oak Point	CA	2
White Oaks Camp	CA	1
White Oaks Campground	CA	1
White Oaks Park	CA	1
White Park	CA	1
White Park	WA	1
White Pass Campground	WA	1
White Pine Buttes	WA	2
White Pine Campground	WA	1
White Pine Knob	OR	2
White Pine Lake	OR	2
White Pine Marsh	OR	2
White Pines	CA	0
White Pines Park	CA	1
White Point	CA	2
White Point	OR	2
White Point	WA	2
White Point Beach	CA	1
White Point Park	CA	1
White River	CA	0
White River Campground	CA	1
White River Campground	WA	1
White River Estate Mobile Home Park	WA	0
White River Falls Campground	WA	1
White River Falls State Park	OR	1
White River Park Campground	OR	1
White River State Wildlife Area	WA	1
White River Summer Home Tract	CA	0
White Rock	CA	0
White Rock	OR	2
White Rock	WA	2
White Rock Campground	CA	1
White Rock Lakes	WA	2
White Rock Mountain	CA	2
White Rock Mountain	OR	2
White Rock Trail	OR	1
White Rocks	CA	2
White Salmon	WA	0
White Salmon Oak Natural Resources Conservation Area	WA	1
White Salmon Treaty Fishing Access Site	WA	1
White Slide	CA	2
White Spot	CA	0
White Star	WA	2
White Swan	WA	0
White Tank Campground	CA	1
White Top Mountain	CA	2
White Valley Campground	CA	1
White Water	CA	0
White Wing Camp	CA	1
White Wing Mountain	CA	2
White Wolf	CA	0
White Wolf Sanctuary	OR	1
Whiteacre Peak	CA	2
Whiteacre Peak Trail (historical)	CA	1
Whitecap Knoll	OR	2
Whitecliff Lake	CA	2
Whitecliff Peak	CA	2
Whiteface Peak	OR	2
Whitefish Horse Camp	OR	1
Whitehawk	CA	0
Whitehorse Bluff	OR	2
Whitehorse Butte	OR	2
Whitehorse County Park	OR	1
Whitehorse Mountain	OR	2
Whitehorse Mountain	WA	2
Whitehorse Pond	OR	2
Whitehouse Camp	CA	1
Whitely Landing County Park	OR	1
Whiteman Cove	WA	2
Whitendale Park	CA	1
Whiterock Bluff	CA	2
Whiterock Park	CA	1
Whites Creek Lake	CA	2
Whites Island	WA	2
Whites Lagoon	CA	2
Whitesboro	CA	0
Whitesboro Cove	CA	2
Whitesell Park	OR	1
Whiteson	OR	0
Whitestone Mountain	WA	2
Whitetail Butte	OR	2
Whitetail Butte	WA	2
Whitethorn	CA	0
Whitewater Adobe Park	CA	1
Whitewater Campground (historical)	OR	1
Whitewater Cove	CA	2
Whitewater Forest Camp	OR	1
Whitewater Hill	CA	2
Whitewater Lake	OR	2
Whitewater Park	CA	1
Whitewater Preserve	CA	1
Whiteys Peak	CA	2
Whitford	OR	0
Whiting Ranch Wilderness Park	CA	1
Whitinger Mountain	CA	2
Whitley Gardens	CA	0
Whitley Heights Historic District	CA	1
Whitley Manor Mobile Home Park	CA	0
Whitleys Peak	CA	2
Whitlock Butte	CA	2
Whitlock Campground	CA	1
Whitlock Place	CA	0
Whitlow	CA	0
Whitlow	WA	0
Whitman	WA	0
Whitman County Nature Trail	WA	1
Whitman Crest	WA	2
Whitman Memorial	WA	1
Whitman Mission National Historic Site	WA	1
Whitmarsh Junction	WA	0
Whitmore	CA	0
Whitmore Hot Springs	CA	0
Whitmore Mountain	WA	2
Whitmore Park	CA	1
Whitnall Highway Park	CA	1
Whitney	CA	0
Whitney	WA	0
Whitney Butte	CA	2
Whitney Butte Trail	CA	1
Whitney Park	WA	1
Whitney Point	WA	2
Whitney Portal	CA	0
Whitney Portal Campground	CA	1
Whitney Portal Group Campground	CA	1
Whitstran	WA	0
Whitstran State Wildlife Area	WA	1
Whittaker Creek Recreation Site	OR	1
Whittaker Lake	WA	2
Whittier	CA	0
Whittier	WA	0
Whittier Lake	OR	2
Whittier Narrows Dam County Recreational Are	CA	1
Whittier Narrows Nature Center	CA	1
Whittier Park	CA	1
Whittier Peak	WA	2
Whittier Playground	WA	1
Whittington Butte	CA	2
Whittington Place	CA	0
Whittles Upper Camp	CA	1
Whitworth Sports Complex	OR	1
Who Who Lake	CA	2
Whoorey Mountain	OR	2
Whorl Mountain	CA	2
Whychus Creek National Wild and Scenic River	OR	1
Whychus Creek Rim	OR	2
Whyte Park Rest Area	OR	1
Wiard Park	OR	1
Wickersham	WA	0
Wickersham Park	CA	1
Wickiup Butte	OR	2
Wickiup Campground	CA	1
Wickiup Campground	WA	1
Wickiup Lake	OR	2
Wickiup Mountain	OR	2
Wickiup Plain Trail	OR	1
Wickiup Trail	OR	1
Wicks Corner	CA	0
Wicks Lake	CA	2
Wicks Lake	WA	2
Widdows Island	CA	2
Widgeon Lake	OR	2
Widgeon Lake	WA	2
Widgi Creek Golf Club	OR	1
Widow Lake	CA	2
Widow Mountain	CA	2
Wiedeman City Park	OR	1
Wiedemann Hill	CA	2
Wieder Park	CA	1
Wiest	CA	0
Wiest Lake	CA	2
Wigdon Place	CA	0
Wiggins Head	WA	2
Wiggins Hill	CA	2
Wigtop Butte	OR	2
Wikiup	CA	0
Wilacre Park	CA	1
Wilark County Park	OR	1
Wilbur	OR	0
Wilbur	WA	0
Wilbur May Lake	CA	2
Wilbur Mountain	OR	2
Wilbur Playground	CA	1
Wilbur Springs	CA	0
Wilbur Tampa Park	CA	1
Wilcox	WA	0
Wilcox Lakes	WA	2
Wilcox Mountain	WA	2
Wilcox Park	CA	1
Wilcox Peak	CA	2
Wilcox Peak	OR	2
Wilcox Trail	CA	1
Wild Ace Lake	OR	2
Wild Bill Place	CA	0
Wild Billy Lake	OR	2
Wild Cattle Mountain	CA	2
Wild Cow Mountain	CA	2
Wild Crossing	CA	0
Wild Fawn Park	OR	1
Wild Hog Hill	CA	2
Wild Horse	OR	2
Wild Horse Butte	OR	2
Wild Horse Cow Camp	CA	1
Wild Horse Hill	WA	2
Wild Horse Lake	CA	2
Wild Horse Mesa	CA	2
Wild Horse Mountain	CA	2
Wild Horse Peak	CA	2
Wild Horse Peak	WA	2
Wild Lake	CA	2
Wild Mare Horse Camp	OR	1
Wild Oat Peak	CA	2
Wild Plum Campground	CA	1
Wild Pond	OR	2
Wild Rogue Wilderness	OR	1
Wild Rose Camp	OR	1
Wild Rose Campground	WA	1
Wild Rose Point	OR	2
Wild Sky Wilderness	WA	1
Wild Yankee Hill	CA	2
Wildberry Lake	WA	2
Wildcat Beach	CA	1
Wildcat Butte	CA	2
Wildcat Camp	CA	1
Wildcat Camp	OR	1
Wildcat Campground	OR	1
Wildcat Canyon Regional Park	CA	1
Wildcat City Park	OR	1
Wildcat Cove	WA	2
Wildcat Lake	CA	2
Wildcat Lake	WA	0
Wildcat Mountain	CA	2
Wildcat Mountain	OR	2
Wildcat Mountain	WA	2
Wildcat Peak	CA	2
Wildcat Point	CA	2
Wildcat Point	OR	2
Wildcat Pond	WA	2
Wildcat Post Piles	WA	2
Wildcat Swamp	OR	2
Wildcat Trail	CA	1
Wildcat Trail	OR	1
Wildcat Trail	WA	1
Wildcat Waterhole	OR	2
Wilder Annex Point Fermin Park	CA	1
Wilder Beach	CA	1
Wilder Beach Natural Preserve	CA	1
Wilder Dairy Cultural Preserve	CA	1
Wilder Place	CA	0
Wilder Ranch State Park	CA	1
Wilderness	WA	0
Wilderness Basin Park	CA	1
Wilderness Gardens Park	CA	1
Wilderness Glen Park	CA	1
Wilderness Lake	WA	2
Wilderness Park	CA	1
Wilderness Park	OR	1
Wilderness Pines Campground	CA	1
Wilderness Rim	WA	0
Wilderness Village	WA	0
Wilderville	OR	0
Wildflower	CA	0
Wildflower Playfield	CA	1
Wildhorse Camp	WA	1
Wildhorse Canyon	CA	0
Wildhorse Lake	OR	2
Wildhorse Mini-Park	OR	1
Wildhorse Mountain	OR	2
Wildhorse Peak	CA	2
Wildmere Park	CA	1
Wildomar	CA	0
Wildomar Campground	CA	1
Wildomar Truck Trail	CA	1
Wildrose Peak	CA	2
Wildwood	CA	0
Wildwood	OR	0
Wildwood	WA	0
Wildwood Canyon Park	CA	1
Wildwood Falls County Park	OR	1
Wildwood Lake	WA	2
Wildwood Mini-Park	OR	1
Wildwood Mobile Home Estates	WA	0
Wildwood Park	CA	1
Wildwood Park	OR	1
Wildwood Park	WA	1
Wildwood Regional Park	CA	1
Wiley Camp	OR	1
Wiley City	WA	0
Wiley Creek Camp	WA	1
Wiley Lake	WA	2
Wiley Well Campground	CA	1
Wileys Well Rest Area	CA	1
Wilfred	CA	0
Wilhoit	OR	0
Wilhoit Springs County Park	OR	1
Wilkerson	CA	0
Wilkes City Park	OR	1
Wilkesboro	OR	0
Wilkeson	WA	0
Wilkinson	CA	0
Will Risk Memorial Park	WA	1
Will Rogers Memorial Park	CA	1
Will Rogers State Beach	CA	1
Will Rogers State Historic Park	CA	1
Will Thrall Peak	CA	2
Willa	WA	0
Willaby Creek Forest Camp	WA	1
Willaim Cann Memorial Park	CA	1
Willamalane Park	OR	1
Willame Lake	WA	2
Willame Trail	WA	1
Willamette	OR	0
Willamette City	OR	0
Willamette City Park	OR	1
Willamette Cove	OR	1
Willamette Divide Trail	OR	1
Willamette Heights Park	OR	1
Willamette Log Pond	OR	2
Willamette Memorial Park	OR	1
Willamette Mission State Park	OR	1
Willamette Park	OR	1
Willamette Park & Boat Ramp	OR	1
Willamette Stone State Park	OR	1
Willamina	OR	0
Willanch Inlet	OR	2
Willapa	WA	0
Willapa Bay	WA	2
Willapa Bayview Estates Mobile Home Park	WA	0
Willapa Camp	WA	1
Willapa Divide Natural Area Preserve	WA	1
Willapa National Wildlife Refuge	WA	1
Willard	WA	0
Willard National Fish Hatchery	WA	1
Willard Park	CA	1
Willard Park Path	OR	1
Willard Spring	WA	2
Willards Camp	CA	1
Willards Pool	OR	2
Willaura Estates	CA	0
Willey Lake	WA	2
William A Smith Park	CA	1
William B Layton Park	CA	1
William B. Ide Adobe State Historic Park	CA	1
William Crawford Senior Park	CA	1
William Green Park	CA	1
William Keating Park	CA	1
William Kent Guard Station and Camp	CA	1
William L Finley National Wildlife Refuge	OR	1
William Land Park	CA	1
William M Tugman State Park	OR	1
William Meyer Park	CA	1
William Mulholland Memorial	CA	1
William O Douglas Wilderness	WA	1
William P. Keady State Wayside	OR	1
William Payne Sports Park	CA	1
William Peak Park	CA	1
William Penn Park	CA	1
William Penn Park	WA	1
William Point	WA	2
William R Bradley Park	CA	1
William R Mason Regional Park	CA	1
William Randolph Hearst Memorial Beach (historical)	CA	1
William Rust Summit	CA	2
William S Fort Memorial Park	OR	1
William S Hart Park	CA	1
William V Owens Sports Complex	OR	1
William W Eldridge Park	CA	1
Williams	CA	0
Williams	OR	0
Williams Brotherhood Park	CA	1
Williams Butte	CA	2
Williams Butte	OR	2
Williams Butte	WA	2
Williams Camp	CA	1
Williams Charco	OR	2
Williams Crater	OR	2
Williams Creek Trail	OR	1
Williams Grove Trail	CA	1
Williams Hill	CA	2
Williams Historical Park	CA	1
Williams Hole	WA	2
Williams Island	WA	2
Williams Lake	OR	2
Williams Lake	WA	2
Williams Mall	CA	1
Williams Mountain	CA	2
Williams Peak	CA	2
Williams Point	CA	2
Williams Pond Recreation Area	CA	1
Williams Recreation Site	WA	1
Williamson Mountain	OR	2
Williamson Ranch Park	CA	1
Williamson River Access Park	OR	1
Williamson Rocks	WA	2
Willie Henderson Sports Complex	CA	1
Willie Hoaglin Place	CA	0
Willie Keils Grave State Park	WA	1
Willie Mays Plaza	CA	1
Willis City Park	OR	1
Willis Hole	CA	2
Willis Palms	CA	0
Willis Palms and West Mesa Trail	CA	1
Willis Park	OR	1
Willis Wall	WA	2
Willits	CA	0
Willits City Park	CA	1
Willits Rodeo Grounds	CA	1
Willo Vista Mobile Estates	WA	0
Willota	CA	0
Willoughby Creek Campground	WA	1
Willoughby Lake	WA	2
Willoughby Rock	WA	2
Willow Bar Islands	OR	2
Willow Bay	WA	2
Willow Brook	CA	0
Willow Butte	OR	2
Willow Campground	CA	1
Willow Campground	OR	1
Willow Corner City Park	OR	1
Willow Cove	CA	2
Willow Creek	CA	0
Willow Creek	OR	2
Willow Creek Arm	CA	2
Willow Creek Butte	OR	2
Willow Creek Camp	CA	1
Willow Creek Campground	CA	1
Willow Creek Environmental Campground	CA	1
Willow Creek Hills	OR	2
Willow Creek Jeep Trail	CA	1
Willow Creek Lake	OR	2
Willow Creek Mini Park	CA	1
Willow Creek Mountain	CA	2
Willow Creek Mountain Trail	CA	1
Willow Creek Nature Park	OR	1
Willow Creek Park	OR	1
Willow Creek Peak	CA	2
Willow Creek Recreation Area	CA	1
Willow Creek Trail	CA	1
Willow Creek-Hoopa Valley	CA	0
Willow Creek/Landove City Park	OR	1
Willow Glen Park	CA	1
Willow Glenn Mobile Home Park	CA	0
Willow Hole	OR	2
Willow Island	CA	2
Willow Island	OR	2
Willow Island	WA	2
Willow Lake	CA	2
Willow Lake	OR	2
Willow Lake	WA	2
Willow Lake County Park	OR	1
Willow Loop Campground	CA	1
Willow Meadows Campground	CA	1
Willow Oaks Park	CA	1
Willow Park	CA	1
Willow Park	OR	1
Willow Pass Community Park	CA	1
Willow Peak	CA	2
Willow Place Mobile Home Park	WA	0
Willow Point	CA	0
Willow Point	OR	2
Willow Point	WA	2
Willow Point County Campground	OR	1
Willow Ranch	CA	0
Willow Rancho Park	CA	1
Willow Spring Campground	CA	1
Willow Spring Trail	CA	1
Willow Springs	CA	0
Willow Springs Butte	CA	2
Willow Springs Camp	OR	1
Willow Springs Park	CA	1
Willow Trail	CA	1
Willow Valley	CA	0
Willow Valley Campground	OR	1
Willowbrook	CA	0
Willowbrook Park	CA	1
Willowcreek	OR	0
Willowdale	OR	0
Willowglen Park	CA	1
Willowood Park	CA	1
Willows	CA	0
Willows	WA	0
Willows Anchorage	CA	2
Willows Campground	WA	1
Willows Creek Neighborhood Park	WA	1
Willows Park	CA	1
Wills Lake	WA	2
Willson Peak	CA	2
Willy Dick Crossing	WA	0
Willy Rock	OR	2
Wilma Avenue Park	CA	1
Wilma Lake	CA	2
Wilmans Peaks	WA	2
Wilmington Recreation Center	CA	1
Wilmington Town Square Park	CA	1
Wilmont Bay	WA	2
Wilsada Park	OR	1
Wilseyville	CA	0
Wilshire City Park	OR	1
Wilshire Peak	CA	2
Wilshire Peak Trail	CA	1
Wilsie	CA	0
Wilson	CA	0
Wilson	WA	0
Wilson Beach	OR	1
Wilson Butte	CA	2
Wilson Butte	OR	2
Wilson Butte	WA	2
Wilson Corner	CA	0
Wilson Cove	CA	2
Wilson Cove Trail	OR	1
Wilson Creek	WA	0
Wilson Creek Beach	CA	1
Wilson Creek Driveway	OR	1
Wilson Creek Park	OR	1
Wilson Field	CA	1
Wilson Grove	CA	0
Wilson Headwall	WA	2
Wilson Island	CA	2
Wilson Lake	CA	2
Wilson Lake	OR	2
Wilson Lake	WA	2
Wilson Mini Park	CA	1
Wilson Mountain	WA	2
Wilson Park	CA	1
Wilson Park	OR	1
Wilson Place	CA	0
Wilson Point	CA	2
Wilson Point	OR	2
Wilson Point	WA	2
Wilson River Highway Forest State Park	OR	1
Wilson River Picnic Ground (historical)	OR	1
Wilson Rock	CA	2
Wilson Street Park	CA	1
Wilsona Gardens	CA	0
Wilsonia	CA	0
Wilsonville	OR	0
Wilton	CA	0
Wilton Historic District	CA	1
Wilámxa Tip	OR	2
Wimbleton Park	CA	1
Wimer	OR	0
Wimp	CA	0
Winans Park	OR	1
Winberry	OR	0
Winberry Mountain	OR	2
Winburn Camp	OR	1
Winburn Mountain	OR	2
Winchell Bay	CA	2
Winchell Cove Campground	CA	1
Winchester	CA	0
Winchester	OR	0
Winchester	WA	0
Winchester Baldy	OR	2
Winchester Bay	OR	0
Winchester Lake	CA	2
Winchester Lake	OR	2
Winchester Mountain	WA	2
Winchester Peak	WA	2
Winchester Point	OR	2
Winchester Reservoir State Wildlife Area	WA	1
Winchester Swamp	WA	2
Winchester Trail	OR	1
Winchester Village Mobile Home Park	WA	0
Winchuck State Park	OR	1
Wind Creek Peak	OR	2
Wind Creek Trail	OR	1
Wind Lake	OR	2
Wind Mountain	WA	2
Wind River Arboretum	WA	1
Wind River Natural Area	WA	1
Wind River Treaty Fishing Access Site	WA	1
Wind Tree	OR	0
Windansea Beach	CA	1
Windemere Park	CA	1
Windermere Park	CA	1
Windermere Park	WA	1
Windermere Point	CA	2
Windfall Adverse	OR	1
Windfall Lake	OR	2
Windfall Peak	WA	2
Windigo Butte	OR	2
Windigo Lakes	OR	2
Windigo Way	OR	1
Windmill City Park	OR	1
Windmill Cove	CA	2
Windmill Lake	WA	2
Windmill Mobile Home Courts	WA	0
Windmill Point	CA	2
Windmill Point	OR	2
Windmill Point	WA	2
Windmill Pond	OR	2
Windmill Pond	WA	2
Windmill Ranch State Wildlife Area	WA	1
Windmill Tree Peak	CA	2
Windmiller Trail	CA	1
Windon Lake	WA	2
Window Cliffs	CA	2
Window Peak	CA	2
Window Peak Lake	CA	2
Window-to-the-Sea Park	CA	1
Windrow Community Park	CA	1
Windrows Park	CA	1
Windsor	CA	0
Windsor Hill	WA	2
Windsor Hills Park	WA	1
Windsor Island	OR	2
Windsor Park	CA	1
Windstorm City Park	OR	1
Windust	WA	0
Windy Arm	WA	0
Windy Bluff	WA	2
Windy Camp	CA	1
Windy Camp	OR	1
Windy Camp	WA	1
Windy Camp Lookout	OR	1
Windy Cliffs	CA	2
Windy Cove County Park	OR	1
Windy Creek County Wayside	OR	1
Windy Group Camp	OR	1
Windy Hill	CA	2
Windy Hill Open Space	CA	1
Windy Hill Park	OR	1
Windy Knob	WA	2
Windy Lake	CA	2
Windy Lake	WA	2
Windy Lakes	OR	2
Windy Lakes Trail	OR	1
Windy Mountain	CA	2
Windy Mountain	OR	2
Windy Mountain	WA	2
Windy Pass Way	OR	1
Windy Peak	CA	2
Windy Peak	OR	2
Windy Peak	WA	2
Windy Point	CA	2
Windy Point	OR	2
Windy Point	WA	2
Windy Point Boat Launch Campground	CA	1
Windy Point Campground	WA	1
Windy Point Cliffs	CA	2
Windy Trail	WA	1
Wineburger Camp	OR	1
Winegar Park	OR	1
Wineglass	OR	2
Wineland	CA	0
Wineland Lake	OR	2
Winema Lake	OR	2
Winesap	WA	0
Winfrey Campgrounds	CA	1
Wing Butte	OR	2
Wing Lake	WA	2
Wing Point	WA	2
Wingate Hill	WA	2
Wingate Park	CA	1
Wingo	CA	0
Wingville	OR	0
Winkle Butte	OR	2
Winkle Lake	OR	2
Winlock	WA	0
Winn Lake	WA	2
Winn Lakes	WA	2
Winn Park	CA	1
Winnemucca Lake	CA	2
Winnetka Recreation Center	CA	1
Winnibulli Mountain	CA	2
Winnies Slide	WA	2
Winom Butte	OR	2
Winona	WA	0
Winopee Lake	OR	2
Winopee Lake Trail	OR	1
Winslow Cove	CA	2
Winslow Lake	WA	2
Winsor Park	OR	1
Winston	OR	0
Winston	WA	0
Winston Creek Campground	WA	1
Winston Dillard County Park	OR	1
Winston Manor Park	CA	1
Winston Peak	CA	2
Winter Butte	OR	2
Winter Camp	OR	1
Winter Creek Trail	CA	1
Winter Gardens	CA	0
Winter Harbor Cove	CA	2
Winter Island	CA	2
Winter Knight Camp	OR	1
Winter Lake	WA	2
Winterhaven	CA	0
Winterhaven-Bard	CA	0
Wintermutes Corner	WA	0
Winters	CA	0
Winters Lake	WA	2
Winters Mobile Home Park	CA	0
Winters Mountain	WA	2
Winters Peak	CA	2
Winterstein Park	CA	1
Winterville	OR	0
Winterwarm	CA	0
Winterwood Lane Park	CA	1
Winthrop	WA	0
Winthrop National Fish Hatchery	WA	1
Wintler Park	WA	1
Winton	CA	0
Winton	WA	0
Winton Community Park	CA	1
Winton Park	CA	1
Wintoon Campground	CA	1
Wipeout Beach	CA	1
Wire Lakes	CA	2
Wire Mountain	CA	2
Wirkkala Ponds	WA	2
Wirth Lake	OR	2
Wisconsin Truck Trail	WA	1
Wisecarver Truck Trail	CA	1
Wiseman Island	OR	2
Wiseman Island	WA	2
Wiser Lake	WA	2
Wish Poosh Campground	WA	1
Wishbone Lake	CA	2
Wishkah	WA	0
Wishon Cove	CA	2
Wishon Point Campground	CA	1
Wishram	WA	0
Wishram Heights	WA	0
Wishram Lake	WA	2
Wister	CA	0
Wister Waterfowl Management Area	CA	1
Witch Creek Mountain	CA	2
Witch Hazel	OR	0
Witches Broom Trail	CA	1
Witham Hill	OR	2
Withrow	WA	0
Wits End	OR	2
Witt Butte	OR	2
Wixon Park	WA	1
Wizard Island	OR	2
Wizzard Lake	OR	2
Woahink Lake	OR	2
Wobbly Lake	WA	2
Wocus Bay	OR	2
Wocus Bay Boat Launch	OR	1
Wocus Butte	OR	2
Wocus Marsh	OR	2
Woelfel Lake	WA	2
Wofford Heights	CA	0
Wofford Heights Park	CA	1
Wolf	CA	0
Wolf Bar Campsite	WA	1
Wolf Bay	WA	2
Wolf Butte	OR	2
Wolf Camp Butte	OR	2
Wolf Creek	OR	0
Wolf Creek Campground	CA	1
Wolf Creek County Park	OR	1
Wolf Creek Inn State Park	OR	1
Wolf Creek Lake	CA	2
Wolf Hill	CA	2
Wolf Lake	CA	2
Wolf Lake	OR	2
Wolf Lake	WA	2
Wolf Mountain	CA	2
Wolf Mountain	OR	2
Wolf Mountain Trail	OR	1
Wolf Peak	OR	2
Wolf Point	OR	2
Wolf Point	WA	2
Wolf Ridge Trail	CA	1
Wolf Spring Trail	OR	1
Wolfinger Butte	OR	2
Wolframite Mountain	WA	2
Wolfred	WA	0
Wolfson Park	CA	1
Wollochet	WA	0
Wollochet Bay	WA	2
Wolter Lake	OR	2
Wolverine Lake	CA	2
Womack Park	CA	1
Womens Improvement Club Park	CA	1
Wonder	OR	0
Wonder Mountain	OR	2
Wonder Mountain	WA	2
Wonder Mountain Wilderness	WA	1
Wonderland Amusement Park (historical)	CA	1
Wonderland Mobile Home Park	CA	0
Wonderland Mobile Homes	WA	0
Wonderland Park	OR	1
Wonderland Trail	WA	1
Wonoga Peak	CA	2
Wood Butte	OR	2
Wood Creek Park	CA	1
Wood Island	CA	2
Wood Lake	CA	2
Wood Lake	OR	2
Wood Lake	WA	2
Wood Park	CA	1
Wood Ranch	CA	0
Wood River Marsh	OR	2
Wood School Park	CA	1
Wood Village	OR	0
Wood Vista	CA	0
Woodacre	CA	0
Woodale City Park	OR	1
Woodard Bay	WA	2
Woodard Bay Natural Resources Conservation Area	WA	1
Woodard City Park	OR	1
Woodbine Park	CA	1
Woodbine School Park	CA	1
Woodbridge	CA	0
Woodbridge Park	CA	1
Woodbridge Regional Park	CA	1
Woodbrook Mobile Home Park	WA	0
Woodburn	OR	0
Woodburn Downtown Plaza	OR	1
Woodburn Hill	WA	2
Woodbury Park	CA	1
Woodby Mountain	OR	2
Woodcamp Campground	CA	1
Woodcamp Creek Interpretive Trail	CA	1
Woodchuck Campground	CA	1
Woodchuck Lake	CA	2
Woodcock Mountain	OR	2
Woodcrest	CA	0
Woodcrest Estates Mobile Home Park	WA	0
Woodcrest Park	CA	1
Woodcroft Park	WA	1
Wooded Hill	CA	2
Wooded Hill Group Camp	CA	1
Wooded Hill Nature Trail	CA	1
Wooded Island	WA	2
Wooded Knoll	CA	2
Wooded Peak	WA	2
Wooded Ravine Park	OR	1
Woodfield Park	CA	1
Woodford	CA	0
Woodfords	CA	0
Woodgate Park	CA	1
Woodglen Vista Park	CA	1
Woodgrove Park	CA	1
Woodhaven Camp	CA	1
Woodhaven City Park	OR	1
Woodhaven Park	CA	1
Woodhill Park	CA	1
Woodinville	WA	0
Woodlake	CA	0
Woodlake City Park	CA	1
Woodlake Junction	CA	0
Woodlake Park	CA	1
Woodlake-Three Rivers	CA	0
Woodland	CA	0
Woodland	WA	0
Woodland Acres	CA	0
Woodland Community Swimming Pool	CA	1
Woodland Estates Mobile Home Park	WA	0
Woodland Hills Park	CA	1
Woodland Hills Recreation Center	CA	1
Woodland Meadows City Park	OR	1
Woodland Opera House State Historic Park	CA	1
Woodland Park	CA	1
Woodland Park	WA	0
Woodland Pond Park	OR	1
Woodland Trail	CA	1
Woodlands	CA	0
Woodlawn	WA	0
Woodlawn City Park	OR	1
Woodleaf	CA	0
Woodley Avenue Park	CA	1
Woodley Island	CA	2
Woodman	CA	0
Woodman Hill	CA	2
Woodman Peak	CA	2
Woodmans	WA	0
Woodmans Butte	CA	2
Woodmansee City Park	OR	1
Woodmont Beach	WA	0
Woodmont City Park	OR	1
Woodpecker Hill	OR	2
Woodpecker Lake	OR	2
Woodpecker Trail	OR	1
Woodpine Park	CA	1
Woodrat Mountain	OR	2
Woodridge	WA	0
Woodridge Park	WA	1
Woodriver Park I & II	OR	1
Woodroad Waterhole	OR	2
Woodrow Park	CA	1
Woodruff	WA	0
Woodruff Mill	WA	0
Woodruff Mountain	OR	2
Woods	OR	0
Woods Avenue Park	CA	1
Woods Camp	CA	1
Woods Camp	OR	1
Woods County Park	OR	1
Woods Cove	CA	2
Woods Creek	WA	0
Woods Creek Rotary Park	CA	1
Woods Crossing	CA	0
Woods Lagoon	CA	2
Woods Lake	CA	2
Woods Lake	OR	2
Woods Lake	WA	2
Woods Lake Campground	CA	1
Woods Lakes	CA	2
Woods Memorial Natural Area	OR	1
Woods Memorial Park	CA	1
Woods Park	CA	1
Woods Point	OR	2
Woods Pond	OR	2
Woodside	CA	0
Woodside Campground	CA	1
Woodside Glens	CA	0
Woodside Highlands	CA	0
Woodside Linear Park	CA	1
Woodside Park	CA	1
Woodson	OR	0
Woodson Bridge Natural Preserve	CA	1
Woodson Bridge State Recreation Area	CA	1
Woodson Mountain	CA	2
Woodson Park	CA	1
Woodstock City Park	OR	1
Woodstock Park	CA	1
Woodthrush Park	CA	1
Woodville	CA	0
Woodward	CA	0
Woodward Hill	WA	2
Woodward Island	CA	2
Woodward Park	CA	1
Woodward Peak	CA	2
Woodward Valley Trail	CA	1
Woodway	WA	0
Woodworth	CA	0
Woody	CA	0
Woody Island	OR	2
Woody Island	WA	2
Woody Mountain	WA	2
Wool Lake	OR	2
Wool Mountain	CA	2
Wooldridge Butte	OR	2
Wooley Camp	CA	1
Wooley Lake	CA	2
Woolford Mountain	WA	2
Woolsey	CA	0
Woolsey Flat	CA	0
Wooten Game Reserve	WA	1
Wootten Park	CA	1
Worcester Park	CA	1
Worden	OR	0
Work Memorial Park	CA	1
Workman	CA	0
Workman Hill	CA	2
World War II Valor in the Pacific National Monument	CA	1
Worlow Meadow	OR	2
Wormald State Park	WA	1
Worsham Butte	OR	2
Worswick	CA	0
Worth	CA	0
Worth Lake	WA	2
Worthy Park	CA	1
Wortman Park	OR	1
Wotans Throne	CA	2
Wounded Knee Mountain	CA	2
Wowpu-tushwa	WA	2
Wrangle Butte	OR	2
Wreck Beach	CA	1
Wreck of Northerner Historical Mark	CA	1
Wreckage Park Zoo	WA	1
Wren	OR	0
Wren Peak	CA	2
Wright Butte	OR	2
Wright Lake	WA	2
Wright Lakes	CA	2
Wright Marsh	WA	2
Wright Mountain	CA	2
Wright Mountain	WA	2
Wright Park	WA	1
Wright Peak	CA	2
Wright Place	CA	0
Wrights Beach	CA	1
Wrights Hill	WA	2
Wrights Lake	CA	2
Wrights Lake Campgorund	CA	1
Wrights Mountain	WA	2
Wrights Ridge Trail	CA	1
Wrights Valley Trail	CA	1
Wrightwood	CA	0
Wrinkle Cove Day Use Area	CA	1
Wuksi Butte	OR	2
Wunderlich County Park	CA	1
Wunpost	CA	0
Wutchumna Hill	CA	2
Wyandotte	CA	0
Wye Lake	WA	2
Wyeth	CA	0
Wyeth State Park	OR	1
Wyeth Trail	OR	1
Wyffle Park	OR	1
Wygant State Natural Area	OR	1
Wygant Trail	OR	1
Wyldewood	CA	0
Wyleys Knob	CA	2
Wymer	WA	0
Wynaco	WA	0
Wynhoff Cove	WA	2
Wynola	CA	0
Wynoochee Falls Campground	WA	1
Wynoochee Mitigation Wildlife Area	WA	1
Wyntoon	CA	0
Wyo	CA	0
Wünüpü Peak	CA	2
Xanyō Xamshré	CA	2
Y Lake	WA	2
Y M C A Camp	CA	1
Y Reservoir	OR	2
YMCA Park	OR	1
Ya Whee Plateau Rim	OR	2
Yachats	OR	0
Yachats Mountain	OR	2
Yachats Ocean Road State Natural Site	OR	1
Yachats State Recreation Area	OR	1
Yacht Club Bay	CA	2
Yacht Haven	WA	0
Yacolt	WA	0
Yacolt Mountain	WA	2
Yaeger Mesa	CA	2
Yager Camp	CA	1
Yager Junction	CA	0
Yahi Trail	CA	1
Yahoo Lake	WA	2
Yahoo Lake Campground	WA	1
Yainax Butte	OR	2
Yakima	WA	0
Yakima Peak	WA	2
Yakima River State Wildlife Area	WA	1
Yakima Sportsmen State Park	WA	1
Yaldora	CA	0
Yale	WA	0
Yale Dam	WA	0
Yale Park	WA	0
Yamhill	OR	0
Yamhill Neighborhood Park	OR	1
Yamsay Mountain	OR	2
Yang Yang Lakes	WA	2
Yankee Hill	CA	0
Yankee Jims	CA	0
Yankee Mountain	OR	2
Yankee Point	CA	2
Yankee Point Rock	CA	2
Yankton	OR	0
Yantis Park	OR	1
Yapoah Lake	OR	2
Yaqui Pass Dry Camp	CA	1
Yaqui Well Nature Trail	CA	1
Yaquina	OR	0
Yaquina Bay	OR	2
Yaquina Bay Estuary	OR	2
Yaquina Bay State Recreation Site	OR	1
Yaquina Head	OR	2
Yaquina John Point	OR	2
Yarborough Park	CA	1
Yarrow Bay	WA	2
Yarrow Point	WA	0
Yarrow Ravine Rattlesnake Habitat Area	CA	1
Ycatapom Peak	CA	2
Yeackel Camp	WA	1
Yeager Rock	WA	2
Yee Tock Chee Park	CA	1
Yeguas Mountain	CA	2
Yellepit	WA	0
Yellepit Pond	WA	2
Yellow Aster Butte	WA	2
Yellow Banks	WA	1
Yellow Bluff	CA	2
Yellow Bluff	WA	2
Yellow Butte	CA	2
Yellow Butte	OR	2
Yellow Creek Mountain	OR	2
Yellow Creek Trail (historical)	CA	1
Yellow Dog Peak	CA	2
Yellow Hill	CA	2
Yellow Hill	WA	2
Yellow Island	WA	2
Yellow Jacket Butte	CA	2
Yellow Jacket Camp	CA	1
Yellow Jacket Campground	CA	1
Yellow Jacket Point	OR	2
Yellow Lake	OR	2
Yellow Lake	WA	2
Yellow Mountain	CA	2
Yellow Pine Mobile Home Park	WA	0
Yellow Point	OR	2
Yellow Rock	CA	2
Yellow Rock	OR	2
Yellowbottom Recreation Site	OR	1
Yellowhammer Lake	CA	2
Yellowjacket	CA	0
Yellowjacket Butte	CA	2
Yellowjacket Camp	CA	1
Yellowjacket Mountain	CA	2
Yellowjacket Mountain	OR	2
Yellowjacket Place	CA	0
Yellowjacket Trail	CA	1
Yellowjacket Trail	OR	1
Yellowstone Cliffs	WA	2
Yellowstone Mountain	OR	2
Yellowstone Park	CA	1
Yellowstone Waterhole	OR	2
Yelm	WA	0
Yeomalt	WA	0
Yeomalt Point	WA	2
Yeon Mountain	OR	2
Yep Kanum Park	WA	1
Yerba Buena Beach	CA	1
Yerba Buena Cove (historical)	CA	2
Yerba Buena Island	CA	2
Yerba Buena Park (historical)	CA	1
Yerba Buena Trail	CA	1
Yermo	CA	0
Yethonat	WA	0
Yettem	CA	0
Yew Camp	OR	1
Yew Tree Campground	WA	1
Ygnacio Valley Park	CA	1
Yoakam Hill	OR	2
Yoakam Point	OR	2
Yoakam Point State Park	OR	1
Yocum Lake	WA	2
Yoder	OR	0
Yokeko Point	WA	0
Yokohl	CA	0
Yokum Corrals Camp	OR	1
Yokuts Valley	CA	0
Yolanda Trail	CA	1
Yolano	CA	0
Yolla Bolly-Middle Eel Wilderness	CA	1
Yolo	CA	0
Yolo County Boys Camp	CA	1
Yolo County Fairgrounds	CA	1
Yolo County Park	CA	1
Yoman	WA	0
Yoman Point	WA	2
Yoncalla	OR	0
Yonna	OR	0
Yontocket	CA	0
Yoran Lake	OR	2
Yoran Lake Trail	OR	1
Yorba Hacienda Historical Marker	CA	1
Yorba Linda	CA	0
Yorba Park	CA	1
Yorba Regional Park	CA	1
York	WA	0
York Butte	OR	2
York Field	CA	1
York Mountain	CA	2
Yorkville	CA	0
Yosemite Creek Campground	CA	1
Yosemite Falls Trail	CA	1
Yosemite Forks	CA	0
Yosemite Junction	CA	0
Yosemite Lake	CA	2
Yosemite Lakes	CA	0
Yosemite Lakes Park	CA	0
Yosemite Lakes Park Campground	CA	1
Yosemite Mountain Sugar Pine Historical Railroad	CA	1
Yosemite National Park	CA	1
Yosemite Point	CA	2
Yosemite Recreation Center	CA	1
Yosemite South Camp	CA	1
Yosemite Valley	CA	0
Yosemite Village	CA	0
Yosemite Village Park	CA	1
Yosemite West	CA	0
Yosemite Wilderness	CA	1
Yost Lake	CA	2
Yost Park	CA	1
Yost Park	WA	1
You Bet	CA	0
Young	OR	0
Young America Lake	CA	2
Young Cove	WA	2
Young Hill	OR	2
Young Hill	WA	2
Young Island	WA	2
Young Lake	OR	2
Young Pond	CA	2
Youngblood-Coleman Playground	CA	1
Younger Lagoon	CA	2
Youngs Bay	OR	2
Youngs Butte	OR	2
Youngs Hill	CA	2
Youngs Lake	CA	2
Youngs Mobile Home Park	WA	0
Youngs Peak	CA	2
Youngs Rock	OR	2
Youngstown	CA	0
Younker Point	OR	2
Yountville	CA	0
Youth Adventure Park	OR	1
Youth Community Park	CA	1
Youth Conservation Camp	CA	1
Youtlkut Butte	OR	2
Yreka	CA	0
Yreka Butte	OR	2
Yreka Park	CA	1
Yreka Rim	OR	2
Yuba City	CA	0
Yuba City Southwest	CA	0
Yuba Foothills	CA	0
Yuba Pass	CA	0
Yuba Square	CA	1
Yuba-Sutter Camp	CA	1
Yuba-Sutter Fairgrounds	CA	1
Yubas Pass Campground	CA	1
Yucaipa	CA	0
Yucaipa Regional Park	CA	1
Yucaipa Ridge Truck Trail	CA	1
Yucca Grove	CA	0
Yucca Inn	CA	0
Yucca Mesa	CA	2
Yucca Mountain	CA	2
Yucca Valley	CA	0
Yuki Wilderness	CA	1
Yukon Harbor	WA	2
Yurok	CA	1
Z Lake	CA	2
Z N Reservoir Number 5	OR	2
ZX Ranch Grain Camp	OR	1
Zabriskie Point	CA	2
Zaca Lake	CA	2
Zaca Peak	CA	2
Zalud Park	CA	1
Zamora	CA	0
Zamora Park	CA	1
Zangar Junction	WA	0
Zangle Cove	WA	2
Zanja Peak	CA	2
Zante	CA	0
Zapata Park	CA	1
Zapopan Park	CA	1
Zayante	CA	0
Zeb Lake	OR	2
Zediker	CA	0
Zehnder Park	CA	1
Zeigler Point	CA	2
Zelasko Park	WA	1
Zelatched Point	WA	2
Zella Davis Park	CA	1
Zella Schultz State Wildlife Area	WA	1
Zena	OR	0
Zenia	CA	0
Zenia Bluffs	CA	2
Zenith	WA	0
Zentner	CA	0
Zero Butte	OR	2
Zero Waterhole	OR	2
Zi-iob Peak (not official)	WA	2
Ziba Dimmick State Park (historical)	OR	1
Zig Zag Lake	WA	2
Zig Zag Trail	CA	1
Zig Zag Trail	WA	1
Zigzag	OR	0
Zigzag Mountain	OR	2
Zigzag River Campground (historical)	OR	1
Zigzag Rustic Campsite	CA	1
Zigzag Trail	CA	1
Zigzag Trail	OR	1
Zigzag Trail Three	CA	1
Zigzag Trail Two	CA	1
Zillah	WA	0
Zillah Peak	WA	2
Zimmerman Butte	OR	2
Zimmerman House Historic Park	OR	1
Zims Point	OR	2
Zinc Hill	CA	2
Zinfandel	CA	0
Zingheim Heights	CA	2
Ziolkouski Beach Park	OR	1
Zion Hill	CA	2
Zipphel Island	WA	2
Zircon Lake	OR	2
Zmudowski State Beach	CA	1
Zoeter Field	CA	1
Zorn Pond	OR	2
Zosel Hill	OR	2
Zowie Lake	OR	2
Zuckerman Island	OR	2
Zuma Beach	CA	1
Zuma Beach County Park	CA	1
Zumwalt	OR	0
Zumwalt	WA	0
Zumwalt County Park	OR	1
Zumwalt Meadow Trail	CA	1
Zuni Campground	CA	1
Zupo Field	CA	1
Zurich	CA	0
Zuver	CA	0
Zuñiga Point	CA	2
Zwagg Island	OR	2
Zwang Peak	CA	2
Zyistra Lake	WA	2
Zzyzx	CA	0
